url,title,description,thumbnail,tags,skills,what you'll need,instructions,variations,info checked,tested
https://www.instructables.com/Gliding-Car/,Gliding Car : 3 Steps (with Pictures) - Instructables,"Gliding Car: This car is designed to be pushed off of a tabletop, glide gently to the ground, and continue rolling!
You can find the lesson plan, 1-page project sheet, and more project ideas at STEM-Inventions.com
",https://content.instructables.com/F01/C8BG/JXYYLO8A/F01C8BGJXYYLO8A.jpg?auto=webp&frame=1,,,,"Gliding Car Instructions:
Step 1: Materials. You need a hot glue gun, craft sticks, milkshake straws, skewers, cardstock, wheels, masking tape.
Step 2: Build the frame. Use craft sticks and straws.
Step 3: Add wheels using skewers as axles.
Step 4: Create wings from cardstock and attach.
Step 5: Launch! Push off a table.",,,
https://www.instructables.com/5-Awesome-Egg-Experiments-1/,5 Awesome Egg Experiments : 5 Steps (with Pictures) - Instructables,"5 Awesome Egg Experiments: Today, I'm going to show you some experiments using the infamous egg!

",https://content.instructables.com/F08/F04Z/J5IG1K9R/F08F04ZJ5IG1K9R.jpg?auto=webp&frame=1,,,,"5 Awesome Egg Experiments:
1. Silver Egg: Burn an egg with a lighter to create soot, then put in water. It looks silver.
2. Rubbery Egg: Soak an egg in vinegar for 1-3 days until shell dissolves. It becomes rubbery.
3. Changing Shapes: Put an egg in a cylinder glass with water to see it change shape.
4. Making an Egg Stand: Use a little salt on the table to balance the egg.
5. Bodybuilding Egg: Test egg strength by placing it between tape rolls and adding weights.",,,
https://www.instructables.com/Oobleck/,Oobleck: the Dr. Seuss Science Experiment : 5 Steps (with Pictures) - Instructables,"Oobleck: the Dr. Seuss Science Experiment: Oobleck is a classic science experiment that's perfect for entertaining both kids and adults. If you haven't seen it in action it's very fascinating stuff and before too long you'll have your hands covered with it, happily making a mess that can be …",https://content.instructables.com/F0A/0ICW/JAIJIVUW/F0A0ICWJAIJIVUW.jpg?auto=webp&frame=1,,,,"Oobleck Instructions:
Step 1: Mix 1 cup water and 1.5-2 cups cornstarch in a bowl.
Step 2: Stir. It should be hard when punched but liquid when poured.
Step 3: Add food coloring (optional).
Step 4: Play! Squeeze it, let it ooze, or punch it.",,,
https://www.instructables.com/MINI-MUFFIN-CRAYONS-A-New-Life-for-Broken-Crayo/,MINI-MUFFIN CRAYONS... a New Life for Broken Crayons! : 4 Steps (with Pictures) - Instructables,MINI-MUFFIN CRAYONS... a New Life for Broken Crayons!: ''''Broken crayons?!?  Don't throw them away...MAKE OLD CRAYONS-NEW AGAIN! Up-cycle your broken crayons into MINI-MUFFIN SIZED CRAYONS.  You will love the tie-dyed look and your young artists will love the mini-disc size---just right for small hands…,https://content.instructables.com/F0B/L00Q/FW39L9YD/F0BL00QFW39L9YD.jpg?auto=webp&frame=1,,,,"Mini-Muffin Crayons:
Step 1: Preheat oven to 275°F (135°C).
Step 2: Peel paper off broken crayons.
Step 3: Arrange crayon pieces in a mini-muffin tin. Mix colors if desired.
Step 4: Bake for 10-13 minutes until melted.
Step 5: Cool completely (can use fridge), then pop out.",,,
https://www.instructables.com/Make-a-Document-Camera-Out-of-an-Old-Box-and-a-Mir/,Make a Document Camera Out of an Old Box and a Mirror. : 7 Steps (with Pictures) - Instructables,"Make a Document Camera Out of an Old Box and a Mirror.: This project recycles an old box to make a document camera.  Distance learning is not great, but this document camera can help a teacher see what a student is writing on.  This document camera can also be used by a teacher as a document camera too. …",https://content.instructables.com/F13/G0HD/KF5EAB29/F13G0HDKF5EAB29.jpg?auto=webp&frame=1,,,,"Document Camera from Box & Mirror:
Step 1: Cut two 3-inch squares from an old box.
Step 2: Measure laptop lid thickness and cut a slot in the squares to fit.
Step 3: Place squares on laptop. Place a small mirror (e.g. 60x70mm) over the camera.
Step 4: Adjust angle to see the keyboard area. Mark the angle.
Step 5: Cut a groove for the mirror in the cardboard and glue it in place.
Step 6: Use software to flip the image if needed.",,,
https://www.instructables.com/STEAM-3D-Bubble-Wand/,STEAM 3D Bubble Wand : 4 Steps (with Pictures) - Instructables,"STEAM 3D Bubble Wand: Everybody loves bubbles, regardless of age. But why all the bubble wands needs to be flat and bubble always spherical. In today’s project, we will break these stereotypes and build some 3-dimensional bubble wands and learn structural engineering. We…",https://content.instructables.com/F1A/36C3/KFWJOAMW/F1A36C3KFWJOAMW.jpg?auto=webp&frame=1&width=2100,,,"Pipe cleaners, beads (e.g., pony beads), bubble solution, dish/bowl","Decide on a shape (cube, pyramid, star, etc.) for your wand.

Bend pipe cleaners to form the 3D frame of your shape. Twist ends together to secure.

Create a handle by twisting two pipe cleaners together and attaching them to your shape.

Thread beads onto the handle for decoration and grip (secure the bottom with a twist).

Dip the entire 3D shape into bubble solution and wave it to create bubbles.",,,
https://www.instructables.com/Easy-3-D-Silk-Screen-Painting-Technique-for-All-Ag/,Easy 3-D Silk-Screen Painting Technique for All Ages : 10 Steps (with Pictures) - Instructables,"Easy 3-D Silk-Screen Painting Technique for All Ages: When my son was in pre-school, I wanted to create artwork projects that would last the test of time and teach my son something in the process that was fun to make. At an art supply store, I found letters cut-out of wood, cardboard and cork. I used t…",https://content.instructables.com/F1B/N30B/JYOOKPRG/F1BN30BJYOOKPRG.jpg?auto=webp&frame=1&width=2100,,,"Screen (can use embroidery hoop with sheer fabric or old tights), Mod Podge or glue (to block areas), paint/ink, squeegee (or stiff card), paper/fabric to print on.","Create a design on your screen. You can use the ""drawing fluid/screen filler"" method or simply paint a negative image directly onto the screen with glue/Mod Podge (block out areas you don't want to print). Let it dry completely.

Place the screen flat on top of your paper or fabric.

Put a blob of paint at the top of the screen.

Use the squeegee to pull the paint firmly down across the screen at a 45-degree angle.

Lift the screen carefully to reveal the print.",,,
https://www.instructables.com/Wonder-Water-Bridge/,Wonder Water Bridge : 5 Steps (with Pictures) - Instructables,"Wonder Water Bridge: Water is life. In this instructable made with very minimal items, I've experimented with some colors and is based on the science of 'Osmosis'(Osmosis is the spontaneous net movement or diffusion of solvent molecules through a selectively permeable m…",https://content.instructables.com/F1I/E2TU/KRGCS5DM/F1IE2TUKRGCS5DM.jpg?auto=webp&frame=1,,,"7 clear plastic cups, water, food coloring (Red, Yellow, Blue), paper towels.","Line up the 7 cups.

Fill every other cup (1st, 3rd, 5th, 7th) with water. Leave the even-numbered cups empty.

Add food coloring to the water cups: Red in 1st & 7th, Yellow in 3rd, Blue in 5th.

Fold paper towel strips into long, thin rectangles.

Place paper towels to bridge adjacent cups (one end in a filled cup, the other in an empty one).

Watch as water travels up the towels and mixes in the empty cups to create new colors (orange, green, purple).",,,
https://www.instructables.com/Shadow-Stage/,Shadow Stage : 8 Steps (with Pictures) - Instructables,"Shadow Stage: A shadow screen or shadow stage can be used to tell stories, set up mysterious or beautiful scenes, pose shadow puzzles, and learn about how light works.  
Shadow Stage was developed as part of the Light and Shadow Workshop, using basic tools -- mir…",https://content.instructables.com/F1S/KGUD/KPGWR1H2/F1SKGUDKPGWR1H2.jpg?auto=webp&frame=1&width=2100,,,"Cardboard box, translucent paper (wax paper/baking parchment), tape, light source (lamp/flashlight), scissors, black cardstock/paper, skewers/sticks.","Cut a rectangular ""screen"" opening in the bottom or lid of a cardboard box.

Tape the translucent paper over the opening to create the screen.

Cut puppet shapes out of black cardstock and tape them to skewers.

Place a light source behind the box, shining through the screen towards the audience.

Hold puppets between the light and the screen to cast shadows.",,,
https://www.instructables.com/Nature-Display/,Nature Display : 4 Steps (with Pictures) - Instructables,"Nature Display: First, grab a bucket, box, or bag and take a nature walk. Take a look around and think about the animals, plants, and natural materials. Collect as many different types of natural objects as you can find but make sure you aren’t harming the natural …",https://content.instructables.com/F21/IHS9/KJLFL2KR/F21IHS9KJLFL2KR.jpg?auto=webp&frame=1,,,"Nature items (leaves, flowers, rocks), cardboard/paper, glue, shadow box or tray.","Go on a nature walk and collect interesting items (ensure they are dry).

Arrange them aesthetically on a backing board or inside a shadow box.

Secure items with glue or simply arrange them loose in a tray for a changing seasonal table.

Label items if desired for educational value.",,,
https://www.instructables.com/Toddler-Sensory-Water-Bags/,Toddler Sensory Water Bags : 6 Steps (with Pictures) - Instructables,Toddler Sensory Water Bags: This is a super simple way to create a temporary sensory activity for toddlers. I find this is best used during the months when a child is starting to pull themselves up to stand until they start to walk. Past that (my daughter is currently 15 month…,https://content.instructables.com/F22/WJS1/K9UD1O8W/F22WJS1K9UD1O8W.jpg?auto=webp&frame=1,,,"Ziploc freezer bags (heavy duty), clear hair gel or water, food coloring, small trinkets (beads, glitter, foam shapes), heavy tape (duct tape).","Fill a freezer bag with hair gel (for squishy texture) or water.

Add food coloring and small trinkets/glitter.

Push out as much air as possible before sealing.

Tape all four edges of the bag securely to a table or floor (or just tape the seal shut) to prevent leaks.

Let toddlers squish and move the objects around.",,,
https://www.instructables.com/Montessori-Movable-Alphabet-WITHOUT-a-Printer-Lami/,Montessori Movable Alphabet WITHOUT a Printer & Laminator : 9 Steps (with Pictures) - Instructables,"Montessori Movable Alphabet WITHOUT a Printer & Laminator: If you have a child or a student who needs to learn letters, movable alphabet is perfect for hands on learning - children literally take learning in their own hands! Movable alphabet is one of the most popular language materials in Montessori educat…",https://content.instructables.com/F2F/U51J/KBW89CBQ/F2FU51JKBW89CBQ.png?auto=webp&frame=1,,,"Cardstock (Red and Blue), scissors, marker.","Cut cardstock into small squares/rectangles.

Write consonants on the Red cards and vowels on the Blue cards (or vice versa, just be consistent).

Make multiple copies of common letters (e.g., 4-5 of each vowel, 2-3 of consonants).

Store in a divided box/tray.

Use for spelling practice and phonics games.",,,
https://www.instructables.com/Hand-Paper-Puppet/,Hand Paper Puppet : 5 Steps (with Pictures) - Instructables,"Hand Paper Puppet: Fast forward to 3:27 in the video for the instructions
Puppetry is a form of theatre which shares the process of animating inanimate objects to tell a story. The art form was first recorded in the 5th century BC in Ancient Greece and is still popula…",https://content.instructables.com/F2I/58MM/KJLFL76G/F2I58MMKJLFL76G.jpg?auto=webp&frame=1,,,"Square piece of paper, markers/crayons.","Fold paper in half diagonally to make a triangle, then unfold.

Fold corners to the center.

Fold the paper to create a ""mouth"" mechanism (similar to a fortune teller/cootie catcher).

Put fingers into the flaps to open and close the mouth.

Draw eyes, tongue, and other features on the puppet face.",,,
https://www.instructables.com/Science-Experiment-for-Kids-Light-Box-Magic/,Science Experiment for Kids: Light Box Magic : 8 Steps (with Pictures) - Instructables,"Science Experiment for Kids: Light Box Magic: 

Create a fun light show with your children and teach them about the attributes of light at the same time.

Learning Objective: Introduce kids to the scientific method and light refraction.

Age: Preschool - Elementary

by True Aim

",https://content.instructables.com/F2S/4KQF/H7W4SMA1/F2S4KQFH7W4SMA1.jpg?auto=webp&frame=1,,,"Cardboard box, water bottles (clear), water, flashlight/sunlight, scissors.","Cut holes in the top of a cardboard box that fit the water bottles snugly.

Fill clear bottles with water (add food coloring if desired).

Push bottles into the holes so they hang into the box but are held by the rim.

Cut a viewing hole in the side of the box.

Shine light through the bottles (or place in sunlight) and look through the viewing hole to see how the water refracts the light, lighting up the interior.",,,
https://www.instructables.com/Homemade-Parachute-1/,Homemade Parachute : 12 Steps (with Pictures) - Instructables,"Homemade Parachute: The parachute glides slowly down thanks to something known as air resistance (or drag). When air gets under it, the plastic parachute fans out for maximum coverage; this air resistance slows the fall of the object tremendously. The ""umbrella"" part o…",https://content.instructables.com/F2S/X0QX/KAFCYZGI/F2SX0QXKAFCYZGI.jpg?auto=webp&frame=1,"STEM, Physics, Outdoor","Problem solving, Measurement","Plastic grocery bag, string, scissors, small toy figure, tape",1. Cut a large square or circle out of the plastic bag. 2. Cut 4-8 pieces of string of equal length. 3. Poke small holes around the edges of the plastic and tie one string to each hole. 4. Tie the loose ends of all strings together to the toy figure. 5. Throw it high in the air and watch it glide down.,,,
https://www.instructables.com/Mirrors-Paper-Cutting-and-Symmetry/,"Mirrors, Paper Cutting, and Symmetry : 8 Steps (with Pictures) - Instructables","Mirrors, Paper Cutting, and Symmetry: Experimenting with hinged mirrors is a way to explore captivating kaleidoscopic patterns and their underlying mathematical symmetry. Combining hinged mirrors with paper cutting can capture these patterns, and link to art forms such as quilting, Pape…",https://content.instructables.com/F37/ENEQ/KPGWR1PZ/F37ENEQKPGWR1PZ.jpg?auto=webp&frame=1&width=2100,"Math, Art, Geometry","Observation, Pattern recognition","Small mirrors, paper, scissors, markers",1. Fold a piece of paper in half and cut out shapes along the fold. 2. Unfold to see the symmetrical shape. 3. Place a mirror along various axes of the cutouts to see how the reflection completes or changes the pattern. 4. Use two mirrors at an angle to create a kaleidoscope effect with your drawings.,,,
https://www.instructables.com/Mothers-Day-Watercolor-Painting/,Mother's Day Watercolor Painting : 9 Steps (with Pictures) - Instructables,Mother's Day Watercolor Painting: During the first week of May each year all my classes do  watercolor painting for Mother's Day. Sadly no one is in school this spring so I am teaching my Mother's Day Watercolor from my home to theirs.,https://content.instructables.com/F3M/E9T5/K9N91U5L/F3ME9T5K9N91U5L.jpg?auto=webp&frame=1,"Art, Holiday","Fine motor, Creativity","Watercolor paper, watercolor paints, brushes, masking tape, water","1. Tape the edges of the paper to a table to create a clean border. 2. Paint a background using wet-on-wet technique (wet the paper first, then drop in color). 3. Once dry, paint flowers or a ""Happy Mother's Day"" message. 4. Carefully peel off the tape to reveal the crisp white frame.",,,
https://www.instructables.com/Lesson-2-Hand-Drawn-Peacock/,Lesson 2: Hand Drawn Peacock : 5 Steps (with Pictures) - Instructables,"Lesson 2: Hand Drawn Peacock: Hello there, hope you're well. 
In today's lesson I we'll be aiming to teach you how to draw a peacock with your hand.
This lesson is very easy and you only need 3 tools to make similar to the hand drawn dog, but more detail will be required.
The fi…",https://content.instructables.com/F3N/KE4I/KOMWII75/F3NKE4IKOMWII75.jpg?auto=webp&frame=1&width=2100,"Art, Animals","Drawing, Color theory","Paper, pencils, markers or colored pencils","1. Trace your hand on the paper with fingers spread wide. 2. The thumb is the peacock's head and neck; the fingers are the tail feathers. 3. Draw a beak and eyes on the thumb. 4. Draw ""eyes"" on each finger feather using circles of different colors. 5. Color the body blue and the feathers green and gold.",,,
https://www.instructables.com/Liquid-Watercolors-From-Dry-Markers/,Liquid Watercolors From Dry Markers : 4 Steps (with Pictures) - Instructables,"Liquid Watercolors From Dry Markers: As an elementary art teacher, I have a huge pile up of markers that my little ones have left the caps off of and let dry out. We lovingly call these icky markers. I hate to just throw them away, so one of the things I do with them is make liquid wat…",https://content.instructables.com/F3P/I735/IBRRVVAO/F3PI735IBRRVVAO.jpg?auto=webp&frame=1,"Art, Recycling","Sustainability, Mixing colors","Old/dried-out markers, small glass jars, water, tweezers",1. Sort old markers by color. 2. Pull the color core out of the markers using tweezers or pliers. 3. Place the cores into jars filled with a small amount of water (use very little water for vibrant colors). 4. Let soak overnight. 5. Remove the cores and use the colored water as liquid watercolors.,,,
https://www.instructables.com/Anatomy-Animals/,Anatomy Animals : 6 Steps (with Pictures) - Instructables,"Anatomy Animals: To make one of these creatures you will need:
     
Craft Felt 
 Scissors     
 Hot Glue     
 Velcro     
 Iron 
Sewing Machine +Thread      
Freezer Paper      
Printer Paper      
Printer: to print the sewing pattern",https://content.instructables.com/F3V/S2IZ/IAG0ARUB/F3VS2IZIAG0ARUB.jpg?auto=webp&frame=1,"Science, Biology","Observation, Anatomy knowledge","Paper, markers, transparent overlays (optional)","1. Draw a picture of an animal (e.g., a dog or cat). 2. On a second sheet or a transparent sheet, draw the skeleton or internal organs of that same animal. 3. Align them to see how the ""insides"" fit within the ""outsides."" 4. Label the major bones or organs.",,,
https://www.instructables.com/Gyro-Flyer/,Gyro Flyer : 8 Steps (with Pictures) - Instructables,"Gyro Flyer: Make a cylindrical paper airplane!

This is one of the 48 projects for our Instructables: Made In Your Mind (IMIYM) exhibition at the Children’s Museum of Houston showing from May 26, 2012 - November 4, 2012. Produced in partnership with Instructabl…",https://content.instructables.com/F40/D7DZ/H2MYEJFU/F40D7DZH2MYEJFU.jpg?auto=webp&frame=1,"STEM, Aeronautics","Engineering, Physics","Cardstock or heavy paper, straws, tape, scissors","1. Cut two strips of cardstock: one 5 inches long, one 10 inches long. 2. Tape each strip into a circle/hoop. 3. Tape the small hoop to one end of a straw and the large hoop to the other end. 4. Ensure the hoops are lined up. 5. Throw it like a paper airplane with the small hoop forward.",,,
https://www.instructables.com/Simple-Accordion-Fold-Book/,Simple Accordion Fold Book : 6 Steps (with Pictures) - Instructables,Simple Accordion Fold Book: This hopefully will be a summer camp project! We had a lot of damaged books to breathe new life into and accordion books seemed a great way to do that. The problem was that a lot of the instructions were a little too complicated to do with a large g…,https://content.instructables.com/F4C/WGZ2/KREXBE2G/F4CWGZ2KREXBE2G.jpg?auto=webp&frame=1,"Art, Literacy","Fine motor, Bookmaking","Long strip of paper, two pieces of cardboard, glue, markers",1. Fold the long strip of paper back and forth like a fan (accordion style). 2. Cut two cardboard squares slightly larger than the folded paper. 3. Glue the first page to one cardboard square and the last page to the other. 4. Decorate the covers and write your story or draw pictures on the inside panels.,,,
https://www.instructables.com/Chop-Top/,Chop Top : 9 Steps (with Pictures) - Instructables,"Chop Top: Make a top that creates colors from black!

This is one of the 48 projects for our Instructables: Made In Your Mind (IMIYM) exhibition at the Children’s Museum of Houston showing from May 26, 2012 - November 4, 2012. Produced in partnership with Ins…",https://content.instructables.com/F4C/Z1AW/H2TJ4JKX/F4CZ1AWH2TJ4JKX.jpg?auto=webp&frame=1,"STEM, Toys","Physics, Geometry","Paper, scissors, pencil/dowel","1. Cut a circle out of cardstock. 2. Poke a hole in the exact center using a pencil or dowel. 3. Cut small slits around the edges and fold them slightly to create ""vanes"" that catch the air. 4. Spin the pencil between your palms or flick the paper to watch it balance as it spins.",,,
https://www.instructables.com/Under-the-Sea-Decoration-for-ClassroomPlayroom/,Under the Sea Decoration for Classroom/Playroom : 5 Steps (with Pictures) - Instructables,"Under the Sea Decoration for Classroom/Playroom: Super simple and my kids love it!
It doesn't have to be sharks, you can use any sea life.",https://content.instructables.com/F4K/OPBS/KFWJNV8Y/F4KOPBSKFWJNV8Y.jpg?auto=webp&frame=1,"Art, Classroom","Creativity, Decoration","Paper plates, streamers/crepe paper, googly eyes, glue, blue butcher paper","1. Paint paper plates to look like fish or jellyfish. 2. Attach long streamers to the bottom of the plates for jellyfish tentacles. 3. Cover a wall in blue paper. 4. Glue the creatures to the wall and add ""bubbles"" made of white paper circles or bubble wrap.",,,
https://www.instructables.com/Halloween-Projection-Lantern/,Halloween Projection Lantern : 4 Steps (with Pictures) - Instructables,Halloween Projection Lantern: This instructable will tech you how to create your very own halloween projection lantern. This lantern can project images on a surface using an internal light source.,https://content.instructables.com/F4V/H4CY/J98RDTW0/F4VH4CYJ98RDTW0.jpg?auto=webp&frame=1&width=2100,"Holiday, Light","Engineering, Design","Clear plastic cup, permanent markers, flashlight, dark room","1. Draw spooky shapes (ghosts, pumpkins, bats) on the bottom of a clear plastic cup using permanent markers. 2. Turn off the lights. 3. Place a flashlight inside the cup, pointing through the bottom towards a wall. 4. The image will project onto the wall. Move the cup closer or further to focus.",,,
https://www.instructables.com/Tunnel-Book-Three-Wishes-for-Cinderella-video-Incl/,Tunnel Book: Three Wishes for Cinderella (video Included) : 5 Steps (with Pictures) - Instructables,"Tunnel Book: Three Wishes for Cinderella (video Included): Have you heard of a “tunnel book”? I am absolutely enchanted and here’s one I made according to a scene from Three Wishes for Cinderella, the most internationally famous Czech fairy-tale.
Tunnel book is a 3D art book create from various layers that …",https://content.instructables.com/F5L/BYVK/M9FNNN3C/F5LBYVKM9FNNN3C.jpg?auto=webp&frame=1,"Art, Literacy","Storytelling, Depth perception","Cardstock, scissors, glue, ruler","1. Decide on a 3-layer scene (background, middle ground, foreground). 2. Cut windows in the front two layers. 3. Create ""accordion"" side supports to hold the layers about 1 inch apart. 4. Glue the layers to the supports. 5. Look through the front window to see the 3D story scene.",,,
https://www.instructables.com/Self-Watering-Terrarium/,Self-Watering Terrarium! : 7 Steps (with Pictures) - Instructables,"Self-Watering Terrarium!: Don't have 4.5 billion years to make a planet? Make your own tiny world on the quick and cheap! After you throw in the basics, cap it off with an ozone, and let life take over. This terrarium is a great quick project to introduce kiddos (and adults,…",https://content.instructables.com/F66/FNV8/IB8J02L7/F66FNV8IB8J02L7.jpg?auto=webp&frame=1,"Science, Nature","Biology, Ecosystems","Large glass jar with lid, small pebbles, activated charcoal (optional), potting soil, small plants (moss, ferns)","1. Layer pebbles at the bottom for drainage. 2. Add a thin layer of charcoal, then potting soil. 3. Plant your small greens. 4. Lightly mist with water (do not soak). 5. Close the lid. The water will evaporate and condense on the glass, raining back down on the plants.",,,
https://www.instructables.com/Light-Play-Set/,Light Play Set : 15 Steps (with Pictures) - Instructables,"Light Play Set: Light Play is an activity in the Tinkering Studio that lets you explore light, shadow, and motion using a variety of simple materials and light sources. Beginning with gently guided  explorations of shadows, single and multiple light sources,  three…",https://content.instructables.com/F6J/IJTG/HYPNWMC2/F6JIJTGHYPNWMC2.jpg?auto=webp&frame=1,"STEM, Sensory","Light physics, Exploration","Flashlights, colored cellophane, prisms, mirrors, translucent plastic toys","1. Set up a ""dark station"" in a room or large box. 2. Use flashlights to shine through colored cellophane to see how colors mix. 3. Use mirrors to bounce light around corners. 4. Observe how shadows change when objects move closer to or further from the light.",,,
https://www.instructables.com/2-Liter-Greenhouse/,2 Liter Greenhouse : 5 Steps (with Pictures) - Instructables,"2 Liter Greenhouse: A cheap and easy way to make a mini greenhouse for tropical or other plants, or perhaps a small isopod house! This project is great for adding a little low-maintenance color to your room or space. Depending on the plant used, you will likely have to…",https://content.instructables.com/F72/CASN/L7XCJOD5/F72CASNL7XCJOD5.jpg?auto=webp&frame=1&width=2100,"Science, Nature","Gardening, Recycling","2-liter soda bottle, scissors, soil, seeds, water","1. Cut a 2-liter bottle in half. 2. Fill the bottom half with soil and plant seeds. 3. Water the seeds. 4. Place the top half of the bottle over the bottom (keep the cap on). 5. Place in a sunny window; the ""greenhouse"" will keep the soil warm and moist for faster sprouting.",,,
https://www.instructables.com/Winter-STEAM-for-All-Ages/,Winter STEAM for All Ages : 6 Steps (with Pictures) - Instructables,"Winter STEAM for All Ages: Welcome back teachers and parents to all ages. Here I have compiled some STEAM projects that we have done with our after school (elementary) kiddos. The inspiration for these came from all over the place, books, blogs, friends and libraries, but the…",https://content.instructables.com/F7A/7NR5/KZCPISA0/F7A7NR5KZCPISA0.jpg?auto=webp&frame=1&width=2100,"STEM, Sensory","Chemistry, States of matter","Ice blocks, salt, liquid watercolors or food coloring, eye droppers","1. Freeze water in large containers to make ice blocks. 2. Sprinkle salt over the ice and watch it melt ""tunnels"" and ""craters."" 3. Drip colored water into the salt-melted areas to see the beautiful patterns and pathways. 4. Discuss how salt lowers the freezing point of water.",,,
https://www.instructables.com/Sidewalk-Chalk-Art/,Sidewalk Chalk Art : 10 Steps (with Pictures) - Instructables,Sidewalk Chalk Art: Introduction: This sidewalk chalk activity is a great way to get outside on a sunny afternoon. Last summer while in quarantine me and my family did this it took about two hours for 5 kids to do. This weekend I decided to do another one for instructa…,https://content.instructables.com/F7F/W7HI/KOIM6PTV/F7FW7HIKOIM6PTV.jpg?auto=webp&frame=1,"Art, Outdoor","Creativity, Fine motor","Sidewalk chalk, water, masking tape","1. Use masking tape to create a ""mosaic"" grid or geometric pattern on the driveway. 2. Color in the spaces with different shades of chalk. 3. For a ""painted"" look, dip the chalk in water before drawing. 4. Peel up the tape to reveal the sharp, clean lines between the colors.",,,
https://www.instructables.com/Bottle-Boogie-Flute/,Bottle Boogie Flute!  : 5 Steps (with Pictures) - Instructables,"Bottle Boogie Flute! : If you got some boogie bottled up, add this recycled rabble-rouser to your ruse! Whether you're in it for the physics of the phun, this is a great project with youth and adults alike to start getting an idea of resonance, vibration, and the way soun…",https://content.instructables.com/F7P/R4U0/I9YBIT0H/F7PR4U0I9YBIT0H.jpg?auto=webp&frame=1,"STEM, Music","Sound physics, Recycling","Plastic bottle (small), straw, tape",1. Cut a small notch near the top of a plastic bottle. 2. Tape a straw so it blows air directly across the notch. 3. Adjust the straw until you hear a clear whistle or flute-like tone. 4. Experiment with putting water in the bottle to change the pitch.,,,
https://www.instructables.com/Straw-Flute/,Straw Flute : 3 Steps (with Pictures) - Instructables,"Straw Flute: Huzzah! Welcome to your ticket to first chair at the fast food restaurant orchestra! With your new straw flute, you are sure to razzle, dazzle, or at least mildly annoy those around you. For the full effect, have 30 first graders make them and impre…",https://content.instructables.com/F7Y/TM0F/I395RQCF/F7YTM0FI395RQCF.png?auto=webp&frame=1&width=2100,"STEM, Music","Sound physics, Vibrations","Plastic drinking straw, scissors","1. Flatten one end of the straw (about 1 inch). 2. Cut the flattened end into a ""V"" shape or ""reed."" 3. Put the V-end in your mouth and blow hard until it vibrates/honks. 4. Carefully cut pieces off the end of the straw while blowing to hear the pitch get higher.",,,
https://www.instructables.com/Earth-Science-Jars/,Earth Science Jars : 5 Steps (with Pictures) - Instructables,"Earth Science Jars: This project is educational, fun and mess free! 
 If you happen to be a fiber artist this is a super fun way to use up all that random wool roving!",https://content.instructables.com/F83/W5O4/KE8J831J/F83W5O4KE8J831J.jpg?auto=webp&frame=1,"Science, Geology","Observation, Classification","Jars, soil, sand, rocks, water","1. Fill a jar with soil and rocks from your yard. 2. Add water until nearly full. 3. Shake the jar vigorously. 4. Set it down and watch. The heavy rocks sink first, then sand, then silt, then clay. 5. Once settled, you can see the different ""horizons"" or layers of earth.",,,
https://www.instructables.com/How-to-Make-Galaxy-Slime/,How to Make Galaxy Slime  : 7 Steps (with Pictures) - Instructables,"How to Make Galaxy Slime : Galaxy slime is a super easy update to a regular borax-free slime recipe: just add glitter! I love this slime recipe because it's so customizable and fool-proof. 
The key to this slime is using clear school glue as the base: it will make your galaxy…",https://content.instructables.com/F8I/KQ3E/J3YPQ1NT/F8IKQ3EJ3YPQ1NT.jpg?auto=webp&frame=1,"STEM, Sensory","Chemistry, Polymer science","School glue, water, baking soda, contact lens solution, glitter, blue/purple/pink food coloring",1. Mix 1/2 cup glue and 1/2 cup water. 2. Add glitter and food coloring (swirl colors together but don't fully mix). 3. Stir in 1/2 tsp baking soda. 4. Add 1 tbsp contact solution and stir until it forms a ball. 5. Knead with your hands until it's no longer sticky.,,,
https://www.instructables.com/Alphabet-Dice/,Alphabet Dice : 5 Steps (with Pictures) - Instructables,"Alphabet Dice: My daughter was playing with my husbands DnD dice and I thought it would be fun to make a set for her to play with! I thought she would have more interest in a set of dice with letters and pictures on them rather than normal dots, so this will show …",https://content.instructables.com/F8L/AX44/K9N91XV3/F8LAX44K9N91XV3.jpg?auto=webp&frame=1&width=2100,"Literacy, Games","Fine motor, Letter recognition","Wooden cubes or cardboard templates, markers",1. Take six small wooden cubes or fold cardstock into cubes. 2. Write one letter of the alphabet on each side. 3. Create enough dice to cover the whole alphabet. 4. Roll the dice and try to build words with the letters that land face-up.,,,
https://www.instructables.com/No-More-Tears-Watercolor-Crayon-Resist/,No More Tears Watercolor: Crayon Resist : 7 Steps (with Pictures) - Instructables,"No More Tears Watercolor: Crayon Resist: If you've ever given a young child a set of watercolors, you know that they aren't as simple to work with as the craft aisle may have you believe. Watercolors are on just about every elementary student's school supply list, but every time they paint…",https://content.instructables.com/F8X/UHBW/IDQBS9Y9/F8XUHBWIDQBS9Y9.jpg?auto=webp&frame=1,"Art, Science","Chemistry, Hydrophobicity","White crayons, watercolor paper, watercolor paint, brushes","1. Draw a ""hidden"" picture or message on white paper using a white crayon (it will be hard to see). 2. Paint over the entire paper with watercolors. 3. The wax from the crayon will ""resist"" the water-based paint, causing your drawing to pop out.",,,
https://www.instructables.com/The-Very-Hungry-Caterpillar-Craft-FREE-Template/,The Very Hungry Caterpillar Craft: FREE Template : 7 Steps (with Pictures) - Instructables,"The Very Hungry Caterpillar Craft: FREE Template: Unleash your creativity with this fantastic papercraft of The Very Hungry Caterpillar! Crafting it is a breeze. Just print out the sheet and then follow the instructions provided below.
In case you are fond of this craft, we have more FREE crafts fo…",https://content.instructables.com/F9C/0CP9/LG54OQWT/F9C0CP9LG54OQWT.jpg?auto=webp&frame=1&width=2100,"Art, Literacy","Fine motor, Storytelling","Green and red construction paper, glue, scissors, markers","1. Cut several strips of green paper and one strip of red paper. 2. Loop the red strip and glue the ends to make a circle (the head). 3. Loop a green strip through the red one and glue. 4. Continue looping green strips to make a long ""caterpillar"" body. 5. Add eyes and antennae to the red head.",,,
https://www.instructables.com/The-Very-Hungry-Caterpillar-Craft-FREE-Template/,The Very Hungry Caterpillar Craft: FREE Template : 7 Steps (with Pictures) - Instructables,"The Very Hungry Caterpillar Craft: FREE Template: Unleash your creativity with this fantastic papercraft of The Very Hungry Caterpillar! Crafting it is a breeze. Just print out the sheet and then follow the instructions provided below.
In case you are fond of this craft, we have more FREE crafts fo…",https://content.instructables.com/F9C/0CP9/LG54OQWT/F9C0CP9LG54OQWT.jpg?auto=webp&frame=1&width=2100,"Art, Literacy","Fine motor, Storytelling","Green and red construction paper, glue, scissors, markers","1. Cut several strips of green paper and one strip of red paper. 2. Loop the red strip and glue the ends to make a circle (the head). 3. Loop a green strip through the red one and glue. 4. Continue looping green strips to make a long ""caterpillar"" body. 5. Add eyes and antennae to the red head.",,,
https://www.instructables.com/DIY-Stained-Glass/,DIY Stained Glass! : 5 Steps (with Pictures) - Instructables,"DIY Stained Glass!: Today I'll be telling you how to make your own DIY stained glass for cheap! The total cost for me was under $20, but if you already have glue at home, it'll probably cost you less than $15. This is such a fun and easy project, you could do it by you…",https://content.instructables.com/FAE/1M10/KE48WZT3/FAE1M10KE48WZT3.jpg?auto=webp&frame=1&width=2100,"Art, Decoration","Light exploration, Creativity","Contact paper (clear sticky paper), colorful tissue paper, scissors","1. Cut a frame out of black construction paper. 2. Place the frame on a piece of contact paper (sticky side up). 3. Cut or tear tissue paper into small bits and stick them inside the frame. 4. Place another sheet of contact paper on top to seal it. 5. Tape it to a window to see the light shine through the ""stained glass.""",,,
https://www.instructables.com/TILT-Balancing-Game-Console/,TILT: Balancing Game Console : 6 Steps (with Pictures) - Instructables,TILT: Balancing Game Console: Welcome to this instructable on making a low-cost cardboard game console! We have provided 3 web-based games for you to play with your kids. This is a project developed to promote the concept of sharing among kids as the console requires 2 players t…,https://content.instructables.com/FAX/9B1N/KGZ4K54L/FAX9B1NKGZ4K54L.jpg?auto=webp&frame=1&width=2100,"STEM, Games","Engineering, Physics","Large flat cardboard box lid, marbles, straws or craft sticks, glue","1. Use the box lid as your game board. 2. Glue straws or sticks to the bottom to create a maze path. 3. Create a ""Start"" and a ""Goal"" (you can cut a hole for the marble to fall into). 4. Place a marble at the start. 5. Tilt the board with your hands to navigate the marble through the maze to the finish.",,,
https://www.instructables.com/Wobble-Head-Rattle-Writer/,Wobble Head Rattle Writer : 7 Steps (with Pictures) - Instructables,"Wobble Head Rattle Writer: This simple robot will have your students engineering this adorable rattling robot with its wobbly head!
Materials: electric toothbrush with one AA battery (available for $1 at most dollar stores), pool noodle, plastic knife, washable markers, rubbe…",https://content.instructables.com/FB8/MRRO/KF2JHJPB/FB8MRROKF2JHJPB.jpg?auto=webp&frame=1&width=2100,"STEM, Writing","Engineering, Vibrations","Pencil, clothespin, thin wire or spring, large beads, tape","1. Clip a clothespin to the top of a pencil. 2. Attach a piece of springy wire to the clothespin. 3. Put a heavy bead or ""head"" on the end of the wire. 4. As you write or move the pencil, the head will wobble and rattle. 5. Experiment with different weights to see how they affect the rattle.",,,
https://www.instructables.com/Paper-Construction-Tubes/,Paper Construction Sticks : 4 Steps (with Pictures) - Instructables,"Paper Construction Sticks: I've used a variety of retail kits to play with polygons and polyhedra. Things like K'Nex and Zometool sets have found a home in my classroom and the students love using them to build geometric models.
As a DIYer, I've also used an assortment of mat…",https://content.instructables.com/FBF/0XM0/KDSTDMPO/FBF0XM0KDSTDMPO.jpg?auto=webp&frame=1,"STEM, Engineering","Fine motor, Structural integrity","Newspaper, masking tape","1. Take a single sheet of newspaper and roll it diagonally as tightly as possible to create a long, stiff tube. 2. Tape the end to keep it from unrolling. 3. Repeat to make dozens of ""sticks."" 4. Use tape to join the sticks together to build giant towers, bridges, or forts.",,,
https://www.instructables.com/Paper-Marbling-With-Food-Dye-and-Shaving-Cream/,Paper Marbling With Food Dye and Shaving Cream : 5 Steps (with Pictures) - Instructables,Paper Marbling With Food Dye and Shaving Cream: A quick and easy way to marble paper!,https://content.instructables.com/FBW/7OS7/IIHRID0S/FBW7OS7IIHRID0S.png?auto=webp&frame=1,"Art, Science","Surface tension, Fluid dynamics","Shaving cream, food coloring, toothpicks, white paper, ruler","1. Fill a tray with a layer of shaving cream. 2. Drop different colors of food dye onto the cream. 3. Swirl the colors with a toothpick to create patterns. 4. Press a piece of paper flat onto the cream, then lift. 5. Scrape off the excess cream with a ruler to reveal the marbled design.",,,
https://www.instructables.com/How-to-Build-Lego-Pizza-Stop-Motion-Cooking-Prop/,How to Build Lego Pizza - Stop Motion Cooking Prop : 20 Steps (with Pictures) - Instructables,"How to Build Lego Pizza - Stop Motion Cooking Prop: Today we will be creating an Italian favorite dish of Pizza. Using a combination of bricks and plates, we will be adding pepperonis, olives, and pepper to create this classic dish that can be found around the world at pizza parlors.
How long will th…",https://content.instructables.com/FBX/Y7EP/KJ757NV4/FBXY7EPKJ757NV4.png?auto=webp&frame=1,"LEGO, Play, Stop Motion","Fine motor, Spatial awareness","LEGO bricks (yellow, red, white, brown)",1. Build a circular base with brown/tan bricks for the crust. 2. Cover the inside with red bricks for sauce. 3. Add yellow/white bricks for cheese. 4. Top with small round bricks for toppings.,,,
https://www.instructables.com/Full-Color-Play-Dough-Sensory-Play/,Full Color Play Dough Sensory Play : 4 Steps (with Pictures) - Instructables,"Full Color Play Dough Sensory Play: The current situation in which children and their families are in their home, staying at home to avoid spreading the Corona virus.
Playing and learning with children with materials that are easily available and environmentally friendly, as well as i…",https://content.instructables.com/FCB/24JH/KLP628V9/FCB24JHKLP628V9.jpg?auto=webp&frame=1,"Sensory, Play Dough, Early Childhood","Creativity, Fine motor","Homemade or store-bought play dough, rolling pins, cookie cutters",1. Set out a tray with different colored play dough. 2. Encourage children to mix colors or create landscapes. 3. Provide loose parts like beads or stones to press into the dough.,,,
https://www.instructables.com/Paper-Birthday-Cake/,Paper Birthday Cake : 6 Steps (with Pictures) - Instructables,"Paper Birthday Cake: Follow these simple instructions to make this charming papercraft Birthday Cake. This paper project was originally from my website www.robives.com 
Download the pdf file of parts at the link. Print out the three sheet onto thin card (230gsm / 67lb) …",https://content.instructables.com/FCG/OIXN/HUQAR2DD/FCGOIXNHUQAR2DD.jpg?auto=webp&frame=1,"Art, Paper Craft, Birthday","Cutting, Folding, Decoration","Construction paper, scissors, glue, markers","1. Cut two long strips of paper and tape them into circles (one large, one small). 2. Glue the small circle on top of the large one. 3. Cut ""frosting"" drips from white paper and glue them on. 4. Roll small paper tubes for candles and glue them to the top.",,,
https://www.instructables.com/Float-Racers/,Float Racers : 4 Steps (with Pictures) - Instructables,"Float Racers: Ready. Set. Float! 
As the racers take off for the top, you'll find this science-in-a-tube to be a not so dense lesson in buoyancy. Googly eyed, bubbled, and plunged, the racers battle each other in a column but with all sorts of different variables…",https://content.instructables.com/FCS/N0PT/IKSN3Q8M/FCSN0PTIKSN3Q8M.jpg?auto=webp&frame=1,"STEM, Water Play, Physics","Engineering, Testing","Styrofoam or plastic bottles, rubber bands, plastic propeller, popsicle sticks",1. Build a base using a flat piece of Styrofoam. 2. Use popsicle sticks to create a frame for a rubber band motor. 3. Attach a propeller to the rubber band. 4. Wind up the rubber band and release in water.,,,
https://www.instructables.com/Light-Play-Studios-in-the-Classroom/,Light Play Studios in the Classroom : 3 Steps (with Pictures) - Instructables,"Light Play Studios in the Classroom: This is part of a series of Instructables intended for teachers about educating students in the classroom around making and tinkering. For more about the details of this project, check out this video on YouTube.
Making and Tinkering can sometimes be…",https://content.instructables.com/FCT/V6BG/J9YJANKO/FCTV6BGJ9YJANKO.jpg?auto=webp&frame=1&width=2100,"STEM, Light, Sensory","Scientific observation, Exploration","Light box, transparent shapes, colorful tiles, translucent fabrics",1. Set up a light source in a darkened corner. 2. Provide various translucent materials. 3. Encourage children to overlap shapes to see how colors change and project the results onto a wall.,,,
https://www.instructables.com/How-To-Make-Cascarones/,How to Make Cascarones : 7 Steps (with Pictures) - Instructables,"How to Make Cascarones: Cascarones, pronounced kas-ka-ron-ez, are a Mexican tradition used for Easter, Cinco de Mayo and other celebrations. It is an egg shell filled with confetti used to crack over someone's head and shower them with the confetti inside. It might sound s…",https://content.instructables.com/FD1/MJ8M/GMG2IBQ6/FD1MJ8MGMG2IBQ6.jpg?auto=webp&frame=1,"Culture, Holiday, Tradition","Fine motor, Patience","Cleaned eggshells, confetti, tissue paper, glue, markers",1. Poke a small hole in an egg and drain it. 2. Rinse and dry the shell. 3. Fill with confetti. 4. Glue tissue paper over the hole. 5. Decorate and crack over someone's head for good luck.,,,
https://www.instructables.com/Zipline-Racers-Detailed-Instructable-Remix/,Zipline Racers - Detailed Instructable Remix : 7 Steps (with Pictures) - Instructables,"Zipline Racers - Detailed Instructable Remix: This is part of a series of Instructables intended for teachers about educating students in the classroom around making and tinkering. For more about the details of this project, check out this video on YouTube.
This is a remix of another Instructab…",https://content.instructables.com/FD2/KD8C/JBE14PSM/FD2KD8CJBE14PSM.jpg?auto=webp&frame=1&width=2100,"STEM, Physics, Engineering","Problem solving, Design","String, straws, paper, tape, paperclips",1. Stretch string between two points at an angle. 2. Thread a straw onto the string. 3. Build a paper racer and tape it to the straw. 4. Release from the top and see how fast it travels.,,,
https://www.instructables.com/Cereal-Box-Guitar/,Cereal-Box Guitar : 9 Steps (with Pictures) - Instructables,"Cereal-Box Guitar: Working in childcare has motivated us to open our imaginations to see objects in a new way. Instead of spending money on crafts, we look for a way to give objects that normally would've been thrown in the trash a new life which is why we thought thi…",https://content.instructables.com/FDW/DKC5/K8CDGK0I/FDWDKC5K8CDGK0I.png?auto=webp&frame=1,"Music, Recycling, STEM","Sound science, Crafting","Empty cereal box, paper towel roll, rubber bands, tape, scissors",1. Cut a circular hole in the center of the cereal box. 2. Cut a hole in the top to fit the tube (neck). 3. Insert and tape the tube. 4. Stretch rubber bands over the sound hole. 5. Pluck to play music.,,,
https://www.instructables.com/Simple-DIY-Sparkling-Wooden-Dice/,Simple DIY Sparkling Wooden Dice : 3 Steps (with Pictures) - Instructables,"Simple DIY Sparkling Wooden Dice: If you were interested in reading my articles you may have noticed that from time to time I like to make decorative things using more special methods or tools:
 
V-carving 'Hidden Messages' on Wood
A CNC As Metallic Foil Embossing Machine
Easy Desig…",https://content.instructables.com/FEE/5LBL/KCBY4E3O/FEE5LBLKCBY4E3O.png?auto=webp&frame=1,"Games, Math, Art","Counting, Decorating","Wooden cubes, glitter glue, markers",1. Use markers to draw pips (dots) on each side of the cubes (1-6). 2. Trace over the dots with glitter glue. 3. Let dry completely and use for board games.,,,
https://www.instructables.com/Solar-System-Twister/,Solar System Twister  : 14 Steps (with Pictures) - Instructables,"Solar System Twister : Here is a fun and interactive way to teach children (and adults) about the solar system!
There's even a fun twist on the traditional spinner (and a bonus keepsake!) that takes it further than just ""right hand on Pluto."" 
It's time for: Solar System …",https://content.instructables.com/FEJ/9XAY/J3KFEKY6/FEJ9XAYJ3KFEKY6.jpg?auto=webp&frame=1&width=2100,"Science, Astronomy, Games","Planet recognition, Gross motor","Large sheet, paint, ""Planet Spinner""",1. Draw large circles on a sheet representing different planets. 2. Create a spinner that names a planet and a limb. 3. Players follow spinner instructions without falling over.,,,
https://www.instructables.com/FLOWER-MONO-PRINTS/,FLOWER MONO PRINTS : 5 Steps (with Pictures) - Instructables,FLOWER MONO PRINTS: This is a fun and easy printmaking project that can be completed with limited supplies and no printing press!,https://content.instructables.com/FFJ/EGX0/K9G9N54S/FFJEGX0K9G9N54S.jpg?auto=webp&frame=1,"Art, Nature, Printing","Observation, Fine motor","Fresh flowers/leaves, paint, brayer, paper, tray",1. Roll paint onto a flat tray. 2. Place flowers face down on the paint. 3. Lift and place paint-side down on clean paper. 4. Rub gently with a second sheet of paper. 5. Peel back to reveal print.,,,
https://www.instructables.com/Lesson-1-Hand-Drawn-Dog/,Lesson 1: Hand Drawn Dog : 3 Steps (with Pictures) - Instructables,"Lesson 1: Hand Drawn Dog: Hello there, hope you're doing well. 
In today's lesson I we'll be aiming to teach you how to draw a dog's head by using your hand as a template.
This lesson is very easy and you only need 3 tools to complete the task.
The outcome we'll leave you pr…",https://content.instructables.com/FFJ/ZQU1/KOMWII6C/FFJZQU1KOMWII6C.jpg?auto=webp&frame=1&width=2100,"Art, Drawing, Animals","Following directions, Creativity","Paper, pencil, markers","1. Trace your hand with fingers closed and thumb out. 2. The thumb is the tail; the fingers are the legs. 3. Draw a head with floppy ears on the ""wrist"" part. 4. Add eyes, nose, and fur.",,,
https://www.instructables.com/Bird-Finger-Puppet/,Bird Finger Puppet : 3 Steps (with Pictures) - Instructables,Bird Finger Puppet: Make your own bird finger puppet (or make more and have your own flock). You can choose to copy a bird you might see outside in your area or make up one of your own.,https://content.instructables.com/FFY/HXD5/KN6N5FGS/FFYHXD5KN6N5FGS.jpg?auto=webp&frame=1&width=2100,"Art, Dramatic Play, Puppetry","Storytelling, Fine motor","Cardstock, feathers, googly eyes, glue, scissors","1. Cut two small holes in the bottom of a cardstock bird for fingers (legs). 2. Glue feathers to the wings and tail. 3. Add a beak and eyes. 4. Slide fingers through and ""walk"" your bird.",,,
https://www.instructables.com/How-to-Make-Your-Own-Mandala-Coloring-Page/,How to Make Your Own Mandala Coloring Page : 4 Steps (with Pictures) - Instructables,"How to Make Your Own Mandala Coloring Page: I teach in a Makerspace in Oakland, CA for grades K-5. Lately, we've been making our own Mandala coloring pages, and it's extremely easy and satisfying. It's also fun for students to make these coloring pages for each other. Eventually, I want to tu…",https://content.instructables.com/FGB/YZ1Q/K0UUQMJX/FGBYZ1QK0UUQMJX.jpg?auto=webp&frame=1&width=2100,"Art, Math, Mindfulness","Symmetry, Patterning","Paper, compass or bowls, ruler, marker","1. Trace several concentric circles. 2. Use a ruler to divide circles into ""pizza"" slices. 3. Draw a pattern in one slice. 4. Repeat the pattern in every slice to maintain symmetry.",,,
https://www.instructables.com/Duck-Boat-Challenge/,Duck Boat Challenge : 6 Steps (with Pictures) - Instructables,"Duck Boat Challenge: My school started a STEAM Integration Committee a couple years ago with the purpose of improving STEM education on campus and making STEM a regular part of the education process across content areas. 
One thing the team has been able to get done is …",https://content.instructables.com/FGF/G096/JYCUJH8Z/FGFG096JYCUJH8Z.jpg?auto=webp&frame=1&width=2100,"STEM, Engineering, Water","Buoyancy, Problem solving","Rubber duck, aluminum foil, straws, tape, coins",1. Build a boat out of foil and straws that can carry a rubber duck. 2. Test stability in water. 3. Add coins to see how much weight it can hold before sinking.,,,
https://www.instructables.com/The-Nebula-Projector-Project-for-Kids/,space projector,,https://content.instructables.com/FGH/AKE3/KUMO1KKE/FGHAKE3KUMO1KKE.jpg?frame=true&width=318&height=1024&fit=bounds,"Science, Astronomy, STEM","Light physics, Creative design","Flashlight, plastic wrap, markers, cardboard tube",1. Cover one end of a tube with plastic wrap. 2. Color it with blue/purple markers. 3. Poke pin-sized holes for stars. 4. Shine a flashlight through the tube to project a nebula on the ceiling.,,,
https://www.instructables.com/Outer-Space-Straw-Launcher/,Outer Space Straw Launcher : 5 Steps (with Pictures) - Instructables,Outer Space Straw Launcher: Time to make an outer space straw launcher! With this Instructable you'll be able to make your own rocket ship fly!,https://content.instructables.com/FGJ/4OUK/JG2VWWTD/FGJ4OUKJG2VWWTD.jpg?auto=webp&frame=1&width=2100,"STEM, Physics, Space","Measurement, Aerodynamics","Two straws (one wider), paper, tape",1. Tape a paper rocket to a thin straw (sealed at one end). 2. Slide the thin straw over a wider straw. 3. Blow into the wider straw to launch the rocket.,,,
https://www.instructables.com/Calendarbeads/,Calendarbeads : 5 Steps (with Pictures) - Instructables,"Calendarbeads: Your favorite month of the year to wear as bracelet or necklace (or ...). I chose July 2020 for not lock-down-ing but vacation and swimming in the Mediterranean Sea. Which month will you choose?
Make your own paper beads (and optional also a tool to…",https://content.instructables.com/FH2/OK9E/KMT69H8S/FH2OK9EKMT69H8S.jpg?auto=webp&frame=1&width=2100,"Math, Organization, Art","Counting, Time management","Pipe cleaners, 31 numbered beads","1. String beads onto a pipe cleaner, one for each day. 2. Move one bead each morning. 3. Use special beads for holidays to help visualize how many days are left.",,,
https://www.instructables.com/Naked-Egg-Experiment-and-Cleaning-Hard-Water-Spots/,Naked Egg Experiment and Cleaning Hard Water Spots : 4 Steps (with Pictures) - Instructables,"Naked Egg Experiment and Cleaning Hard Water Spots: My kids have recently started learning the dreaded chore of cleaning their bathroom. They use distilled white vinegar (4-5% acetic acid) because it is a versatile and effective cleaning product for them to practice with. Recently, when inspecting th…",https://content.instructables.com/FH2/P92V/L42QYJP7/FH2P92VL42QYJP7.jpg?auto=webp&frame=1&width=2100,"Science, Chemistry, Biology","Observation, Hypothesis","Raw egg, jar, white vinegar","1. Place a raw egg in a jar and cover with vinegar. 2. Let sit for 48 hours. 3. Observe the bubbles dissolving the shell. 4. Rinse to reveal a ""naked,"" rubbery egg.",,,
https://www.instructables.com/Our-Erosion-Experiment/,Cub Scout Erosion Experiment : 6 Steps (with Pictures) - Instructables,"Cub Scout Erosion Experiment: My oldest son (8-years old when I wrote this Instructable) is in Cub Scouts. As part of one of the requirements we were trying to fulfill, our Wolf/Bear Den (combined meeting) performed Elective 15, Water and Soil Conservation, to earn an arrow. (Th…",https://content.instructables.com/FHD/5KZZ/HUQARFNE/FHD5KZZHUQARFNE.jpg?auto=webp&frame=1,"Science, Earth Science, Nature","Scientific method, Environment","Two trays, soil, grass/plants, water",1. Fill one tray with soil and another with grass-covered soil. 2. Prop trays at an angle. 3. Pour water over both. 4. Compare runoff to see how roots prevent erosion.,,,
https://www.instructables.com/Tutti-Frutti-Color-Wheel/,Tutti Frutti Color Wheel : 3 Steps (with Pictures) - Instructables,"Tutti Frutti Color Wheel: This pandemic has shown us the importance of rethinking everything, being flexible and looking at problems from different perspectives. For this project I was inspired by a student I have in first grade, who is almost blind. I have never seen a girl…",https://content.instructables.com/FHG/Y0CJ/KO1GWOXO/FHGY0CJKO1GWOXO.jpg?auto=webp&frame=1&width=2100,"Art, Color Theory, Food","Color mixing, Categorization","White plate, various colored fruits","1. Slice fruits of various colors. 2. Arrange them in rainbow order (Red, Orange, Yellow, Green, Blue, Purple) on a plate. 3. Discuss primary and secondary colors while eating.",,,
https://www.instructables.com/Makedo-Cardboard-Construction-in-the-Classroom/,Makedo Cardboard Construction in the Classroom : 4 Steps (with Pictures) - Instructables,Makedo Cardboard Construction in the Classroom: This is part of a series of Instructables intended for teachers about educating students in the classroom around making and tinkering. For a full list of other Instructables see our collection or the .pdf Making and Tinkering Cookbook at the end of …,https://content.instructables.com/FHN/5B3H/KIFZU7NN/FHN5B3HKIFZU7NN.jpg?auto=webp&frame=1&width=2100,"STEM, Engineering, Recycling","Tool use, Structural design","Cardboard boxes, Makedo tools (screws/saws)",1. Use the cardboard saw to cut pieces for a fort. 2. Use the hole punch to prep the cardboard. 3. Fasten pieces together using plastic screws to build a large structure.,,,
https://www.instructables.com/Preschool-Art-Lesson-Kandinskys-Circles/,Preschool Art Lesson: Kandinsky's Circles : 6 Steps (with Pictures) - Instructables,"Preschool Art Lesson: Kandinsky's Circles: Your child can make an easy, colorful, and fun painting inspired by Wassily Kandinsky's well-known painting Color Study: Squares with Concentric Circles. This project is best suited for ages 3 through 5. Children may need help with measuring or fold…",https://content.instructables.com/FHN/YSYS/KFPNLIVQ/FHNYSYSKFPNLIVQ.jpg?auto=webp&frame=1&width=2100,"Art, Art History, Early Childhood","Color exploration, Fine motor","Paper divided into squares, oil pastels","1. In each square, draw a small circle in the center. 2. Draw larger concentric circles around it in different colors. 3. Fill the whole grid with colorful circles like Kandinsky.",,,
https://www.instructables.com/Ironed-Plastic-Bag-Creations-for-Kids/,Ironed Plastic Bag Creations for Kids : 10 Steps (with Pictures) - Instructables,"Ironed Plastic Bag Creations for Kids: At Boston Children’s Museum, we use this activity to support kids in practicing skills such as thinking creatively, persistence, and envisioning a final product. It is a great introduction to an important tool-- the iron! This activity also encourag…",https://content.instructables.com/FI0/4BBY/JR6OKTRU/FI04BBYJR6OKTRU.jpg?auto=webp&frame=1&width=2100,"Recycling, Art, STEM","Material science, Safety","Plastic grocery bags, parchment paper, iron","1. Layer 4-6 plastic bags. 2. Place stack between parchment paper. 3. (Adult only) Iron for 10-20 seconds to fuse them into ""fabric."" 4. Cut and sew the new material into pouches.",,,
https://www.instructables.com/Simple-Flying-Toilet-Paper-Ghost-Decoration/,Simple Flying Toilet Paper Ghost Decoration : 5 Steps (with Pictures) - Instructables,"Simple Flying Toilet Paper Ghost Decoration: These flying toilet paper ghost decorations are a quick and easy way to add a little Halloween fun to your day! This project is great for all ages and uses 3 supplies that can be found in any household.
You can loop them around your neck for a fun p…",https://content.instructables.com/FI7/TR9P/KG6JVKGS/FI7TR9PKG6JVKGS.jpg?auto=webp&frame=1&width=2100,"Holiday, Art, Decoration","Fine motor, Imagination","Toilet paper, markers, string, tape","1. Draw a ghost face on a strip of toilet paper. 2. Tape a string to the top. 3. Hang near a vent or fan so the ghost ""flies"" in the air currents.",,,
https://www.instructables.com/DIY-Edible-Texture-Finger-Paint-for-Kids/,DIY Edible Texture Finger Paint for Kids : 4 Steps (with Pictures) - Instructables,"DIY Edible Texture Finger Paint for Kids: In these unstable times, when the only safe place is your home, it can be really challenging to maintain a life full of excitement and joy! Lets bring some color into our lives by making homemade texture finger paint for your little ones. It sure wi…",https://content.instructables.com/FIH/RKKT/KGGJU7XD/FIHRKKTKGGJU7XD.jpg?auto=webp&frame=1&width=2100,"Sensory, Art, Baby/Toddler","Tactile exploration, Color recognition","Yogurt, food coloring, rice or oatmeal","1. Divide yogurt into bowls. 2. Add food coloring to each. 3. Mix in rice for texture. 4. Let the child ""paint"" and explore the edible textures.",,,
https://www.instructables.com/Paper-Racing-Caterpillars/,Paper Racing Caterpillars  : 6 Steps (with Pictures) - Instructables,"Paper Racing Caterpillars : In today's story, we heard about breath, and all the ways that breath can be used, as words or as actions. Now, let's use the action of our breath to do something fun: racing paper caterpillars!",https://content.instructables.com/FIL/FSLF/KGAU21SW/FILFSLFKGAU21SW.jpg?auto=webp&frame=1&width=2100,"STEM, Physics, Games","Fine motor, Concentration","Paper strip, scissors, straw","1. Fold a paper strip into an accordion shape. 2. Round the corners. 3. Unfold and draw eyes. 4. Use a straw to blow on its back, making it wiggle-race forward.",,,
https://www.instructables.com/Fishing-for-Fun-Educational-Game/,Fishing for Fun | Educational Game : 12 Steps (with Pictures) - Instructables,"Fishing for Fun | Educational Game: In this activity, children will be able to have fun going ""fishing"" while also being educated. This game can be applied to many different areas of study, but for this instructable, I have created two examples - one example is for math practice, and …",https://content.instructables.com/FIZ/QMAC/JY2T8DTQ/FIZQMACJY2T8DTQ.jpg?auto=webp&frame=1&width=2100,"Games, Math, Literacy","Coordination, Recognition","Paper fish, paperclips, dowel, magnet","1. Write letters/numbers on paper fish and attach a paperclip. 2. Tie a string to a stick with a magnet at the end. 3. ""Fish"" for specific letters or numbers to learn while playing.",,,
https://www.instructables.com/Making-Natural-Inks/,Making Natural Inks : 4 Steps (with Pictures) - Instructables,"Making Natural Inks: A little bit about light and pigments:
A pigment is what gives a color its color. It is a material that changes the color of reflected or transmitted light of an object.  Light appears white, but it is made up of all the colors added together. We se…",https://content.instructables.com/FJ9/QLL7/K9706SA0/FJ9QLL7K9706SA0.jpg?auto=webp&frame=1&width=2100,"Art, Science","Extraction, Chemistry","Berries or beetroot, strainer, vinegar, salt",1. Crush fruit and strain the juice. 2. Add a drop of vinegar and a pinch of salt to preserve color and prevent mold. 3. Use the liquid as natural ink with a brush.,,,
https://www.instructables.com/Cardboard-and-Velcro-Building-Tiles/,Cardboard and Velcro Building Tiles : 7 Steps (with Pictures) - Instructables,"Cardboard and Velcro Building Tiles: These cardboard Velcero Building Tiles are wonderful for so many reasons. Unlike Magna-Tiles, they don't come crashing down as easily and loudly, which is great news for my classroom. Also because they are held together with Velcro, you can create a…",https://content.instructables.com/FK1/OT9A/KFL45YK9/FK1OT9AKFL45YK9.jpg?auto=webp&frame=1,"STEM, Engineering, Toys","Construction, Geometry","Cardboard shapes, Velcro dots","1. Cut cardboard into squares and triangles. 2. Apply ""hook"" dots to one side and ""loop"" dots to the other. 3. Connect the tiles together to build 3D geometric structures.",,,
https://www.instructables.com/Giant-Cicada-Friend-Using-a-Paper-Lunch-Bag/,Giant Cicada Sculpture Using a Paper Lunch Bag : 7 Steps (with Pictures) - Instructables,"Giant Cicada Sculpture Using a Paper Lunch Bag: Every 17 years the Brood X Cicadas emerge from underground to live with humans who reside around the middle of the eastern half of the United States.  They are loud and harmless and should be celebrated.  And what better way to celebrate them, than …",https://content.instructables.com/FL4/EVJ2/KOSMC6C6/FL4EVJ2KOSMC6C6.jpg?auto=webp&frame=1&width=2100,"Art, Nature, Entomology","Fine motor, Observation","Paper lunch bag, newspaper/scrap paper, markers, glue, pipe cleaners",1. Stuff a paper bag with crumpled newspaper to form the body. 2. Twist the end shut and secure with a rubber band or glue. 3. Cut wings out of another paper bag or cardstock and glue to the back. 4. Use pipe cleaners for the six legs. 5. Paint or draw large eyes and cicada patterns on the body and wings.,,,
https://www.instructables.com/Handmade-Stamps-Making-and-Literacy-With-Eric-Carl/,Handmade Stamps- Making and Literacy With Eric Carle's Mixed-Up Chameleon (with Pictures) - Instructables,"Handmade Stamps- Making and Literacy With Eric Carle's Mixed-Up Chameleon: As an elementary librarian, I’m always looking for ways that books can inspire making. I love the artwork of Eric Carle and I thought it would be really fun to have students invent their own animal based on the book, The Mixed-Up Chameleon. My initi…",https://content.instructables.com/FLC/NFTJ/JYOOP871/FLCNFTJJYOOP871.jpg?auto=webp&frame=1,"Literacy, Art, Early Childhood","Storytelling, Pattern recognition","Potatoes or sponges, paint, paper, Eric Carle's ""The Mixed-Up Chameleon""","1. Read the story to children. 2. Cut potatoes or sponges into shapes like circles, triangles, and squares. 3. Dip the ""stamps"" into different paint colors. 4. Stamp onto paper to create a ""mixed-up"" creature with parts from different animals. 5. Write a story about the new creature.",,,
https://www.instructables.com/Wobble-Bot-Recreation/,Wobble Bot Recreation  : 11 Steps (with Pictures) - Instructables,"Wobble Bot Recreation : Today we will be building our buzzing robots a little differently There are tons of videos online of how to build your battery power friends that jump, waddle around, and dance. Using cardboard and googly eyes, you’ll have a new friend in no time.
 …",https://content.instructables.com/FLC/S9VV/KOLH2ARK/FLCS9VVKOLH2ARK.jpg?auto=webp&frame=1,"STEM, Robotics, Engineering","Basic circuitry, Problem solving","DC motor, battery holder, AA battery, plastic container, markers, tape","1. Tape the battery holder and motor to the top of an upside-down plastic container. 2. Attach an off-center weight (like an eraser or hot glue) to the motor shaft. 3. Tape markers to the sides of the container as ""legs."" 4. Connect the wires. 5. Place on paper and watch it wobble and draw circles.",,,
https://www.instructables.com/Start-Seeds-Without-Soil/,Grow Seeds Without Soil! : 4 Steps (with Pictures) - Instructables,"Grow Seeds Without Soil!: Oh the places they'll grow! Whether you want to eat them, grow them, or throw them in a maraca, seeds are nature's suitcases of magic. From the smallest orchid seed at 1/35,000,000th of an ounce to the largest coconut seed at just under forty pounds…",https://content.instructables.com/FLG/AC6U/IC7HM8P7/FLGAC6UIC7HM8P7.jpg?auto=webp&frame=1,"Science, Biology, Nature","Observation, Life cycles","Ziploc bag, paper towel, seeds (beans work well), water",1. Dampen a paper towel (not dripping). 2. Fold the towel and place it inside a Ziploc bag. 3. Place seeds on one side of the towel so they are visible through the plastic. 4. Seal the bag and tape it to a sunny window. 5. Observe daily as the roots and sprouts emerge without any dirt.,,,
https://www.instructables.com/Card-Stacking-Crazy-Strong/,Card Stacking - Crazy Strong! : 5 Steps (with Pictures) - Instructables,"Card Stacking - Crazy Strong!: You've probably tried card stacking before, the usual line two up against each other, hoping to find the perfect balance. 
Well, that's often a futile attempt: someone walking by knocks it over. 😶
But: with this different method of card stacking, cr…",https://content.instructables.com/FM3/ME0U/KRRSB79Z/FM3ME0UKRRSB79Z.jpg?auto=webp&frame=1&width=2100,"STEM, Engineering, Physics","Structural integrity, Testing","Deck of cards, heavy books","1. Fold several cards in half to create ""V"" shapes. 2. Arrange the V-cards in a grid on a flat surface. 3. Place a flat card or piece of cardboard on top. 4. Gradually add books on top to see how much weight the paper structures can support. 5. Experiment with different folding shapes (cylinders, triangles) to compare strength.",,,
https://www.instructables.com/Engineering-a-Hoop-Glider/,Engineering a Hoop Glider : 13 Steps (with Pictures) - Instructables,"Engineering a Hoop Glider: Would you like to make your own flying toy, but you’re tired of paper airplanes?  Try making a hoop glider, instead! 
Hoop Gliders move through the air using the same forces that larger airplanes use when they fly.  Those forces are thrust, drag, li…",https://content.instructables.com/FM6/D2EL/KAB2N8YK/FM6D2ELKAB2N8YK.jpg?auto=webp&frame=1,"STEM, Aeronautics, Physics","Aerodynamics, Design","Plastic straw, cardstock, tape, scissors","1. Cut two strips of cardstock: one 1 inch by 5 inches, one 1 inch by 10 inches. 2. Tape each strip into a hoop. 3. Tape the small hoop to the front of the straw and the large hoop to the back. 4. Ensure the hoops are aligned and vertical. 5. Throw it like a spear; the air passing through the hoops provides lift and stability.",,,
https://www.instructables.com/Cardboard-Clock-for-Learning/,Cardboard Clock for Learning : 4 Steps (with Pictures) - Instructables,"Cardboard Clock for Learning: Hi All,This is a extremely simple project that kids can do and great tool for learning on ""how to read time""I know there are digital clocks, which is extremely easy to read.. But I am old school and wanted my son to make one... This takes about 10 t…",https://content.instructables.com/FM8/3RK4/IY4Q9KOO/FM83RK4IY4Q9KOO.jpg?auto=webp&frame=1&width=2100,"Math, Time, Literacy","Time-telling, Fine motor","Cardboard circle, brass fastener (brad), markers, cardstock for hands","1. Write the numbers 1-12 around the edge of a cardboard circle. 2. Cut two ""hands"" out of cardstock: a long one for minutes and a short one for hours. 3. Poke a hole in the center of the circle and the ends of the hands. 4. Attach the hands with a brass fastener. 5. Practice setting the clock to different times.",,,
https://www.instructables.com/Moon-Sand/,Moon Sand : 4 Steps (with Pictures) - Instructables,"Moon Sand: When you look up at the night sky, have you ever noticed that the moon is completely riddled with all kinds of holes and lines that make it look like a big chunk of Swiss cheese? Those holes are actually called craters and are there because massive …",https://content.instructables.com/FMK/GMJA/K8HKD3XJ/FMKGMJAK8HKD3XJ.jpg?auto=webp&frame=1&width=2100,"Sensory, Play, Chemistry","Tactile exploration, Measurement","8 cups flour, 1 cup baby oil (or vegetable oil)","1. Pour the flour into a large bin. 2. Add the oil to the center. 3. Use your hands to mix and rub the oil into the flour until it has a ""crumbly"" texture. 4. The sand should hold its shape when squeezed but crumble easily when poked. 5. Add sand toys or molds for play.",,,
https://www.instructables.com/Static-Electricity-or-Superhero-Mind-Control/,Static Electricity or Superhero Mind Control : 5 Steps (with Pictures) - Instructables,"Static Electricity or Superhero Mind Control: There are many superheroes and fictional beings who have magnetic abilities: Magneto and Polaris from the X-Men, and Cosmic Boy from the Legion of Superheroes to name a few.
They typically use their magnetic force to move metal things from one place…",https://content.instructables.com/FMT/6JJS/K9R60MGC/FMT6JJSK9R60MGC.jpg?auto=webp&frame=1,"Science, Physics, Magic","Static electricity, Observation","Balloon, wool cloth (or your hair), empty soda can, tissue paper","1. Rub a balloon against a wool cloth or your hair for 30 seconds to build a charge. 2. Place an empty soda can on its side on a flat table. 3. Bring the balloon near the can without touching it and watch the can roll toward the balloon. 4. Try ""lifting"" tiny bits of tissue paper with the balloon using the same method.",,,
https://www.instructables.com/Color-Photo-Breakdown-and-Build-Up-Exploring-the-R/,Color Photo Breakdown and Build Up - Exploring the REAL Primary Colors : 6 Steps (with Pictures) - Instructables,Color Photo Breakdown and Build Up - Exploring the REAL Primary Colors: Have you ever wondered how the colored inks in your printer work together to create a full color photograph? Follow along as we show you how to decompose a full color photograph into the primary colors of ink and then recompose the full color image …,https://content.instructables.com/FMX/0IMM/KYV92W6I/FMX0IMMKYV92W6I.jpg?auto=webp&frame=1&width=2100,"Art, Science, Light","Color theory, Observation","CMYK filters (Cyan, Magenta, Yellow, Black), clear transparencies, markers","1. Discuss how printers use CMYK to make all colors. 2. Draw a simple scene on a transparency using only Cyan, Magenta, and Yellow markers. 3. Layer the transparencies on top of each other. 4. Observe how the overlapping colors create new hues (like green, orange, and purple). 5. Use a ""black"" layer to add shadows and depth.",,,
https://www.instructables.com/Fireworks-in-a-Jar/,Fireworks in a Jar : 6 Steps (with Pictures) - Instructables,"Fireworks in a Jar: Planning for summer typically starts in January, which was a challenge this year, because we didn't know what the summer would look like or if we'd be able to have in-person activities. So we did what a lot of organizations in our position did and c…",https://content.instructables.com/FN6/GY9Q/KRC2FYZI/FN6GY9QKRC2FYZI.jpg?auto=webp&frame=1&width=2100,"Science, Chemistry, Density","Fluid dynamics, Observation","Large jar, water, vegetable oil, food coloring, salt or Alka-Seltzer","1. Fill a jar 3/4 full with water. 2. Add a layer of oil on top (it will float). 3. Drop food coloring into the jar; the drops will pass through the oil and sit on the water. 4. Shake salt or drop an Alka-Seltzer tablet into the jar. 5. Watch the ""fireworks"" as the gas bubbles carry colored water up into the oil layer.",,,
https://www.instructables.com/Pencils-Lost-No-More/,Pencils Lost No More! : 8 Steps (with Pictures) - Instructables,"Pencils Lost No More!: There is this phenomenon is classrooms where pencils roll, fall, walk away, or jump off students desk! It's strange but true. To add to this bizarre and peculiar phenomenon is that once the pencil hits the floor they can not be found by students. I …",https://content.instructables.com/FN7/72OK/K0CP4F71/FN772OKK0CP4F71.jpg?auto=webp&frame=1&width=2100,"Organization, Art, Classroom","Responsibility, Fine motor","Tin can or plastic bottle, decorative paper, tape, magnet (optional)","1. Clean a tin can or cut the bottom off a plastic bottle. 2. Cover the outside with colorful paper or stickers. 3. Label it ""Pencils."" 4. (Optional) Glue a strong magnet to the back to stick it to a metal desk or locker. 5. Keep it in a central spot so everyone knows where to return lost pencils.",,,
https://www.instructables.com/Imbolc-Sheep/,Imbolc Sheep : 7 Steps (with Pictures) - Instructables,Imbolc Sheep: This sheep stick puppet is an easy and fun craft to create for Imbolc!,https://content.instructables.com/FN9/9CVA/KYPUFKJQ/FN99CVAKYPUFKJQ.jpg?auto=webp&frame=1&width=2100,"Holiday, Tradition, Art","Cultural awareness, Fine motor","Cotton balls, cardboard, glue, clothespins, markers",1. Cut a sheep body shape out of cardboard. 2. Glue cotton balls all over the body to make it fluffy. 3. Draw a sheep face on a smaller cardboard circle and glue it to the front. 4. Use two clothespins as legs so the sheep can stand up. 5. Discuss the tradition of Imbolc (the start of spring) while crafting.,,,
https://www.instructables.com/Artists-Popsicle-Stick-Puzzle/,Artist's Popsicle Stick Puzzle : 5 Steps (with Pictures) - Instructables,"Artist's Popsicle Stick Puzzle: Popsicle stick puzzles need an update! 
We can paint ANYTHING on a stack of popsicles! 
The supplies are easy to find and very inexpensive I've also included PDF patterns for the designs I painted
It would make an amazing gift to put several hand pa…",https://content.instructables.com/FNX/I7H6/KDPYJ6OZ/FNXI7H6KDPYJ6OZ.jpg?auto=webp&frame=1&width=2100,"Art, Logic, Games","Spatial reasoning, Problem solving","10-12 popsicle sticks, tape, markers or paint","1. Line up the popsicle sticks side-by-side and tape them together across the back. 2. Turn them over and draw or paint a detailed picture across all the sticks. 3. Once dry, remove the tape from the back. 4. Scramble the sticks and try to reassemble the puzzle to reveal the original artwork.",,,
https://www.instructables.com/Librero-M%C3%A1gico/,Librero Mágico  : 5 Steps (with Pictures) - Instructables,"Librero Mágico : Este proyecto está inspirado en los niños de mi curso (nivel Kínder), y que cuando volvamos a clases presenciales, no tendrán la posibilidad de manipular los libros y cuentos de nuestras bibliotecas de aula (pandemia). La solución que encontré para …",https://content.instructables.com/FOX/Q315/KO1GWUYV/FOXQ315KO1GWUYV.jpg?auto=webp&frame=1&width=2100,"Literacy, Spanish, Art","Language skills, Storytelling","Cardboard box, small ""book"" templates, markers","1. Decorate a cardboard box to look like a tiny magical library. 2. Create mini-books by folding paper and writing simple stories or vocabulary words in Spanish. 3. Arrange the books on ""shelves"" made of cardstock. 4. Use the library as a prop for storytelling games or vocabulary practice.",,,
https://www.instructables.com/Magnetic-Classroom-Vocabulary-Game/,Magnetic Classroom Vocabulary Game : 5 Steps (with Pictures) - Instructables,"Magnetic Classroom Vocabulary Game: Vocabulary is one thing that every teacher teaches regardless of grade level or subject. Whether it's an English teacher trying to lay foundation so her students can actually understand a short story, a history teacher trying to explain what a ""shog…",https://content.instructables.com/FP2/L092/GYQDSM4E/FP2L092GYQDSM4E.jpg?auto=webp&frame=1,"Literacy, Games, Classroom","Word recognition, Coordination","Metal cookie sheet, magnetic letters, word cards","1. Place magnetic letters on a cookie sheet. 2. Show a child a vocabulary word card. 3. The child must race to find the correct magnetic letters and spell the word on the sheet. 4. For a group game, call out a word and see who can find the first letter the fastest.",,,
https://www.instructables.com/Germ-Fighting-for-Kids/,Germ Fighting for Kids : 6 Steps (with Pictures) - Instructables,"Germ Fighting for Kids: One of the first life lessons a child learns is that 'coughs and sneezes spread diseases'. Most kids know that 'germs are bad' and that washing hands is important, but I wanted to teach the real science of our immune system. I felt that by equipping…",https://content.instructables.com/FP8/4AVY/JYEOIYT7/FP84AVYJYEOIYT7.png?auto=webp&frame=1,"Science, Health, Biology","Hygiene, Scientific method","Glitter, hand lotion, soap, water","1. Put a small amount of lotion on a child's hands. 2. Sprinkle glitter (""germs"") on the hands and have them rub it in. 3. Ask them to try to wipe the ""germs"" off with just a dry paper towel. 4. Try washing with just water. 5. Finally, use soap and warm water for 20 seconds to see how much better it removes the ""germs.""",,,
https://www.instructables.com/Potato-Battery/,Potato Battery : 7 Steps (with Pictures) - Instructables,"Potato Battery: So I have been interested in electronics and batteries in specific for a while, Telsa's recent announcement of their new ""tabless"" battery has rekindled that interest. So once I saw this challenge I figured I would take this opportunity to explain a…",https://content.instructables.com/FPR/93VU/KFZEJ7TC/FPR93VUKFZEJ7TC.jpg?auto=webp&frame=1&width=2100,"STEM, Physics, Chemistry","Circuits, Electrochemistry","2-3 potatoes, copper coins or wire, galvanized (zinc) nails, alligator clips, LED light",1. Insert one nail and one copper coin into each potato. 2. Use alligator clips to connect the nail of one potato to the coin of the next (series circuit). 3. Connect the remaining nail and coin to the legs of an LED. 4. The chemical reaction between the metals and the potato juice generates enough electricity to light the LED.,,,
https://www.instructables.com/Stories-With-LEGO-Characters/,Stories With LEGO Characters : 12 Steps (with Pictures) - Instructables,"Stories With LEGO Characters: If you have visited the luann2425 Instructables page before, you will know that ""Grandma Van"" is all about storytelling.
My grandchildren now live in Scotland. I am in the USA. We spend a lot of time making up stories on FaceTime. 
One of the easies…",https://content.instructables.com/FPW/IRFR/KRUN60F4/FPWIRFRKRUN60F4.jpg?auto=webp&frame=1&width=2100,"Literacy, Drama, Play","Narrative structure, Creativity","LEGO minifigures, LEGO bricks, paper, pencil","1. Pick 2-3 LEGO characters to be the protagonists. 2. Build a ""setting"" for the story using bricks. 3. Act out a scene where the characters face a problem. 4. Take photos of the scenes or write down the dialogue. 5. Create a ""storyboard"" or comic strip based on the LEGO action.",,,
https://www.instructables.com/Bubble-Wand-Building-an-Easy-Makerspace-Activity-f/,Bubble Wand Building: an Easy Makerspace Activity for a Summer STEAM Camp : 3 Steps (with Pictures) - Instructables,"Bubble Wand Building: an Easy Makerspace Activity for a Summer STEAM Camp: How many different ways can I make a bubble?
This is a mini makerspace-esque activity that can easily be done with little money and low prep. It's appropriate for a range of ages, and even adults can find this enjoyable. Even though this is perfect …",https://content.instructables.com/FPX/R8FE/JZ2YZWUW/FPXR8FEJZ2YZWUW.gif?auto=webp&frame=1,"STEM, Engineering, Summer","Fluid dynamics, Design","Pipe cleaners, wire, beads, bubble solution","1. Use pipe cleaners to form different shapes (hearts, triangles, stars) at the end of a ""handle."" 2. Thread beads onto the handle to make it easy to hold. 3. Dip the shape into bubble solution. 4. Blow or wave the wand to see if the bubbles come out in different shapes (spoiler: they are always spheres!).",,,
https://www.instructables.com/Bee-Bug-Tower-Hotel/,Bee & Bug Tower Hotel : 7 Steps (with Pictures) - Instructables,"Bee & Bug Tower Hotel: This is a project to aid our garden workers - our bee's, insects, bugs and butterflies. There are lots of varieties of bug houses and this is just a different way of doing it.",https://content.instructables.com/FQ9/FP8S/KGZ4KW1D/FQ9FP8SKGZ4KW1D.jpg?auto=webp&frame=1,"Science, Nature, Environment","Conservation, Observation","Recycled wood, hollow reeds/bamboo, pinecones, drill","1. Build a simple wooden box or use a sturdy plastic pipe. 2. Fill the interior with tightly packed hollow reeds or drilled wood blocks. 3. Add pinecones or bark to the gaps. 4. Hang it in a sunny, sheltered spot in the garden. 5. Watch for solitary bees and bugs to move into the ""rooms"" to lay eggs.",,,
https://www.instructables.com/Easy-Magical-Walking-Rainbow-Experiment/,Easy Magical Walking Rainbow Experiment : 5 Steps (with Pictures) - Instructables,"Easy Magical Walking Rainbow Experiment: Have fun while learning a few basic scientific methods!
- color theory: the paper towels pull color from the base red, blue, and yellow primary color cups, the resulting mixture creates the secondary colors of green, purple, and orange, completing t…",https://content.instructables.com/FQF/W5G8/KFL44D9H/FQFW5G8KFL44D9H.jpg?auto=webp&frame=1&width=2100,"Science, Physics, Art","Capillary action, Color mixing","6 clear glasses, water, food coloring (Red, Yellow, Blue), paper towels","1. Fill three glasses with water and add Red, Yellow, and Blue dye. 2. Place an empty glass between each colored glass in a circle. 3. Fold paper towels into strips. 4. Bridge the glasses with the towels (one end in colored water, one in empty glass). 5. The water will ""walk"" up the towels and mix in the empty glasses to create Green, Orange, and Purple.",,,
https://www.instructables.com/Kinderkid-Pride/,Kinderkid Pride : 3 Steps (with Pictures) - Instructables,"Kinderkid Pride: While celebrating PRIDE month my 4/5-year-olds had the opportunity to paint their favorite thing....A RAINBOW.
After painting the basic rainbow we added a little extra detail in each section with another shade or tint of the first color used. The ch…",https://content.instructables.com/FQJ/QC8T/KPGWR1WX/FQJQC8TKPGWR1WX.png?auto=webp&frame=1,"Social Studies, Art, Inclusion","Community, Creativity","Paper, rainbows, symbols of kindness/pride","1. Discuss the meaning of pride and community. 2. Have children draw what they are proud of or what makes them feel included. 3. Create a collaborative mural or ""pride wall"" using rainbow colors and drawings of diverse people. 4. Discuss how being a ""kind kid"" is a source of pride.",,,
https://www.instructables.com/Paper-Plate-Fractions-Math-Manipulative/,Paper Plate Fractions - Math Manipulative : 8 Steps (with Pictures) - Instructables,"Paper Plate Fractions - Math Manipulative: Help kids learn about fractions with paper plates by giving them something that's visual and hands on. You could also do this with a regular sheet of paper (square would be best) if you don't have any plates.
Instructable 342",https://content.instructables.com/FQW/QI9R/KFXZ4774/FQWQI9RKFXZ4774.jpg?auto=webp&frame=1&width=2100,"Math, Fractions, Visual Aids","Parts of a whole, Geometry","3-4 paper plates, markers, scissors",1. Leave one plate whole (1/1). 2. Cut the second plate exactly in half (1/2). 3. Cut the third plate into quarters (1/4). 4. Label each piece with the fraction. 5. Have the child stack the pieces on the whole plate to see how two halves or four quarters equal one whole.,,,
https://www.instructables.com/Flying-fish-3/,Flying Fish : 8 Steps (with Pictures) - Instructables,Flying Fish: would you like to make your own flying fish?,https://content.instructables.com/FR1/MEKD/IFJWOE8K/FR1MEKDIFJWOE8K.jpg?auto=webp&frame=1,"Art, Physics, Toys","Kinetic energy, Gravity","Paper, straw, tape, string","1. Cut a fish shape out of lightweight paper. 2. Tape a small segment of a straw to the back of the fish. 3. Thread a long string through the straw. 4. Tie one end of the string to a high point and hold the other end. 5. Slant the string and watch the fish ""fly"" down the line.",,,
https://www.instructables.com/Magnet-Trampoline/,Magnet Trampoline : 4 Steps (with Pictures) - Instructables,"Magnet Trampoline: While sometimes a bit polarizing, magnets enjoy a good party, too. 
Whether you're feeling repulsive or like sticking together, the magnet trampoline is a very simple introductory project to teach some of the basics of forces and magnetism. Slap it …",https://content.instructables.com/FR5/MSI3/IKSN3932/FR5MSI3IKSN3932.jpg?auto=webp&frame=1,"Science, Physics, Magnets","Magnetism, Repulsion","Two ring magnets, a pencil or dowel, play dough base","1. Stick a pencil vertically into a glob of play dough. 2. Drop one ring magnet over the pencil. 3. Drop the second ring magnet so that the same poles are facing each other (they will push apart). 4. The top magnet should ""float"" or bounce on the magnetic field of the bottom one. 5. Push it down and watch it bounce back up like a trampoline.",,,
https://www.instructables.com/Bubble-Painting-for-Kids-and-Artists/,Bubble Painting for Kids and Artists : 8 Steps (with Pictures) - Instructables,"Bubble Painting for Kids and Artists: For a little fun on a warm summer day, try painting with bubbles! This technique can be a fun activity for the kids or a great design element for an artist. 
Thanks to poofrabbit for showing us how to dye with bubbles though I prefer to work with pa…",https://content.instructables.com/FR7/KRXB/ID5S86G9/FR7KRXBID5S86G9.jpg?auto=webp&frame=1,"Art, Science, Sensory","Fluid dynamics, Fine motor","Small cups, water, dish soap, food coloring, straws, paper","1. Mix water, a squeeze of dish soap, and food coloring in a cup. 2. Use a straw to blow bubbles into the cup until they overflow the top. 3. Gently press a piece of paper onto the bubbles. 4. When the bubbles pop on the paper, they leave behind beautiful circular patterns. 5. Repeat with different colors to create a layered artwork.",,,
https://www.instructables.com/Easy-LEGO-Wall-for-Makerspace-or-Classroom/,Easy LEGO Wall for Makerspace or Classroom : 7 Steps (with Pictures) - Instructables,Easy LEGO Wall for Makerspace or Classroom: This is my process for making a LEGO wall for my space.,https://content.instructables.com/FRC/O8QY/JOIY0H2Q/FRCO8QYJOIY0H2Q.jpg?auto=webp&frame=1&width=2100,"STEM, Play, Classroom","Engineering, Spatial awareness","LEGO baseplates, heavy-duty mounting tape or screws, wall space","1. Find a flat section of wall at child-height. 2. Apply mounting tape to the back of LEGO baseplates. 3. Carefully align and stick the plates to the wall (ensure they are perfectly flush so bricks can bridge the gap between plates). 4. Provide a bin of LEGO bricks nearby. 5. Children can now build ""out"" from the wall horizontally.",,,
https://www.instructables.com/Autumn-Candle-Holder/,Autumn Candle Holder : 5 Steps (with Pictures) - Instructables,"Autumn Candle Holder: Materials :
Brush 
Leaves 
Glass Jar 
Mode Page Glue",https://content.instructables.com/FRZ/OK8B/J8OR4T1F/FRZOK8BJ8OR4T1F.jpg?auto=webp&frame=1,"Art, Nature, Holiday","Creativity, Seasonal decor","Glass jar, dried autumn leaves, Mod Podge (glue), brush, tea light","1. Clean a glass jar. 2. Brush a layer of Mod Podge onto the outside of the jar. 3. Press dried (but flexible) autumn leaves onto the glue. 4. Brush another layer of Mod Podge over the leaves to seal them. 5. Once dry, place a tea light (battery-operated is safest) inside to see the leaf patterns glow.",,,
https://www.instructables.com/Rainstick-MakerTube/,Rainstick : 4 Steps (with Pictures) - Instructables,"Rainstick: The rainstick is believed to have been invented by a group of indigenous people in Northern Chile. They were made by hammering cactus spikes into dead cactus tubes and filling them with rocks. Whenever an object filters through a rainstick, it bounc…",https://content.instructables.com/FS1/OF6W/KJLFL71Q/FS1OF6WKJLFL71Q.jpg?auto=webp&frame=1,"Music, Recycling, STEM","Sound science, Sensory","Sturdy cardboard tube (mailing tube), aluminum foil, rice or beans, tape","1. Crumple a long strip of aluminum foil into a ""snake"" or coil and insert it into the tube. 2. Tape one end of the tube shut securely. 3. Pour in a half-cup of rice or dried beans. 4. Tape the other end shut. 5. Tilt the tube slowly; the foil inside slows down the falling rice, creating the sound of falling rain.",,,
https://www.instructables.com/Rule-of-Thumb-Three-Steps-to-Estimate-Objects/,Rule of Thumb - Three Steps to Estimate Objects. : 3 Steps (with Pictures) - Instructables,"Rule of Thumb - Three Steps to Estimate Objects.: In this instructable I will be showing you how to estimate the height of big objects.

What you need to know:
Be precise with measurements that you can make.
Artists use this technique to draw objects proportionally.
You can do this using the metric…",https://content.instructables.com/FST/LF9Z/KW3JE546/FSTLF9ZKW3JE546.png?auto=webp&frame=1,"Math, Estimation, Perspective","Spatial reasoning, Measurement","Your thumb, a distant object of known size","1. Hold your arm out straight and close one eye. 2. Align your thumb with one edge of the object. 3. Switch eyes and estimate how far your thumb ""jumped"" relative to the object. 4. Multiply that estimated distance by 10 to find your approximate distance from the object. 5. Alternatively, use the width of your thumb (approx 2 degrees) to gauge height.",,,
https://www.instructables.com/Abstract-Art-Assignment/,Abstract Art Assignment : 6 Steps (with Pictures) - Instructables,"Abstract Art Assignment: This instructable is part of the ""Teacher Contest"". Please vote :)

The following instructable will walk you through an art project you can do with your students to help them learn or&nbsp;reaffirm a variety of visual art related theories and techni…",https://content.instructables.com/FSV/ZYWV/GXL5OZUO/FSVZYWVGXL5OZUO.jpg?auto=webp&frame=1&width=2100,"Art, Creativity, Expression","Color theory, Composition","Paper, paint or markers, music (optional)","1. Choose a piece of music to listen to. 2. Use colors and shapes to represent the feelings or rhythm of the music. 3. Avoid drawing recognizable objects; focus on lines, dots, and splashes. 4. Experiment with different brush strokes—fast, slow, heavy, or light. 5. Fill the entire page with your ""mood.""",,,
https://www.instructables.com/Ultimate-Classroom-Table-Organiser/,Ultimate Classroom Table Organiser : 9 Steps (with Pictures) - Instructables,Ultimate Classroom Table Organiser: Every teacher knows what a challenge it is to keep all the things organised on a table in a classroom full of 5 and 6 year olds. This organiser was conceived as an entry into an instructables contest for Classroom Organisation ideas..I asked my part…,https://content.instructables.com/FSY/U53X/JZIOVPOF/FSYU53XJZIOVPOF.jpg?auto=webp&frame=1,"Classroom, Organization, Woodworking","Organization, Design","Plywood or heavy cardboard, wood glue, drill, saw","1. Measure the diameter of your classroom supplies (markers, scissors, glue). 2. Cut a circular base and a central handle pillar. 3. Drill holes into tiered levels to hold specific tools. 4. Assemble the tiers onto the pillar using glue. 5. Paint or label each section to help students return items to the correct spot.",,,
https://www.instructables.com/Chromatography-Flowers/,Chromatography Flowers : 8 Steps (with Pictures) - Instructables,"Chromatography Flowers: Chromatography is used to separate mixtures of substances into their components based on small differences in solubility of different molecules. To begin the process, you must dissolve a substance (called the mobile phase) into a second substance (c…",https://content.instructables.com/FT4/JNW9/K8T1ZQ01/FT4JNW9K8T1ZQ01.jpg?auto=webp&frame=1,"Science, Chemistry, Art","Capillary action, Solubility","White coffee filters, washable markers, water, pipe cleaners","1. Draw a thick circle around the center of a coffee filter with markers. 2. Fold the filter into a cone and dip the tip into water. 3. Wait for the water to travel to the edges, separating the ink colors. 4. Let the filter dry. 5. Scrunched the center and wrap a pipe cleaner around it to create a colorful flower.",,,
https://www.instructables.com/Gravity-Powered-Robot-Walker/,Gravity-Powered Robot Walker : 4 Steps (with Pictures) - Instructables,"Gravity-Powered Robot Walker: Walking robots have been a favorite project of robotics labs for a while. And if the robots are two-legged -- or walk as if they were two-legged -- scientists naturally look to human movement as a guide. Why reinvent the wheel (or the foot)?
One bra…",https://content.instructables.com/FT6/SQ8I/KF32FCPG/FT6SQ8IKF32FCPG.jpg?auto=webp&frame=1&width=2100,"STEM, Physics, Engineering","Center of mass, Friction","Cardboard, skewers, thread, weights (washers), glue","1. Cut two leg shapes and a body frame from cardboard. 2. Pivot the legs on a skewer axle. 3. Attach a thread to the axle and wind it, hanging a weight off the edge of a table. 4. Adjust the foot angle so the robot ""rocks"" back and forth. 5. The falling weight provides the energy to pull the robot forward.",,,
https://www.instructables.com/Stop-Motion-Animation-for-Kids/,Stop Motion Animation for Kids : 6 Steps (with Pictures) - Instructables,"Stop Motion Animation for Kids: Overview: At Boston Children's Museum, stop motion movie-making provides children with a great blend of storytelling and technology use. Stop motion is a filming technique where pictures are taken as objects are moved in small increments. When the p…",https://content.instructables.com/FT8/IPZ1/K06ZA1T7/FT8IPZ1K06ZA1T7.jpg?auto=webp&frame=1&width=2100,"Media, Art, Technology","Storytelling, Sequencing","Smartphone or tablet, stop-motion app, LEGO or clay","1. Set up a steady tripod or stand for your device. 2. Place your character in a starting position and take a photo. 3. Move the character a tiny amount. 4. Take another photo. 5. Repeat until the movement is complete, then play back at 10–12 frames per second.",,,
https://www.instructables.com/Paint-Made-from-Berries-Nature/,Paint Made From Berries & Nature : 4 Steps (with Pictures) - Instructables,Paint Made From Berries & Nature: In this Instructable you'll learn how to make paint from berries. This is a great project to do with kids. It's a lot of fun foraging for wild edible fruit and then using some of it to make paint!,https://content.instructables.com/FTA/2L49/HXG6M4SK/FTA2L49HXG6M4SK.jpg?auto=webp&frame=1,"Art, Nature, Chemistry","Sustainability, Extraction","Fresh berries (blackberries, raspberries), bowl, strainer","1. Place berries in a bowl and mash them with a fork. 2. Strain the pulp through a fine mesh or cloth to collect the juice. 3. Add a drop of vinegar to help preserve the color. 4. Use a paintbrush to apply the ""ink"" to paper. 5. Experiment with adding baking soda to see the color shift chemically.",,,
https://www.instructables.com/Tools-and-Resources-for-STEAM-Maker-Education/,Tools and Resources for STEAM Maker Education : 4 Steps (with Pictures) - Instructables,"Tools and Resources for STEAM Maker Education: This May I had the unique opportunity to volunteer in South Africa through Autodesk’s Pro Bono Program.  Our project was facilitated by Team4Tech, who connect technology volunteers with underserved communities around the world. I was part of a team …",https://content.instructables.com/FTM/CILK/J98RCO5P/FTMCILKJ98RCO5P.jpg?auto=webp&frame=1&width=2100,"STEM, Education, Resources","Research, Curriculum planning","Internet access, computer","1. Identify the age group and learning goals for your makerspace. 2. Explore platforms like Instructables, Tinkercad, and Scratch. 3. Gather ""low-tech"" materials like cardboard and tape. 4. Curate a list of project-based tutorials. 5. Create a ""Resource Station"" where students can look up guides independently.",,,
https://www.instructables.com/11-Ways-to-Cut-and-Connect-Cardboard/,11 Ways to Cut and Connect Cardboard : 4 Steps (with Pictures) - Instructables,"11 Ways to Cut and Connect Cardboard: I created this display of 11 techniques for cardboard for an upcoming two day Make Yourself Into a Maker Workshop I run for educators. One of the days is a challenge to create something out of cardboard that you can use in your classroom.
After runn…",https://content.instructables.com/FTS/9917/JLGV2SCN/FTS9917JLGV2SCN.png?auto=webp&frame=1,"STEM, Maker Ed, Engineering","Structural design, Fabrication","Cardboard, box cutter, hot glue, brass fasteners, tape","1. Learn the ""Flap and Slot"" method for connecting walls. 2. Use ""L-brackets"" made of folded cardboard for corners. 3. Create hinges using brass fasteners. 4. Use a ""Riveting"" technique with small cardboard scraps. 5. Apply ""Tab and Notch"" joints for 3D structures without using glue.",,,
https://www.instructables.com/Hug-A-Bunny-Bot/,Hug-A-Bunny Bot  : 6 Steps (with Pictures) - Instructables,Hug-A-Bunny Bot : The Hug-A-Bunny Bot wants to bring you joy and give you hugs!,https://content.instructables.com/FU5/NFT3/KLUVOW3B/FU5NFT3KLUVOW3B.jpg?auto=webp&frame=1&width=2100,"Robotics, Electronics, Soft Circuits","Basic circuitry, Sewing","Conductive thread, LED, coin battery, felt, stuffing","1. Cut two bunny shapes out of felt. 2. Sew an LED onto the front using conductive thread. 3. Create a ""path"" of thread to a battery pocket inside the bunny. 4. Ensure the positive and negative lines do not touch. 5. Stuff the bunny and sew shut so the light glows when the battery is pressed.",,,
https://www.instructables.com/12-Recipes-for-Homemade-Slime/,Easy Recipes for Homemade Slime  : 12 Steps (with Pictures) - Instructables,"Easy Recipes for Homemade Slime : If you love making your own slime, you've come to the right place! We have tons of DIY slime recipes here on Instructables, so I decided to pick a few of our tried-and-tested favorites to share.
In this instructable I'll show you recipes for clear s…",https://content.instructables.com/FU9/TF84/J6IEVDPH/FU9TF84J6IEVDPH.jpg?auto=webp&frame=1&width=2100,"Science, Chemistry, Sensory","Polymer science, Measurement","Glue, borax, contact solution, cornstarch, shaving cream","1. Choose a recipe (e.g., Fluffy Slime uses shaving cream). 2. Mix glue with your ""activator"" (borax or contact solution). 3. Stir until the mixture pulls away from the bowl. 4. Knead with your hands until it is no longer sticky. 5. Add ""mix-ins"" like glitter or beads for texture.",,,
https://www.instructables.com/How-to-Read-a-Ruler-and-other-simple-tricks/,How to Read a Ruler (and Other Simple Tricks). : 6 Steps (with Pictures) - Instructables,"How to Read a Ruler (and Other Simple Tricks).: While it may seem to be a very basic skill, being able to read a ruler is the foundation to just about any project you make by hand or even with a Shopbot!&nbsp;Reading a metric ruler is pretty simple- no fractions, everything converts nicely in fac…",https://content.instructables.com/FUA/95RI/GWF5UOOE/FUA95RIGWF5UOOE.jpg?auto=webp&frame=1,"Math, Measurement, Woodworking","Precision, Accuracy","Standard ruler (Imperial/Metric), pencil","1. Identify the ""Zero"" mark (it isn't always the very edge). 2. Count the small lines between inch marks (halves, quarters, eighths, sixteenths). 3. Align the object's edge perfectly with the zero line. 4. Read the closest whole number and add the fractional lines. 5. Practice by measuring common items like a pencil or phone.",,,
https://www.instructables.com/Teach-Preschool-to-10th-Grade-Math-With-WAFFLES/,Purposeful Snacking (Pre-K to 10th Grade Math) : 9 Steps (with Pictures) - Instructables,"Purposeful Snacking (Pre-K to 10th Grade Math): So I made waffles for my kids this morning, and suddenly it hit me: 
Waffles are the perfect tool for teaching math! 
We've often seen math taught with other household items, such as Legos. However, waffles can be used as blocks and units (like Lego…",https://content.instructables.com/FUD/VOKM/IN969D3W/FUDVOKMIN969D3W.jpg?auto=webp&frame=1,"Math, Early Childhood, STEM","Counting, Geometry, Fractions",Waffle blocks or building tiles,"1. Use blocks to build ""towers"" to teach basic counting. 2. Arrange blocks in grids to visualize multiplication (Area model). 3. Create 3D shapes to learn about vertices and faces. 4. Use different colored blocks to show parts of a whole (fractions). 5. Build bridges to test weight distribution and symmetry.",,,
https://www.instructables.com/No-sew-Owl-Costume/,No-sew Owl Costume : 19 Steps (with Pictures) - Instructables,"No-sew Owl Costume: Have you picked your costume for Halloween? Would you like to be a hoot owl this time?
As Halloween is around the corner, I wanted to share this DIY owl costume, which I made last year for my 2-year-old for the carnival. This 3 piece costume include…",https://content.instructables.com/FUE/5P1L/KGGJWVID/FUE5P1LKGGJWVID.jpg?auto=webp&frame=1&width=2100,"Art, Costume, Literacy","Creativity, Fine motor","Felt or old fabric, hot glue, scissors, old t-shirt","1. Cut dozens of ""feather"" shapes from different colors of felt. 2. Starting from the bottom of the t-shirt, glue rows of feathers overlapping upwards. 3. Create a simple felt mask with a beak and large eyes. 4. Glue ""wing"" panels to the sleeves. 5. Wear with brown or gray pants to complete the owl look.",,,
https://www.instructables.com/Cardboard-Box-Foosball/,Cardboard Box Foosball : 6 Steps (with Pictures) - Instructables,"Cardboard Box Foosball: Materials
Cardboard box 2 Sticks*1 small ball***Try dowels, skewer sticks, chopsticks, straws, small branches**Try a ping pong ball, marble, some balled up paper, tin foil
ToolsBoxcutter or serrated knife Glue or tape Markers",https://content.instructables.com/FUF/HKF7/KDRE0KVM/FUFHKF7KDRE0KVM.jpg?auto=webp&frame=1,"STEM, Games, Engineering","Physics, Construction","Large shoebox, wooden skewers, clothespins, ping pong ball","1. Cut goals into the ends of a shoebox. 2. Poke four holes on the sides and slide skewers through. 3. Clip clothespins onto the skewers to serve as ""players."" 4. Tape the skewers so they don't slide out but can still spin. 5. Drop in a ping pong ball and use the skewers to ""kick"" the ball.",,,
https://www.instructables.com/Mosaic-Hand-Art/,Mosaic Hand Art : 8 Steps (with Pictures) - Instructables,"Mosaic Hand Art: Hi, I created this fantastically colourful mosaic hand at the school that I work at. We wanted to create an art piece that every student and staff member at the school could have some input in. By choosing to do mosaic it allowed every person to pla…",https://content.instructables.com/FVN/V6AI/KQ16ASTB/FVNV6AIKQ16ASTB.jpg?auto=webp&frame=1,"Art, Fine Motor, Geometry","Patterning, Spatial awareness","Paper, markers, glue, scraps of colored paper","1. Trace your hand onto a piece of cardstock. 2. Cut colored paper into small, irregular ""tiles."" 3. Glue the tiles inside the hand outline, leaving tiny gaps between them (the ""grout""). 4. Use contrasting colors for the background. 5. Outline the hand with a black marker to make the mosaic pop.",,,
https://www.instructables.com/String-Art-for-Kids/,String Art for Kids : 5 Steps (with Pictures) - Instructables,"String Art for Kids: At Boston Children’s Museum, we use this String Art activity to support kids in practicing skills such as thinking creatively and expressing themselves while practicing how to safely use tools. 
Overview: In this activity, kids will plan a design an…",https://content.instructables.com/FVP/17XD/JPSO0KZ0/FVP17XDJPSO0KZ0.jpg?auto=webp&frame=1&width=2100,"Art, Math, Geometry","Fine motor, Patterning","Wood board, small nails, hammer, colorful yarn",1. Draw a simple shape (like a heart or star) on the wood. 2. Space nails evenly around the outline and hammer them in halfway. 3. Tie the yarn to one nail. 4. Criss-cross the yarn between different nails to fill the shape. 5. Tie off the end and tuck it under the strings.,,,
https://www.instructables.com/Non-Toxic-Craft-and-Sensory-Sand/,"Non-Toxic Craft and Sensory ""Sand"" : 11 Steps (with Pictures) - Instructables","Non-Toxic Craft and Sensory ""Sand"": This Instructable will cover how to use craft paint and salt to make a non-toxic rainbow play or sensory ""sand"".
Preparing the sand is simple and easy. It  takes about a half hour of prep (mixing) and at least an hour of dry-time,-but this depends o…",https://content.instructables.com/FVY/0D54/KDYJKXC5/FVY0D54KDYJKXC5.jpg?auto=webp&frame=1,"Sensory, Play, Chemistry",Tactile exploration,"Flour, vegetable oil, sand (optional), food coloring","1. Mix 8 parts flour with 1 part oil. 2. Rub the mixture between your hands until it reaches a ""kinetic"" consistency. 3. Add fine sand if you want a grittier texture. 4. Add dry tempera paint or oil-based coloring for hue. 5. Store in an airtight container for repeat sensory play.",,,
https://www.instructables.com/Model-Magic-Texture-Stamps/,Model Magic Texture Stamps : 6 Steps (with Pictures) - Instructables,"Model Magic Texture Stamps: I once gave my kindergarten students a small ball of Model Magic to experiment with, and one of them pressed it up against a texture rubbing plate. This wasn't what I had in mind for the activity, but it turned out to be a wonderful way for my stude…",https://content.instructables.com/FW8/NNMP/ICD7F2JT/FW8NNMPICD7F2JT.jpg?auto=webp&frame=1,"Art, Ceramics, Texture","Observation, Impression","Model Magic (or clay), household items (combs, keys, lace)","1. Roll Model Magic into small balls or cylinders. 2. Press objects with interesting textures into the surface. 3. Remove the objects to see the negative impression. 4. Let the stamps air dry. 5. Once dry, press the ""stamps"" into fresh clay or use them with ink on paper.",,,
https://www.instructables.com/Kazoo-MakerEd-at-Home/,Kazoo : 6 Steps (with Pictures) - Instructables,"Kazoo: A kazoo is a member of the membranophone family of instruments. A membranophone uses a membrane or resonator to produce sound. When you hum, talk or sing into a kazoo the air produced by your voice vibrates the membrane or resonator creating its uni…",https://content.instructables.com/FW9/NM0F/KJLFL3K8/FW9NM0FKJLFL3K8.jpg?auto=webp&frame=1,"Music, Physics, Sound","Vibration, Frequency","Jumbo craft sticks, rubber bands, plastic straw",1. Place a thick rubber band lengthwise around one craft stick. 2. Cut two small pieces of straw and place them under the rubber band at each end. 3. Place the second craft stick on top. 4. Secure the ends of the sticks together with smaller rubber bands. 5. Blow into the gap to make the center rubber band vibrate and buzz.,,,
https://www.instructables.com/Free-Halloween-Mummybot-Papercraft/,Free Halloween Mummybot Papercraft : 11 Steps (with Pictures) - Instructables,"Free Halloween Mummybot Papercraft: Say hello to our Halloween papercraft for 2019: the Mummybot!• ENTER THE INSTRUCTABLES #MUMMYBOT I MADE IT CHALLENGE •
When you post a photo of your Mummybot papercraft (here on this Instructable as an ""I Made It"", or on Twitter, or Instagram), we’l…",https://content.instructables.com/FWR/93YF/K2262926/FWR93YFK2262926.jpg?auto=webp&frame=1,"Art, Papercraft, STEM","Folding, 3D modeling","Printed template, scissors, glue",1. Print the Mummybot template on cardstock. 2. Cut along the solid outer lines. 3. Score and fold along the dotted lines. 4. Apply glue to the tabs labeled with letters. 5. Press the tabs to the corresponding panels to form a 3D robot character.,,,
https://www.instructables.com/Teaching-Cross-pollination-in-Pre-school/,Teaching Cross-pollination in Pre-school : 3 Steps (with Pictures) - Instructables,Teaching Cross-pollination in Pre-school: This morning the greenhouse keeper at my school asked me if I could help him put together a lesson teaching cross pollination of a flower in a garden to his pre kindergartens that would be visiting the greenhouse. He said he wanted to demonstrate th…,https://content.instructables.com/FX2/BI7E/J2QF0M8S/FX2BI7EJ2QF0M8S.jpg?auto=webp&frame=1&width=2100,"Science, Biology, Botany","Life cycles, Ecology","Flowers, small paintbrushes, magnifying glass","1. Observe the ""center"" of a flower (stamen and pistil). 2. Use a brush to collect yellow dust (pollen) from one flower. 3. Gently ""tickle"" the center of a different flower of the same type. 4. Explain how bees do this naturally to help plants make seeds. 5. Use the magnifying glass to look for pollen on local bees.",,,
https://www.instructables.com/Block-Printing-With-Foam-Stamps/,Block Printing With Foam Stamps : 4 Steps (with Pictures) - Instructables,"Block Printing With Foam Stamps: Block printing is the overall term for creating prints using some variation on a stamp. You can use a wide variety of materials for making your stamps, the ink or paint you’ll use, or what you choose to print on. Making stamps with foam is a bit eas…",https://content.instructables.com/FXI/6V6Q/KJ8KMXQK/FXI6V6QKJ8KMXQK.jpg?auto=webp&frame=1,"Art, Printmaking, Design","Mirror imaging, Patterns","Styrofoam meat tray or foam sheet, pencil, paint, roller","1. Use a blunt pencil to press a deep design into a foam sheet. 2. Roll a thin layer of paint over the foam surface. 3. Press the foam firmly onto a piece of paper. 4. Peel back to reveal the ""relief"" print. 5. Wash the foam and repeat with different colors.",,,
https://www.instructables.com/Rainbow-Salt-Crystal-Painting/,Rainbow: Salt Crystal Painting : 3 Steps (with Pictures) - Instructables,"Rainbow: Salt Crystal Painting: Hello everyone,This instructable is about salt crystal painting. It is a fun and interesting STEM activity that you can do with your child. For this instructable I used a rainbow theme to make this painting as it was easy to draw.The&nbsp;Science Be…",https://content.instructables.com/FXK/RYYX/KP2MDM6L/FXKRYYXKP2MDM6L.jpg?auto=webp&frame=1&width=2100,"Art, Chemistry, Physics","Crystallization, Absorption","Salt, hot water, watercolor paint, paper","1. Create a very salty ""saturated"" water solution. 2. Paint a picture on heavy paper using watercolors. 3. While the paint is still wet, drop the salt water onto the paper. 4. As it dries, the salt will crystallize, creating sparkling textures. 5. Observe how the salt pulls the pigment into star-like patterns.",,,
https://www.instructables.com/Camouflage-Critters/,Camouflage Critters  : 4 Steps (with Pictures) - Instructables,"Camouflage Critters : The Science of Camouflage
Have you ever wanted to make yourself disappear while playing a game of hide and seek? Some animals do this every day! Camouflage is a defense technique used by animals to avoid being seen or help them blend in with their e…",https://content.instructables.com/FXO/OVI7/K9R60HJG/FXOOVI7K9R60HJG.png?auto=webp&frame=1,"Science, Biology, Evolution","Adaptation, Observation","Small ""critters"" (cut-outs), various backgrounds","1. Hide colored paper scraps (critters) on a matching background (e.g., green on grass). 2. Have ""predators"" (students) try to find as many as possible in 10 seconds. 3. Repeat with ""critters"" that contrast with the background. 4. Discuss which ones survived and why. 5. Design a new ""critter"" to hide in a specific classroom spot.",,,
https://www.instructables.com/Paperboard-Mosaics/,paper/carboard junk mosaic,,https://content.instructables.com/FXW/QFXW/KGAU1T06/FXWQFXWKGAU1T06.jpg?frame=true&width=925&height=1024&fit=bounds,"Art, Recycling, Math","Tessellation, Sorting","Cereal boxes or thin cardboard, glue, paper",1. Collect empty food boxes with different colors and patterns. 2. Cut the cardboard into small squares or triangles. 3. Organize the pieces by color. 4. Glue them onto a template to create a colorful image. 5. Ensure the pieces fit closely together like a real tile mosaic.,,,
https://www.instructables.com/Excavation-Kit-educational-DIY-for-Kids/,"Excavation Kit (educational, DIY, for Kids) : 5 Steps (with Pictures) - Instructables","Excavation Kit (educational, DIY, for Kids): A really easy and cheap recipe for young paleontologists: an excavation kit full of surprises. Just take a A4 sized box, plaster of paris, sand, water, some toys to plough under. You'll give the kids hours of fun and learning with only 30 min of pre…",https://content.instructables.com/FY3/ZZ34/K2HKA8Z2/FY3ZZ34K2HKA8Z2.jpg?auto=webp&frame=1&width=2100,"Science, Geology, History","Archaeology, Patience","Plaster of Paris, sand, water, small plastic ""artifacts""","1. Mix sand and plaster with water to create a slurry. 2. Bury small toys or ""fossils"" in the mixture inside a container. 3. Let the block dry completely (usually 24 hours). 4. Provide the ""explorer"" with a brush and a small stick. 5. Carefully chip away the ""rock"" to uncover the treasures inside.",,,
https://www.instructables.com/Whats-the-Weather-Tomorrow-With-LittleBits/,What's the Weather Tomorrow?- With LittleBits : 5 Steps (with Pictures) - Instructables,"What's the Weather Tomorrow?- With LittleBits: This simple internet connected device uses the cloudbit by LittleBits to fetch the weather forecast for tomorrow. It lights up the sun or raincloud accordingly to remind you!
 What you need: 


Littlebits: USB power, USB power cable and plug, cloudb…",https://content.instructables.com/FYH/RFNF/IZ6D65EI/FYHRFNFIZ6D65EI.jpg?auto=webp&frame=1&width=2100,"Science, Technology, Meteorology","Inputs/Outputs, Coding","LittleBits (Power, CloudBit, LED), IFTTT app","1. Connect the Power bit to the CloudBit. 2. Use the IFTTT app to connect a weather service to the CloudBit. 3. Set a trigger: ""If it is going to rain tomorrow, turn on the LED."" 4. Assemble the circuit into a small cardboard ""weather station."" 5. Check the light each evening to see the forecast.",,,
https://www.instructables.com/Homemade-Fossils/,Homemade Fossils! : 5 Steps (with Pictures) - Instructables,"Homemade Fossils!: Feeling like a fossil but don't want to wait 100 million years? Now you can make them just like Mother (Earth) used to make! Don't be petrified, it's not as hard as you think. These mold and cast fossils are great for school, home, or as a prank on …",https://content.instructables.com/FYW/U24D/ICN7GA9I/FYWU24DICN7GA9I.jpg?auto=webp&frame=1,"Science, Geology, Biology","Preservation, Impressions","Salt dough or clay, plastic animals or leaves, coffee grounds","1. Mix flour, salt, and coffee grounds (for a ""dirt"" look) with water. 2. Roll the dough into flat ""stones."" 3. Press a plastic dinosaur or a leaf firmly into the dough. 4. Remove the object to leave a deep impression. 5. Bake at a low temperature or air dry until rock-hard.",,,
https://www.instructables.com/Flying-Fish-Paper-Spinner/,Flying Fish Paper Spinner : 7 Steps (with Pictures) - Instructables,"Flying Fish Paper Spinner: This is a fun activity and a great boredom-buster for children that can keep them engrossed in their imagination for hours. All you need is some paper and scissors and you're ready to go.
 Being simple and mess-free is an added bonus making this a g…",https://content.instructables.com/FZ4/KFU4/KSONGJKT/FZ4KFU4KSONGJKT.jpg?auto=webp&frame=1,"STEM, Physics, Aeronautics","Aerodynamics, Rotation","Paper, scissors, paperclip","1. Cut a rectangle of paper and make two slits at the top to create ""wings."" 2. Fold the wings in opposite directions. 3. Fold the bottom part of the paper up and secure it with a paperclip. 4. Drop the ""fish"" from a height. 5. The air resistance makes the spinner rotate like a helicopter as it falls.",,,
https://www.instructables.com/Stabile-Paper-Sculpture/,Stabile Paper Sculpture : 5 Steps (with Pictures) - Instructables,"Stabile Paper Sculpture: Inspired by artist Alexander Calder, these easy-to-make sculptural pieces provide endless play and creativity for the young art-chitects.",https://content.instructables.com/FZ7/MDM8/K84NL5CC/FZ7MDM8K84NL5CC.jpg?auto=webp&frame=1,"Art, Physics, Sculpture","Balance, Stability","Cardboard, wire or skewers, heavy base (clay or wood)","1. Cut several abstract shapes from colorful cardboard. 2. Attach the shapes to the ends of wire arms. 3. Balance the wires on a central vertical ""stabile"" stand. 4. Adjust the weight and position until the sculpture stays upright without falling. 5. Unlike a mobile, a stabile sits on a surface while still allowing parts to move in the wind.",,,
https://www.instructables.com/RattleBot/,RattleBot : 7 Steps (with Pictures) - Instructables,"RattleBot: Are you ready to practice your Frankenstein skills and bring a toothbrush to life? Follow these steps to make a creepy-crawly friend with nothing more than a toothbrush, paperclips, and tape!
     Materials: electric toothbrush with one AA battery (…",https://content.instructables.com/FZA/X107/KF2JHJIX/FZAX107KF2JHJIX.jpg?auto=webp&frame=1,"STEM, Robotics, Engineering","Basic circuitry, Fine motor","Electric toothbrush, AA battery, paperclips, tape","1. Remove the motor and battery assembly from an electric toothbrush. 2. Tape the battery and motor together so the offset weight can spin freely. 3. Attach paperclip ""legs"" to the battery body using tape. 4. Connect the wires to the battery to start the vibration. 5. Place on a smooth surface and watch it skitter around.",,,
https://www.instructables.com/Learning-the-Four-Classical-Elements-the-Construct/,Learning the Four Classical Elements: the Constructivism Way : 4 Steps (with Pictures) - Instructables,Learning the Four Classical Elements: the Constructivism Way: Constructivism is the theory that supports learners constructing knowledge rather than just passively accepting information. This Instructable sets up a learning situation where students create their own meaning of the classical elements using Lego …,https://content.instructables.com/FZQ/RQ6Z/KSN80RMU/FZQRQ6ZKSN80RMU.jpg?auto=webp&frame=1&width=2100,"STEM, Philosophy, Logic","Constructivism, Critical thinking",LEGO bricks,"1. Introduce the four classical elements: Earth, Air, Fire, and Water. 2. Provide a bin of various LEGO bricks. 3. Ask students to build a representation of each element based on their own understanding. 4. Have students explain why their specific colors and shapes represent that element. 5. Compare different constructions to see how meaning is built individually.",,,
https://www.instructables.com/Crayon-Playdough/,Crayon Playdough : 5 Steps (with Pictures) - Instructables,"Crayon Playdough: Crayon Playdough recipe is very simple to make. You can make different colors of playdough using different shades of crayons. It gives bold color to dough. Try it out for your preschooler, they will love it for sure. ",https://content.instructables.com/FZR/IWQ6/IDQHP9K1/FZRIWQ6IDQHP9K1.jpg?auto=webp&frame=1,"Art, Sensory, Chemistry","Color theory, Measurement","Crayons, flour, salt, water, vegetable oil, cream of tartar","1. Grate or chop crayons into small bits. 2. Mix flour, salt, and cream of tartar in a pot. 3. Add water, oil, and the crayon bits. 4. Cook over medium heat, stirring constantly until a ball forms. 5. The heat melts the crayons into the dough, creating vibrant, bold colors.",,,
https://www.instructables.com/Rainbow-in-a-Bottle/,Rainbow in a Bottle : 6 Steps (with Pictures) - Instructables,"Rainbow in a Bottle: This ""Rainbow in a Bottle"" is a layered solution using different densities of salt water. The materials are super cheap and the end result is impressive.
This project is something I do with my 7th-grade students in my science class. You can find the…",https://content.instructables.com/FZS/1TFE/JVWNO8DB/FZS1TFEJVWNO8DB.jpg?auto=webp&frame=1&width=2100,"Science, Chemistry, Physics","Density, Stratification","Glass bottle, water, sugar (or salt), food coloring","1. Prepare four cups of water with different colors. 2. Add different amounts of sugar/salt to each (e.g., 1 tbsp in red, 2 in yellow, 3 in green, 4 in blue). 3. Stir until dissolved. 4. Carefully layer the liquids in a bottle starting with the densest (most sugar) at the bottom. 5. Use a dropper to slowly add layers to prevent mixing.",,,
https://www.instructables.com/Large-Toy-Beads/,Large Toy Beads : 10 Steps (with Pictures) - Instructables,Large Toy Beads: My daughter got lacing beads as a gift that consisted of square and various round beads she could lace onto a string for fun and hand-eye coordination practice. I thought it would be fun to supplement her set with some other shapes and letters. For …,https://content.instructables.com/FZZ/KVUU/K9D1QBMW/FZZKVUUK9D1QBMW.jpg?auto=webp&frame=1&width=2100,"Art, Fine Motor, Woodworking","Coordination, Design","Wood scraps or thick cardboard, drill, paint, string","1. Cut wood or cardboard into various shapes (squares, circles, letters). 2. Drill a hole through the center of each piece. 3. Sand the edges until smooth. 4. Paint the beads in bright colors. 5. Use a thick string or shoelace for the child to practice lacing and pattern making.",,,
,pressing flowers,,https://dryuc24b85zbr.cloudfront.net/tes/resources/12924893/image?width=500&height=500&version=1714822911493,"Nature, Art, Biology","Observation, Preservation","Fresh flowers, heavy books, paper towels","1. Collect fresh flowers or leaves. 2. Place them between two layers of paper towels. 3. Insert the ""sandwich"" into the middle of a heavy book. 4. Stack more books on top for weight. 5. Leave for 1-2 weeks until completely dry and flat.",,,
https://www.instructables.com/Rainy-Cloud-Room-Decor/,raincloud decoration,,https://encrypted-tbn0.gstatic.com/images?q=tbn:ANd9GcSED5UgcVhJdD74ZniTAawLir8HK9KVEdtqQFLoEerTm1DqWg,"Art, Decor, Fine Motor","Creativity, Construction","Cardboard, cotton wool, blue yarn/string, glue","1. Cut a cloud shape out of cardboard. 2. Glue pulled-apart cotton wool all over the cloud. 3. Cut several lengths of blue yarn to represent rain. 4. Attach the yarn to the bottom of the cloud. 5. Hang the cloud and watch the ""raindrops"" dangle.",,,
https://www.instructables.com/Straw-Oboe/,straw oboe,,https://encrypted-tbn1.gstatic.com/images?q=tbn:ANd9GcQfkkL0pkbiBrGlSQ7ub7ucYGeVcyoMPbUPTr6aA12q_5VYHA,"Music, Physics, Sound","Vibration, Pitch","Plastic drinking straw, scissors","1. Flatten about 1 inch of one end of the straw. 2. Cut two small triangles off the corners of the flattened end to create a ""V"" shape (the reed). 3. Put the V-end in your mouth and blow hard. 4. Trim the straw to see how a shorter length creates a higher pitch. 5. Experiment with blowing pressure to change the sound.",,,
https://www.instructables.com/Toothbrush-Painting/,toothbrush splatter painting,,https://encrypted-tbn1.gstatic.com/images?q=tbn:ANd9GcSrQlGu9fqmmdK7ZnoucPV_ptg_0JCb1iPuahYSkHeRdfTeXg,"Art, Sensory, Movement","Fine motor, Expression","Old toothbrush, paint, paper","1. Dip an old toothbrush into slightly watered-down paint. 2. Hold the brush over a piece of paper. 3. Run your thumb across the bristles to ""flick"" the paint. 4. Repeat with different colors to create a starry or textured effect. 5. Use stencils on the paper before spraying for a ""negative"" image.",,,
https://www.youtube.com/shorts/KsOPmmM6NUI?feature=share,paper fidgit toy,,https://encrypted-tbn2.gstatic.com/images?q=tbn:ANd9GcT5xywPySE34opy1hfxvfE5RnH6lWhrzrh5TwqQI_a--Zelf0oe,"Art, Engineering, Toys","Folding, Geometry","Paper, markers","1. Start with a square piece of paper. 2. Follow a series of ""valley"" and ""mountain"" folds to create an origami-style structure. 3. Decorate the faces with different patterns or emojis. 4. Ensure the folds allow the toy to ""rotate"" or ""flip"" infinitely. 5. Use it as a tactile tool to keep hands busy and focused.",,,
https://www.instructables.com/Your-First-Pixel-Art/,pixelart,,https://encrypted-tbn3.gstatic.com/images?q=tbn:ANd9GcS4K174FbR2yS6IebujZPIxrpxblGgPYL0-yLFlj8G-ThIfhQ,"Art, Technology, Math","Patterning, Digital art basics","Graph paper, markers","1. Look at low-resolution digital images. 2. Use graph paper where each square represents one ""pixel."" 3. Fill in squares with solid colors to create a character or object. 4. Avoid diagonal lines; only use vertical and horizontal blocks. 5. Try to create a recognizable face using the fewest squares possible.",,,
,helicopter stories,Children tell and act out their stories,https://github.com/boobalootoo/things/blob/main/EYed/picsforacs/helicopterstories.jpg?raw=true,"Literacy, Drama, Play","Storytelling, Confidence","Paper, pencils, stage area",1. Have a child dictate a story exactly as they tell it. 2. Read the story aloud to a group. 3. Invite the child (and friends) to act out the story as it is read. 4. Focus on the child's original words without correcting grammar. 5. Encourage creative movement to represent the characters' actions.,,,
,sticky note rainbow hunt,"make a line of 1 each of different coloured sticky notes somewhere and hide 4 more of each colour on something around the house, once they have found one they put it under the one in the row",https://github.com/boobalootoo/things/blob/main/EYed/picsforacs/stickynoterainbowhunt.jpg?raw=true,"Games, Movement, Recognition","Color matching, Scanning",Multi-colored sticky notes,"1. Place one ""base"" sticky note of each color in a row on a wall. 2. Hide 4-5 matching sticky notes of each color around the room. 3. The child must find a hidden note and ""match"" it by placing it underneath the base note. 4. Continue until all columns are filled. 5. Time the activity to add a challenge.",,,
,under the leg ball pass,"sit on the floor with your legs, bent and raised 90 degrees from the floor, see how many times you can pass a ball around your legs before you need to put your legs down ",https://github.com/boobalootoo/things/blob/main/EYed/picsforacs/underthelegballpass.jpg?raw=true,"Physical Ed, Movement, Balance","Core strength, Coordination",Soft ball,"1. Sit on the floor with knees bent and feet lifted. 2. Hold a ball and pass it under one leg, then the other in a ""figure 8."" 3. Keep your feet off the ground the entire time. 4. Count how many passes you can do before your feet touch. 5. Try passing the ball around both legs simultaneously.",,,
,poser person,,https://i.ebayimg.com/images/g/21kAAeSwA~Jo1XA4/s-l960.webp,"Art, Anatomy, Drama","Spatial awareness, Body language","Cardboard, brass fasteners, markers","1. Trace body parts (limbs, torso, head) on cardboard. 2. Cut them out and poke holes at the joints. 3. Connect the parts using brass fasteners so the person can ""pose."" 4. Draw clothes or faces on the figure. 5. Use the figure as a reference for drawing different action poses.",,,
,body part placer,,https://i.ebayimg.com/images/g/uI0AAeSwIexpZ5d~/s-l1600.webp,"Science, Biology, Recognition","Anatomy, Observation","Paper, tape, markers","1. Draw a large outline of a person on a roll of paper. 2. Create separate cards with the names or drawings of body parts (elbow, knee, lungs). 3. Have children take turns placing the cards on the correct spot on the outline. 4. Discuss what each part does. 5. Use your own body to ""find"" the parts as you place the cards.",,,
,drip painting hair,,https://i.pinimg.com/1200x/05/98/79/059879618ec441b0119b0920c9e0f3e7.jpg,"Art, Gravity, Expression","Fluid dynamics, Creativity","Paper, liquid paint, straws","1. Place a large dollop of paint at the top of a piece of paper. 2. Prop the paper up vertically to let the paint drip down. 3. Use a straw to blow the drips in different directions. 4. Layer different colors to see them blend as they fall. 5. Once dry, draw faces at the top of the drips so the paint looks like colorful hair.",,,
,egg box teddy bears,,https://i.pinimg.com/1200x/08/59/fe/0859fe9de04b317072bbe631719aeb65.jpg,"Art, Recycling, Animals","Construction, Texture","Egg carton, glue, paint, cotton balls","1. Cut two cups out of an egg carton. 2. Glue them together to form the head and body. 3. Use the ""humps"" for ears or paws. 4. Paint the carton brown or white. 5. Glue a small cotton ball to the back for a tail and draw on a face.",,,
,draw your own articulated figurines,,https://i.pinimg.com/1200x/0a/bf/0c/0abf0cc1f2c02c6fa3e15bc6fcb01f3f.jpg,"Art, Engineering, Play","Mechanical joints, Drawing","Cardstock, brass fasteners, pencils","1. Draw a person or animal in sections (head, arms, legs). 2. Cut the sections out. 3. Overlap the joints and secure with a brass fastener. 4. Move the limbs to see how the figure can sit, run, or wave. 5. Use these as characters for a stop-motion video or a puppet show.",,,
,pipe cleaner hand puppets,,https://i.pinimg.com/1200x/0d/68/6c/0d686c2bfa384964c3e10035582d4b96.jpg,"Art, Drama, Puppetry","Fine motor, Imagination","Pipe cleaners, googly eyes, pom-poms","1. Wrap a pipe cleaner around your finger to create a spiral. 2. Slide the spiral off; this is the body. 3. Glue googly eyes and a pom-pom ""nose"" to the top. 4. Add smaller pipe cleaner pieces for ears or arms. 5. Put them on your fingers and put on a play.",,,
,egg box reef,,https://i.pinimg.com/1200x/0d/f9/a9/0df9a97963355e0bd97b5c41f1d71e82.jpg,"Art, Recycling, Ecology","3D Design, Environment","Egg cartons, green/blue paint, glitter, scraps","1. Use the bottom of a large egg carton as the ""seabed."" 2. Cut individual cups and trim the edges to look like anemones or coral. 3. Paint everything in vibrant ""underwater"" colors. 4. Glue in small pebbles or blue paper scraps for water. 5. Add paper fish or pipe cleaner seaweed to complete the reef.",,,
,salt dough,,https://i.pinimg.com/1200x/12/70/7d/12707d25b6e6e22b97086e544de265ef.jpg,"Sensory, Chemistry, Art","Texture, Measurement","2 cups flour, 1 cup salt, 1 cup water",1. Mix the flour and salt in a large bowl. 2. Gradually add water while stirring until it reaches a dough-like consistency. 3. Knead for 5-10 minutes until smooth. 4. Model the dough into shapes or ornaments. 5. Air dry for several days or bake at a low temperature until hard.,,,
,mini gardens,,https://i.pinimg.com/1200x/2d/bb/28/2dbb28ffea89b83b98ba14a23364a867.jpg,"Nature, Biology, Responsibility","Botany, Observation","Small containers, soil, seeds, tiny decorations","1. Fill a small pot or tray with soil. 2. Plant quick-growing seeds like cress or grass. 3. Add ""fairy garden"" elements like small stones or stick fences. 4. Water the garden gently every day. 5. Observe how the ""landscape"" changes as the plants grow.",,,
,toilet roll tube fish,,https://i.pinimg.com/1200x/4e/8f/62/4e8f627b12d901b5ce22d0b617874ed1.jpg,"Art, Recycling, Animals","Geometry, Construction","Toilet paper roll, paint, paper, scissors","1. Paint a cardboard tube a bright color. 2. Once dry, squash one end of the tube and staple it shut in a ""V"" shape for the tail. 3. Cut two slits in the sides and insert paper triangles for fins. 4. Draw large eyes on the open end. 5. Decorate with scales using markers or glitter.",,,
,disappearing picture,,https://i.pinimg.com/1200x/56/a3/19/56a319f418115754471fd80413c899ca.jpg,"Art, Magic, Light","Refraction, Observation","Ziploc bag, white paper, black marker, permanent markers","1. Draw a picture on white paper with a black marker (e.g., an empty glass). 2. Place the paper inside a Ziploc bag. 3. Use permanent markers to draw ""on"" the bag (e.g., fill the glass with orange juice). 4. Dip the bag into a container of water at an angle. 5. The white paper will seem to disappear, leaving only the drawing on the bag visible.",,,
,tiger puppet,,https://i.pinimg.com/1200x/57/13/11/57131104f2e7194158e626816bea5796.jpg,"Art, Animals, Puppetry","Fine motor, Expression","Paper bag or cardstock, orange/black markers, glue","1. Use an orange paper bag as the base. 2. Draw black stripes all over the bag. 3. Cut out ears and a long tail from orange paper and glue them on. 4. Create a ""mouth"" in the fold of the bag. 5. Stick your hand in and make the tiger roar.",,,
,cardboard construction,,https://i.pinimg.com/1200x/57/ee/17/57ee173f0aaf3c6b785a77501b949a89.jpg,"STEM, Engineering, Play","Structural integrity, Design","Cardboard boxes, tape, box cutter","1. Collect boxes of different sizes. 2. Cut ""slots"" into the sides of the cardboard. 3. Slide the cardboard pieces together to build walls and towers without glue. 4. Use tape only for reinforcing heavy joints. 5. Build a structure large enough to sit inside.",,,
,lolly stick circle game,,https://i.pinimg.com/1200x/58/51/f7/5851f72c54ca82bd8c238ca163301f34.jpg,"Games, Math, Recognition","Geometry, Turn-taking","Lolly sticks (popsicle sticks), markers","1. Write numbers or draw shapes on the ends of lolly sticks. 2. Place them face down in a circle. 3. Players take turns flipping two sticks. 4. If the sticks match (e.g., both have a square), the player keeps them. 5. Continue until all ""matches"" are found.",,,
,kinetic sand,,https://i.pinimg.com/1200x/79/d7/07/79d707a682d8b7175dcaf05ce03d5d13.jpg,"Sensory, Chemistry, Physics","Friction, Non-Newtonian fluids","9 cups sand, 3 cups cornstarch, 1.5 cups water","1. Mix the sand and cornstarch thoroughly in a large bin. 2. Add water and stir until the mixture is crumbly but holds its shape when squeezed. 3. Add a few drops of dish soap to make it extra soft. 4. Use molds to build towers. 5. Watch how the sand ""flows"" when you break the structure.",,,
,paper weaving,,https://i.pinimg.com/1200x/7c/4b/4b/7c4b4b57522eb28931e12f21920f4d81.jpg,"Art, Math, Patterns","Fine motor, Sequencing","Paper (two colors), scissors","1. Fold a piece of paper in half and cut slits from the fold, stopping an inch from the edge. 2. Cut strips of a different colored paper. 3. Weave the strips through the slits in an ""over-under"" pattern. 4. Push the strips close together. 5. Glue the ends of the strips to the edges of the base paper to secure the design.",,,
,dino race spelling,,https://i.pinimg.com/1200x/80/e9/92/80e992d92d21ffafc174a519799e1ec7.jpg,"Games, Literacy, Competition","Spelling, Movement","Toy dinosaurs, letter tiles or cards","1. Lay out a ""track"" of letters on the floor. 2. Give each child a dinosaur. 3. Call out a simple word (e.g., ""CAT""). 4. The children must move their dinosaur to each letter of the word in the correct order. 5. The first dinosaur to finish the word wins the round.",,,
,flubber,,https://i.pinimg.com/1200x/8c/3a/66/8c3a663043ea4dca0c1171e2607d35cc.jpg,"Science, Chemistry, Sensory","Polymers, Viscosity","1.5 cups warm water, 2 cups white glue, 1.5 cups warm water (separate), 3 tbsp Borax","1. Mix 2 cups glue with 1.5 cups water and food coloring. 2. In a separate bowl, dissolve Borax in 1.5 cups warm water. 3. Slowly pour the Borax solution into the glue mixture. 4. Reach in and pull the mass out, kneading it until it is smooth and rubbery. 5. Unlike slime, ""flubber"" is tougher and bounces higher.",,,
,wave picture,,https://i.pinimg.com/1200x/94/a8/62/94a862288f074527107715283bd98e38.jpg,"Art, Physics, Nature","Fluid dynamics, Layers","Paper, blue and white paint, cardboard scrap","1. Place dots of blue and white paint at the bottom of a page. 2. Use a straight edge of cardboard to ""drag"" the paint upward in a wavy motion. 3. The colors will swirl together to look like ocean waves. 4. Add ""foam"" by dabbing white paint with a sponge at the top of the waves. 5. Let dry and add paper boats.",make waves more pointy so it can be folded like a card,,
,bioplastic suncatchers,,https://i.pinimg.com/1200x/97/f7/be/97f7be4666367f92e1bcf87eaf6c5532.jpg,"Science, Chemistry, Art","Polymers, Transparency","Gelatin, glycerin, water, food coloring, molds","1. Mix gelatin and water, then heat until dissolved. 2. Add glycerin to make the plastic flexible. 3. Pour into shallow molds or onto a flat tray. 4. Let it set until firm. 5. Peel the ""plastic"" shapes off and stick them to a window; the light will shine through like stained glass.",,,
,cookie counting,,https://i.pinimg.com/1200x/9e/2f/65/9e2f653ce96207adbda9a0030dc9f7c0.jpg,"Math, Counting, Early Childhood",One-to-one correspondence,"Brown paper/cardboard, black marker, small blocks or ""chocolate chips""","1. Cut circles out of brown paper to look like cookies. 2. Write a number (1-10) on each cookie. 3. Have the child identify the number. 4. Place that exact number of ""chips"" (buttons or blocks) onto the cookie. 5. Repeat until all cookies are ""baked.""",,,
,fingerprint birds on a line,,https://i.pinimg.com/1200x/a0/c9/14/a0c914e4bb813222e99813e504d24e44.jpg,"Art, Animals, Patterns","Fine motor, Creativity","Ink pad or paint, markers, paper","1. Draw several horizontal lines across a paper to look like power lines. 2. Dip a finger into paint and press it onto the lines. 3. Once the fingerprints are dry, use a fine marker to draw beaks, wings, and legs on the prints. 4. Make some birds looking up and some looking down. 5. Count how many birds are ""sitting"" on the wire.",,,
,animal pattern match,,https://i.pinimg.com/1200x/a8/12/f5/a812f5d5f5f534ca7322058925d427b9.jpg,"Science, Biology, Recognition","Pattern recognition, Observation","Animal print photos, matching cards","1. Collect images of animal skins (zebra stripes, leopard spots, giraffe patches). 2. Create a set of cards showing the full animal. 3. Lay the pattern cards face up. 4. Have children match the animal card to its corresponding skin pattern. 5. Discuss how these patterns help the animals hide (camouflage).",,,
,face jumble,,https://i.pinimg.com/1200x/a9/26/56/a926562f89af104da5cda39c58ba0392.jpg,"Art, Anatomy, Games","Social-emotional, Recognition","Photos of faces, scissors, glue","1. Cut out eyes, noses, and mouths from different magazine photos. 2. Mix them all up in a bowl. 3. Glue the parts onto a blank face template to create a ""jumble"" person. 4. Discuss how the different features change the ""emotion"" of the face. 5. Try to make a face that looks happy, sad, or surprised.",,,
,egg box crocodile,,https://i.pinimg.com/1200x/b8/33/05/b83305ee9441ced55be064308da815ec.jpg,"Art, Recycling, Animals","Construction, Design","Two egg cartons, green paint, glue, paper","1. Paint two long egg cartons green. 2. Glue them end-to-end for a very long body. 3. Cut out ""teeth"" from white paper and glue them along the edge of the front carton. 4. Use two humps from a spare carton as eyes. 5. Add a long paper tail at the back.",,,
,string art,,https://i.pinimg.com/1200x/c6/66/63/c666630b9d604cc7188cbef58cf7fb7f.jpg,"Art, Fine Motor, Geometry","Spatial reasoning, Precision","Cardboard, colorful yarn, scissors",1. Cut a shape out of cardboard and cut small notches around the edge. 2. Tape the end of a piece of yarn to the back. 3. Wrap the yarn from notch to notch across the front of the shape. 4. Change colors to create a layered effect. 5. Secure the final end on the back with tape.,,,
,string paths,,https://i.pinimg.com/1200x/cb/8e/9b/cb8e9b701cd0ba83195f3069df6ed50e.jpg,"Games, Movement, Coordination","Gross motor, Listening",Long pieces of string or yarn,"1. Lay strings on the floor in winding, zigzag, or straight patterns. 2. Have children ""walk the tightrope"" by staying exactly on the string. 3. Change the movement: hop along the string, or walk backward. 4. Create a ""web"" of strings for children to crawl through without touching. 5. Use different colors to signify different paths.",,,
,roll to join the dots,,https://i.pinimg.com/1200x/cd/a3/b3/cda3b35de4aa7c5217f1e59532c3a45a.jpg,"Math, Games, Geometry","Counting, Fine motor","Paper, markers, dice","1. Draw 20-30 numbered dots randomly across a page. 2. Roll a die. 3. Draw a line to connect that many dots (e.g., if you roll a 3, connect dots 1, 2, and 3). 4. Take turns until all dots are connected to form a mystery shape. 5. Color in the resulting ""constellation.""",,,
,cd case tracing,,https://i.pinimg.com/1200x/ce/d3/2e/ced32e151989df9ec24305c6e58bceb8.jpg,"Art, Technology, Physics","Transparency, Reflection","Clear CD case, dry erase markers, flashlight","1. Open a clear CD case and stand it up. 2. Place a drawing behind the case. 3. Use a marker to trace the drawing onto the plastic surface. 4. Remove the original drawing and place a flashlight behind the case. 5. Watch the ""traced"" image project onto a nearby wall.",,,
,mirror trace,,https://i.pinimg.com/1200x/d3/6e/97/d36e97184bb6fd4d47d734fef64cadbf.jpg,"Art, Physics, Recognition","Reflection, Symmetry","Mirror, paper, markers","1. Draw half of a simple shape (like a butterfly or a heart) on a piece of paper. 2. Place a handheld mirror vertically along the center line of the drawing. 3. Look into the mirror to see the ""complete"" shape. 4. Try to draw the second half of the shape while looking only at the mirror's reflection. 5. Discuss how the mirror ""flips"" the image.",,,
,paper plate seagulls,,https://i.pinimg.com/1200x/da/f6/ec/daf6ecaeb6cd96f10a33a9d4706ce797.jpg,"Art, Recycling, Animals","Construction, Texture","Paper plate, blue/gray paint, yellow paper","1. Paint a paper plate white or light gray. 2. Fold the plate in half. 3. Cut two long, thin triangles from another plate or cardstock for wings and glue them to the sides. 4. Cut a small yellow triangle for a beak and glue it to the front. 5. Draw an eye and hang the seagull from a string so it ""flies.""",,,
,egg box seal,,https://i.pinimg.com/1200x/db/b6/e7/dbb6e78fd3ef99a1e1de12c0dc303bf2.jpg,"Art, Recycling, Animals","3D Design, Texture","Egg carton, gray paint, cotton balls","1. Cut a single cup out of an egg carton for the head and two for the body. 2. Paint them gray. 3. Use the carton ""flaps"" to create flippers. 4. Glue a small gray-painted cotton ball on the front for a snout. 5. Draw on whiskers and eyes.",,,
,car pens,,https://i.pinimg.com/1200x/e1/02/23/e10223ad5a1a582160ac3f4a4d370958.jpg,"Art, Technology, Movement","Mechanical systems, Fine motor","Toy cars, markers, tape, large paper","1. Tape a marker to the back or side of a toy car so the tip touches the floor. 2. Lay out a large sheet of paper. 3. Drive the cars around the paper in circles, zigzags, and races. 4. Observe the ""path"" the cars leave behind. 5. Use different colored markers for different cars to see where they intersected.",,,
,moon sand,,https://i.pinimg.com/1200x/e9/ea/cd/e9eacd0481301a6fbdb854d2616e1abd.jpg,"Sensory, Play, Chemistry",Tactile exploration,"8 cups flour, 1 cup baby oil","1. Mix the flour and oil in a large bin. 2. Use your hands to incorporate the oil until the flour feels soft and moldable. 3. Squeeze a handful; it should hold its shape like wet sand. 4. Poke it; it should crumble back into ""dust."" 5. Add sand toys for open-ended sensory play.",,,
,lion mane paper craft,,https://i.pinimg.com/1200x/f7/d3/ba/f7d3ba7e03079513d50d1cadb451cf9d.jpg,"Art, Nature, Animals","Fine motor, Patterns","Paper plate, orange paint, brown paper strips","1. Paint a paper plate bright orange. 2. Cut many thin strips of brown or yellow paper. 3. Glue the strips all around the edge of the plate to create a ""shaggy"" mane. 4. Draw a lion's face in the center of the plate. 5. Add ears made of paper scraps at the top.",,,
,egg box penguins,,https://i.pinimg.com/1200x/fe/54/61/fe5461149af527520bf450ebcbd05f50.jpg,"Art, Recycling, Animals","3D Design, Patterns","Egg carton, black/white paint, orange paper","1. Cut individual cups from an egg carton. 2. Paint the front white and the rest black. 3. Cut a tiny orange triangle for a beak and glue it on. 4. Glue on small black paper ""flippers."" 5. Stand them up in a group to create a penguin colony.",,,
,toilet roll racecar,,https://i.pinimg.com/736x/00/16/58/00165895281bd5697dae7d24d2442565.jpg,"Art, Recycling, Engineering","Construction, Movement","Toilet paper roll, 4 bottle caps, straws, skewers","1. Paint a toilet paper roll your favorite racing color. 2. Poke two holes through the sides of the roll at the front and back. 3. Slide straws through the holes, then skewers through the straws. 4. Attach bottle caps to the ends of the skewers as wheels. 5. Cut a small ""U"" shape in the top for a cockpit and add a paper driver.",,,
https://uk.pinterest.com/pin/1618549864858547/,haircutting game,,https://i.pinimg.com/736x/00/3c/5c/003c5cf29778969282ba3e5d1db232be.jpg,"Fine Motor, Life Skills","Scissor skills, Precision","Paper, markers, scissors","1. Draw a face on a sheet of paper. 2. Cut vertical strips above the forehead to act as ""hair."" 3. Draw dotted lines or shapes on the hair strips. 4. Have the child use scissors to ""cut"" the hair along the lines. 5. Experiment with different ""hairstyles"" like fringes or mohawks.",,,
https://uk.pinterest.com/pin/2814818511892063/,inching caterpillar,,https://i.pinimg.com/736x/02/16/ea/0216eab12da0c841e74e645c00cecefe.jpg,"Science, Biology, Animals","Physics, Kinetic energy","Paper, straw, tape, markers","1. Fold a thin strip of paper into an accordion shape. 2. Round the corners to look like a caterpillar. 3. Place the caterpillar on a smooth surface. 4. Use a straw to blow air directly at the top of the middle fold. 5. The caterpillar will ""inch"" forward as the air pressure changes.",,,
https://uk.pinterest.com/pin/2885187257640194/,connect the dots rocket,,https://i.pinimg.com/736x/04/f7/c3/04f7c3d621e1ec266d294ab96a7d3ba2.jpg,"Math, Literacy, Art","Sequencing, Counting","Paper, markers","1. Draw a series of numbered dots that form a rocket ship. 2. Have the child connect the dots in numerical order. 3. Discuss the ""countdown"" sequence from the highest number down to one. 4. Color in the rocket once the outline is complete. 5. Add ""fire"" at the bottom with orange and red markers.",,,
,peg animals,,https://i.pinimg.com/736x/05/16/8c/05168ca5da72b31b990c21934ae2bc3d.jpg,"Art, Animals, Play","Fine motor, Dexterity","Wooden clothespins (pegs), cardstock, glue, markers","1. Draw small animal bodies (without legs) on cardstock. 2. Cut out the bodies and color them. 3. Clip two wooden pegs to the bottom of each body to act as legs. 4. The pegs allow the animals to stand upright. 5. Move the pegs to make the animals ""walk"" or ""jump.""",,,
https://uk.pinterest.com/pin/374009944080348332/,animal rescue ,,https://i.pinimg.com/736x/07/89/58/0789584281efdc26793a2a6cfc7bff56.jpg,"Social Skills, Fine Motor","Problem solving, Empathy","Toy animals, masking tape, tray","1. Place several plastic toy animals on a tray. 2. Use strips of masking tape to ""trap"" the animals to the surface. 3. Provide the child with the mission to ""rescue"" the animals. 4. The child must carefully peel back the tape to free each one. 5. Discuss how to be gentle with animals during the rescue.",,,
https://uk.pinterest.com/pin/68747479328/,drawing dice,,https://i.pinimg.com/736x/08/2e/17/082e1734c8616b2e8e1f852c00be4436.jpg,"Math, Games, Art","Probability, Creativity","Paper, pencils, a die","1. Assign a body part or feature to each number on a die (e.g., 1 = eyes, 2 = ears). 2. Take turns rolling the die. 3. Draw the assigned feature on your ""monster"" or ""person"" based on the roll. 4. Continue until everyone has a complete, unique drawing. 5. Compare the results to see how the die influenced the art.",,,
,bead snake,,https://i.pinimg.com/736x/09/e1/20/09e120c0a22d65024e65ec3e1d251530.jpg,"Math, Patterns, Fine Motor","Sequencing, Counting","Beads, pipe cleaner or string","1. Start with a green bead for the snake's head. 2. Create a pattern (e.g., Red-Yellow-Red-Yellow). 3. Slide the beads onto a pipe cleaner according to the pattern. 4. Bend the end of the pipe cleaner to secure the beads. 5. Use the snake to ""measure"" objects around the room.",,,
https://uk.pinterest.com/pin/2181499813919178/,eat and excrete,,https://i.pinimg.com/736x/0a/1a/5c/0a1a5c0cb1d1e4127e3ac45ed15b3bc6.jpg,"Science, Biology, Anatomy","Digestion, Sequencing","Ziploc bag, crackers, water, orange juice (acid), stocking",1. Place crackers in a bag and crush them (chewing). 2. Add water (saliva) and orange juice (stomach acid). 3. Squeeze the bag to mix. 4. Pour the mixture into a stocking (small intestine) and squeeze the liquid out. 5. Push the remaining solid through a hole at the end to demonstrate excretion.,,,
https://uk.pinterest.com/pin/68749443578/,pen push,,https://i.pinimg.com/736x/0a/36/d4/0a36d44b0fe28e54d3ea1f03576c6f6e.jpg,"Games, Physics, Accuracy","Coordination, Force","Mug or cup, pens/pencils",1. Place a mug on the table. 2. Hold a pen vertically over the mug at waist height. 3. Try to drop the pen so it lands inside the mug. 4. Increase the difficulty by standing further away or using a smaller container. 5. Use different weights of pens to see how they fall.,,,
,sand mousse,,https://i.pinimg.com/736x/0a/7e/b9/0a7eb9e94ec335e0db59e9081d5ece16.jpg,"Sensory, Art, Play","Tactile exploration, Texture","Sand, shaving cream, bowl","1. Pour sand into a large mixing bowl. 2. Add a large amount of shaving cream. 3. Mix by hand until the texture is light and ""moussy."" 4. Use it to build ""soft"" towers or draw patterns with fingers. 5. Observe how the mixture feels different from standard wet sand.",,,
https://uk.pinterest.com/pin/749356825499024534/,fire breathing dragon,,https://i.pinimg.com/736x/0d/86/3c/0d863c676cae4f37167693fea2a84d76.jpg,"Art, Drama, Puppetry","Breath control, Expression","Toilet paper roll, tissue paper, glue, markers","1. Paint a cardboard tube green. 2. Glue googly eyes and pom-poms (nostrils) to one end. 3. Glue long strips of red and orange tissue paper inside the other end. 4. Blow through the eye-end of the tube. 5. Watch the ""fire"" flutter as the dragon breathes.",,,
https://uk.pinterest.com/pin/22729173116366529/,2 player paper basketball game,"this is for children to play with, I am not expecting them to be able to make it themselves.",https://i.pinimg.com/736x/0d/f2/14/0df214dfdff10efeca21a4f061f4bd5e.jpg,"STEM, Games, Sports","Engineering, Angle of trajectory","Cardboard, paper cups, rubber bands, ping pong ball","1. Build a small hoop using a paper cup with the bottom cut out. 2. Attach a cardboard ""lever"" powered by a rubber band. 3. Place a small ball on the lever. 4. Press and release to launch the ball toward the hoop. 5. Take turns and keep score like a real basketball game.",,,
,colour smashing under clingfilm,,https://i.pinimg.com/736x/11/16/80/1116805dd08dcfb95b08f48d72a8dd2b.jpg,"Art, Sensory, Chemistry","Color mixing, Cause and effect","Paper, liquid paint, clingfilm (plastic wrap)","1. Place several drops of different colored paint on a piece of paper. 2. Carefully cover the entire paper with a layer of clingfilm. 3. Have the child ""smash"" and spread the paint through the plastic with their fingers. 4. Observe the colors blending without getting hands messy. 5. Peel back the film to see the final textured masterpiece.",,,
,paperchainsnake,,https://i.pinimg.com/736x/14/83/5d/14835da828eb05af43d50efa97a16324.jpg,"Art, Animals, Patterns","Sequencing, Construction","Colored paper, glue, markers","1. Cut paper into thin strips. 2. Loop one strip and glue the ends to make a ring. 3. Thread the next strip through the ring and glue it to start a chain. 4. Repeat until the ""snake"" is long. 5. Add a paper head with a flicking tongue at one end.",,,
,frog and fly,could use as cup and ball,https://i.pinimg.com/736x/18/21/54/1821542bba03ef94c445c46711c3f882.jpg,"Games, Art, Coordination","Hand-eye coordination, Accuracy","Paper cup, string, paper ""fly,"" markers","1. Decorate a paper cup to look like a frog's face. 2. Tie a string to a small paper ""fly"" or bead. 3. Attach the other end of the string to the bottom of the cup. 4. Hold the cup and toss the fly into the air. 5. Try to catch the fly inside the ""frog's mouth"" (the cup).",,,
https://uk.pinterest.com/pin/281543726578408/,tennis ball monster ,,https://i.pinimg.com/736x/19/44/59/1944594e6337ad4d6de219750417c10f.jpg,"Sensory, Fine Motor, Play","Strength, Dexterity","Old tennis ball, googly eyes, utility knife","1. Carefully cut a horizontal slit (a ""mouth"") in a tennis ball. 2. Glue googly eyes above the slit. 3. Squeeze the sides of the ball to make the ""monster"" open its mouth. 4. Feed the monster small items like beads, coins, or beans. 5. This strengthens the hand muscles needed for writing.",,,
https://uk.pinterest.com/pin/985231165285760/,floppy fish,,https://i.pinimg.com/736x/1e/e4/79/1ee479715e02dbf638a791c0c5e013a0.jpg,"Art, Animals, Physics","Kinetic energy, Folding","Paper, markers","1. Fold a piece of paper into a ""floppy"" accordion shape. 2. Draw a fish on the top layer. 3. Hold the paper by the tail and wiggle it. 4. The ""floppy"" folds make the fish look like it is swimming through water. 5. Experiment with different lengths to see which swims best.",,,
,chopstick/tweezer fishing,,https://i.pinimg.com/736x/21/cc/61/21cc61cf52efffe2eae7caf196386f32.jpg,"Games, Fine Motor, Life Skills","Precision, Tool use","Chopsticks or tweezers, small toys, bowl of water","1. Place small waterproof toys (plastic fish, beads) in a bowl of water. 2. Provide the child with chopsticks or large tweezers. 3. The child must ""fish"" the items out and move them to a dry tray. 4. Use different sizes of objects to vary the difficulty. 5. Time the activity for a competitive ""fishing"" game.",,,
https://uk.pinterest.com/pin/16466354883090829/,shark pop-up card,,https://i.pinimg.com/736x/21/dd/4e/21dd4e8eb3ed731d2b67d824c1e66556.jpg,"Art, Literacy, Geometry","3D Design, Folding","Cardstock, scissors, markers","1. Fold a piece of cardstock in half. 2. Cut two parallel slits in the center of the fold to create a ""mouth"" tab. 3. Push the tab inward so it pops out when the card opens. 4. Decorate the tab to look like a shark's mouth with sharp teeth. 5. Add the rest of the shark's body around the mouth.",,,
https://uk.pinterest.com/pin/3729612269010977/,woodpecker absailor,,https://i.pinimg.com/736x/23/59/48/235948d322bb07f4f474db2e75fbccce.jpg,"STEM, Physics, Nature","Friction, Gravity","Paper, string, straw, tape","1. Draw and cut out a small woodpecker. 2. Tape a small piece of straw to the back of the bird. 3. Thread a long string through the straw and tie it vertically between two points. 4. Hold the string slightly loose. 5. Jerk the string to make the woodpecker ""absail"" or peck its way down the line.",,,
https://uk.pinterest.com/pin/328410997848180856/,painting flowers,,https://i.pinimg.com/736x/23/76/93/237693a8c91d666ef02937f39371ed5b.jpg,"Art, Nature, Patterns","Stamping, Texture","Fresh flowers, paint, paper","1. Dip the ""face"" of a fresh flower (like a daisy or mum) into thick paint. 2. Press the flower onto a sheet of paper like a stamp. 3. Observe the unique patterns created by the petals. 4. Use different types of flowers to create a ""garden"" print. 5. Add stems and leaves with a paintbrush.",,,
https://uk.pinterest.com/pin/422281211362344/,cardboard gymnast ,,https://i.pinimg.com/736x/24/1f/3d/241f3d167b17b01469cf5d1c794e7e11.jpg,"STEM, Engineering, Play","Balance, Pivot points","Cardboard, brass fasteners, string","1. Cut a person shape out of cardboard with separate arms and legs. 2. Connect the limbs with brass fasteners at the ""shoulders"" and ""hips."" 3. Attach strings to the hands and feet. 4. Pull the strings to make the gymnast perform flips or poses. 5. Discuss how the pivot points allow for movement.",,,
,hairdressers,,https://i.pinimg.com/736x/24/99/ac/2499ac608fe1008485f0ee5cda0510e1.jpg,"Literacy, Life Skills, Drama","Roleplay, Sequencing","Combs, spray bottles, ribbons, mirror","1. Set up a ""salon"" station with a mirror and chairs. 2. Provide dolls or willing volunteers as ""customers."" 3. Use spray bottles with water to ""prep"" the hair. 4. Practice combing, braiding, and adding clips or ribbons. 5. Discuss the steps of a haircut and how to sit still.",,,
https://uk.pinterest.com/pin/530298924897181389/,frog handwriting helper,,https://i.pinimg.com/736x/25/4f/ca/254fcadcca9241216fa1b74fd0562a75.jpg,"Literacy, Fine Motor, Anatomy","Pencil grip, Dexterity","Small frog toy or cut-out, pencil","1. Attach a small frog to the top of a pencil. 2. Tell the child the frog needs to ""watch"" them write. 3. The weight of the toy encourages the child to hold the pencil lower. 4. Use the ""frog's legs"" as a guide for finger placement (tripod grip). 5. Practice drawing ""lily pads"" (circles) to warm up.",,,
,lollystick ladders,,https://i.pinimg.com/736x/25/b5/64/25b564d33dc135d141f4197b77523f81.jpg,"STEM, Math, Engineering","Structural integrity, Measuring","Lolly sticks, tape or glue","1. Lay two lolly sticks parallel on the table. 2. Glue ""rungs"" horizontally across the two sticks. 3. Wait for the glue to dry. 4. See how many ""steps"" high you can make the ladder. 5. Test if the ladder can support the weight of a small toy figure.",,,
https://uk.pinterest.com/pin/563018698983307/,light sabres,I would like to say that I am not encouraging anyone to hit anything with these. They are purely about the sensory input from the lights.,https://i.pinimg.com/736x/27/7c/2c/277c2c3f50c179070a7fb06d9802140d.jpg,"Sensory, Physics, Light","Visual tracking, Calm down tool","Empty plastic bottle, glow sticks, water, glitter","1. Activate several glow sticks and place them inside a clear bottle. 2. Fill the rest of the bottle with water and a pinch of glitter. 3. Seal the cap tightly with glue. 4. Shake the bottle to see the light diffuse through the water. 5. Use in a dark room to observe the ""sabre"" glow without any physical impact.",,,
https://uk.pinterest.com/pin/635077984961470050/,tube climber,,https://i.pinimg.com/736x/27/ef/c4/27efc4651654037c0caf404417691618.jpg,"STEM, Physics, Engineering","Gravity, Friction","Cardboard tube, string, bead","1. Decorate a cardboard tube as a ""climber."" 2. Thread a long string through the tube. 3. Tie a bead to the bottom of the string so the tube doesn't slide off. 4. Hold the top of the string and tilt it. 5. Watch the tube ""climb"" or slide depending on the angle and tension.",,,
https://uk.pinterest.com/pin/2181499815572687/,dino excavation,,https://i.pinimg.com/736x/27/fd/42/27fd42b2e361e3dc01a1255725431791.jpg,"Science, Geology, History","Archaeology, Patience","Plaster of Paris, sand, plastic dinosaurs","1. Mix sand and plaster with water. 2. Bury plastic dinosaurs in the mixture inside a container. 3. Let it dry until it is a hard block. 4. Give the child a small brush and a ""digging tool"" (like a lolly stick). 5. Carefully excavate the dinosaurs without breaking them.",,,
https://uk.pinterest.com/pin/16466354879449307/,growing flower,,https://i.pinimg.com/736x/2a/83/50/2a835066a028f61062f3f8341cb19d70.jpg,"Science, Biology, Botany","Observation, Life cycles","Paper, markers, straw","1. Draw a flower on a small piece of paper. 2. Fold the petals inward toward the center. 3. Place the ""bud"" in a shallow dish of water. 4. Observe as the paper fibers absorb water, causing the petals to ""bloom"" and open. 5. Discuss how real plants use water to grow and stand tall.",,,
,shadow puppets,,https://i.pinimg.com/736x/2a/8c/98/2a8c98b46dd49b5250fbcf43ba375fa5.jpg,"Art, Drama, Light","Storytelling, Projection","Cardstock, skewers, flashlight, sheet",1. Cut character silhouettes out of black cardstock. 2. Tape each silhouette to a wooden skewer. 3. Hang a white sheet and place a flashlight behind it. 4. Hold the puppets between the light and the sheet. 5. Move the puppets closer to the light to make the shadows grow larger.,,,
,junk modelling jet pack/scuba tank,,https://i.pinimg.com/736x/2b/35/bf/2b35bfd87501670a33766b59019a5715.jpg,"Art, Engineering, Play","Roleplay, Construction","Two large plastic bottles, silver paint, tape, straps","1. Paint two 2-liter bottles silver. 2. Tape them together side-by-side. 3. Attach ribbon or elastic ""straps"" so the bottles can be worn like a backpack. 4. Add ""flames"" (orange tissue paper) for a jet pack, or a ""hose"" (yarn) for a scuba tank. 5. Use for imaginative play in outer space or under the sea.",,,
https://uk.pinterest.com/pin/16466354876885459/,walking feet,,https://i.pinimg.com/736x/2c/97/72/2c9772661037c9902cb25dde0d25af29.jpg,"Physical Ed, Movement, Balance","Coordination, Gross motor","Paper, markers, tape","1. Trace your feet onto paper and cut them out. 2. Tape the ""feet"" to the floor in a path. 3. Vary the angles—some toes pointing left, some right, some together. 4. The child must jump or step to match the ""walking feet"" on the floor. 5. Increase the speed as they get better at the coordination.",,,
,foil shadows,,https://i.pinimg.com/736x/2c/cf/ff/2ccfff1a98011f64422126bc5129e830.jpg,"Art, Physics, Light","Reflection, Texture","Aluminum foil, flashlight, paper","1. Crumple a piece of foil, then flatten it out slightly. 2. Shine a flashlight on the foil at an angle. 3. Observe the ""shimmering"" shadows cast on a nearby wall or paper. 4. Draw around the shapes created by the light. 5. Discuss how the uneven surface of the foil reflects light in many directions.",,,
,sponge sailboats,,https://i.pinimg.com/736x/2f/34/35/2f34354f42b02b0628661374a4667df2.jpg,"STEM, Engineering, Buoyancy","Displacement, Physics","Kitchen sponges, lolly sticks, paper (for sails)","1. Cut a small slit in the top of a sponge. 2. Insert a lolly stick to act as a mast. 3. Tape a paper triangle (the sail) to the stick. 4. Place the ""boat"" in a tub of water. 5. Blow on the sail to make the boat travel across the ""ocean.""",,,
,drawing shadows,,https://i.pinimg.com/736x/31/5f/6d/315f6d168514d7b46082c4bb743f20b5.jpg,"Art, Science, Light","Observation, Perspective","Chalk, outdoor space, sun",1. Place a toy or object on the ground in the sun. 2. Use chalk to trace the shadow it casts on the pavement. 3. Return every hour and trace the shadow again. 4. Observe how the shadow moves and changes length as the sun moves. 5. Discuss why the shadow is longest in the morning and evening.,,,
https://uk.pinterest.com/pin/703756188671036/,guess the footprint,,https://i.pinimg.com/736x/31/68/e5/3168e50623d33bed547bef2471b5a1e6.jpg,"Science, Biology, Animals","Pattern recognition, Observation","Play dough, toy animals","1. Flatten several ""pancakes"" of play dough. 2. Press the feet of different toy animals into the dough. 3. Mix up the animals. 4. Ask the child to ""guess the footprint"" by matching the animal to its track. 5. Discuss how scientists use tracks to track animals in the wild.",,,
https://uk.pinterest.com/pin/70437490861284/,hot air balloon,,https://i.pinimg.com/736x/32/33/ae/3233ae693d4a69628909c277513187e4.jpg,"Art, Physics, Weather","Volume, Buoyancy","Balloon, paper basket, string","1. Blow up a balloon. 2. Attach four strings to the balloon and tie them to a small paper cup (the basket). 3. Place a small toy ""passenger"" in the basket. 4. Discuss how hot air balloons work using hot air to rise. 5. Toss the balloon into the air and watch it drift slowly to the ground.",,,
https://uk.pinterest.com/pin/2955556002352118/,butterfly spinner,,https://i.pinimg.com/736x/36/f2/bf/36f2bf7cd1c57264e7c27e93ea4d82c1.jpg,"Art, Nature, Physics","Centrifugal force, Motion","Cardstock, markers, toothpick","1. Cut a butterfly shape out of cardstock. 2. Decorate both sides with vibrant colors. 3. Poke a toothpick through the center of the butterfly. 4. Spin the toothpick like a top. 5. Observe how the colors blend together as the butterfly ""spins.""",,,
https://uk.pinterest.com/pin/258675572343078272/,coloured water bubbles,,https://i.pinimg.com/736x/38/bd/64/38bd64ec01f6696e0c9719d12ebdc734.jpg,"Science, Chemistry, Art","Surface tension, Color mixing","Water, dish soap, food coloring, straw","1. Mix water with a squeeze of dish soap and food coloring. 2. Use a straw to blow bubbles into the mixture until they overflow. 3. Gently press a piece of paper onto the bubbles. 4. The popping bubbles create a unique circular pattern on the paper. 5. Use different colors to create a ""bubble rainbow.""",,,
https://uk.pinterest.com/pin/1111615120501819394/,tortoise and hare racers,,https://i.pinimg.com/736x/38/fb/19/38fb19fac31e88e612b98299c47bad54.jpg,"Games, Animals, Speed","Comparison, Observation","Paper, markers, toy turtle/rabbit","1. Create a ""race track"" on the floor using tape. 2. Place a toy tortoise and a toy hare at the start. 3. Move the tortoise slowly and the hare quickly. 4. Discuss the fable of the Tortoise and the Hare. 5. Have children ""act out"" the race using slow and fast movements.",,,
,paperplate astronaut helmets,,https://i.pinimg.com/736x/39/62/9b/39629bacac5d15881cfa5c54754ea436.jpg,"Art, Space, Roleplay","Imagination, Construction","Paper plate, silver paint, clingfilm","1. Cut a large circle out of the center of a paper plate. 2. Paint the plate silver. 3. Tape a layer of clingfilm over the hole to act as the ""visor."" 4. Decorate with ""buttons"" or NASA logos. 5. Hold it up to your face to become an astronaut on a space mission.",,,
https://uk.pinterest.com/pin/16466354878889585/,day and night,,https://i.pinimg.com/736x/3a/e9/11/3ae91128ffaf6999f040e7c5af64707b.jpg,"Science, Astronomy, Earth","Rotation, Patterns","Paper, markers, split pin","1. Cut a large circle and a slightly smaller circle from paper. 2. Draw a ""sun"" and daytime scene on one half of the large circle, and a ""moon"" and night scene on the other. 3. Cut a ""window"" out of the smaller circle. 4. Connect the two in the center with a split pin. 5. Rotate the wheel to show the transition from day to night.",,,
https://uk.pinterest.com/pin/2111131073128857/,grabber,,https://i.pinimg.com/736x/3b/14/78/3b147836515a7cda1db6d5542b4195c8.jpg,"STEM, Engineering, Mechanics","Leverage, Precision","Lolly sticks, brass fasteners, cardboard","1. Connect lolly sticks in an ""X"" pattern using brass fasteners. 2. Connect several ""X"" shapes to create an extendable arm. 3. Attach cardboard ""claws"" to the end. 4. Pull the bottom handles to make the grabber reach out. 5. Practice picking up soft pom-poms or empty cups.",,,
https://uk.pinterest.com/pin/1759287348632233/,papercup woodpecker,,https://i.pinimg.com/736x/3b/59/c1/3b59c15d0e0d9221452d481933f57435.jpg,"STEM, Physics, Nature","Acoustics, Friction","Two paper cups, string, toothpick","1. Tie a string to a toothpick and poke it through the bottom of a cup. 2. Wet the string with a damp cloth. 3. Pull your fingers down the string in short jerks. 4. The friction creates a ""pecking"" or ""chirping"" sound that is amplified by the cup. 5. Decorate the cup to look like a woodpecker.",,,
,egg box boat,,https://i.pinimg.com/736x/3d/42/c3/3d42c3be8aeeaf8b3bc497fd8ebceee4.jpg,"Art, Recycling, Engineering","Buoyancy, Construction","Egg carton, lolly stick, paper, glue","1. Cut a section of an egg carton to be the ""hull."" 2. Glue a lolly stick vertically into one of the cups. 3. Attach a paper sail to the stick. 4. Paint the boat to look like a pirate ship or a rowboat. 5. Test it in a bowl of water to see if it stays upright.",,,
,boat making challange/experiment,,https://i.pinimg.com/736x/3f/7a/e5/3f7ae5411c4b0d2e7e0f249005dff7d6.jpg,"STEM, Science, Engineering","Scientific method, Buoyancy","Various household materials (foil, plastic, wood, cork)","1. Challenge the child to build a boat that can hold 10 ""passengers"" (pennies). 2. Provide a variety of materials. 3. Let the child experiment with different shapes and materials. 4. Test each design in water. 5. Discuss why some designs floated better or held more weight than others.",,,
,dino headdress ,,https://i.pinimg.com/736x/41/9f/61/419f61ec8d4bb022689f16837904ed2e.jpg,"Art, Drama, Animals","Construction, Imagination","Cardboard, green paint, elastic","1. Cut several large triangles out of cardboard. 2. Paint them green. 3. Tape the triangles to a strip of cardboard that fits around the head. 4. Ensure the ""spikes"" stand up straight. 5. Wear the headdress and stomp around like a dinosaur.",,,
,animals fingerprint art,,https://i.pinimg.com/736x/42/7e/67/427e6786a0bdd4dcca9ae4391ced5b2e.jpg,"Art, Animals, Patterns","Fine motor, Creativity","Ink pad, markers, paper","1. Use thumbprints to create animal bodies (e.g., a round body for a pig, a long one for a caterpillar). 2. Use a fine-tip marker to add details like ears, tails, and legs. 3. Create a whole ""zoo"" of fingerprint animals. 4. Discuss how everyone's fingerprints are unique. 5. Count how many different animals you can make.",,,
https://uk.pinterest.com/pin/492649953919951/,bouncing bunnies,,https://i.pinimg.com/736x/43/35/b0/4335b0010d5187e26dde72b780f26770.jpg,"STEM, Physics, Elasticity","Potential energy, Motion","Paper cups, rubber bands, markers","1. Cut two small slits in the rim of a paper cup. 2. Hook a rubber band across the slits. 3. Place another cup inside the first one, pushing down on the rubber band. 4. Release! 5. The ""bunny"" (cup) will bounce into the air as the rubber band releases its energy.",,,
https://uk.pinterest.com/pin/281543726076092/,balance bird,,https://i.pinimg.com/736x/43/7d/9e/437d9e43df460355b944be171b5feb82.jpg,"Science, Physics, Animals","Center of gravity, Balance","Cardstock, pennies (weights), tape","1. Cut a bird shape out of cardstock, ensuring the ""beak"" is a sharp point. 2. Tape a penny to the underside of each wingtip. 3. Place the beak of the bird on the tip of your finger. 4. The weights in the wings move the center of gravity forward, allowing the bird to ""balance"" on your finger. 5. Gently tap the bird to see it wobble without falling.",,,
https://uk.pinterest.com/pin/4996249583411629/,indoor woggle obstacle course,,https://i.pinimg.com/736x/43/92/5d/43925d6c52087ef298c2f394eb0d0f00.jpg,"Physical Ed, Movement, Coordination","Gross motor, Agility","Pool noodles (woggles), tape, chairs","1. Use pool noodles to create ""tunnels"" by taping them in arcs to the floor. 2. Create ""hurdles"" by resting noodles between two chairs. 3. Lay noodles in a line for a ""balance beam."" 4. Have the child complete the course as fast as they can. 5. Rearrange the course to keep it challenging.",,,
https://uk.pinterest.com/pin/4151824652878247/,handwriting warmup,,https://i.pinimg.com/736x/43/d1/fd/43d1fd15673d55291c774eee0923fa49.jpg,"Literacy, Fine Motor, Warm-up","Dexterity, Preparation",None (just hands),"1. ""Spider on a mirror"": touch fingertips together and move them. 2. ""Piano player"": tap fingers on the table rapidly. 3. ""The O"": touch each finger to the thumb one by one. 4. ""Squeeze"": make a tight fist and then stretch fingers wide. 5. These movements prepare the hand muscles for the precision of writing.",,,
https://uk.pinterest.com/pin/21462535722293930/,salt dough dino fossils,,https://i.pinimg.com/736x/48/ed/7a/48ed7ab4e00ba7bcdebbb64a126420c6.jpg,"Science, Geology, Biology","Impression, Preservation","2 cups flour, 1 cup salt, 1 cup used coffee grounds, water","1. Mix dry ingredients (coffee grounds make it look like ""dirt""). 2. Add water until it becomes a thick dough. 3. Press plastic dinosaurs into the dough to leave a footprint. 4. Remove the dinosaur and bake the dough at a low temperature. 5. The result is a hard ""fossil"" that looks like it was dug up from the ground.",,,
,combining tracing with backgrounds using slippery fish,,https://i.pinimg.com/736x/4a/40/6e/4a406e0c6ec760dfa97efe455a26382c.jpg,"Art, Literacy, Nature","Tracing, Creativity","Blue paper, white crayon, markers","1. Trace around your hand on blue paper. 2. Turn the paper sideways; the fingers are now the ""tail"" and fins of a ""slippery fish."" 3. Draw a large eye and a mouth on the ""palm"" part. 4. Add ""bubbles"" using a white crayon. 5. Draw a coral reef background for the fish to swim in.",,,
https://uk.pinterest.com/pin/3237030977781322/,count and feed,,https://i.pinimg.com/736x/4c/e1/0d/4ce10dcd8e13fe56b9c610bc32c2fc50.jpg,"Math, Counting, Early Childhood",One-to-one correspondence,"Cardboard ""monster,"" pom-poms (food), dice","1. Create a cardboard box with a large ""mouth"" cut out. 2. Roll a die. 3. ""Feed"" the monster that exact number of pom-poms. 4. Count out loud as you place each one in the mouth. 5. Empty the monster and play again.",,,
https://uk.pinterest.com/pin/733101645618740304/,spiderman poser,,https://i.pinimg.com/736x/4d/dd/be/4dddbe71244aa6be458c0aa02afa0b86.jpg,"Art, Drama, Anatomy","Fine motor, Imagination","Cardboard, red/blue markers, brass fasteners","1. Trace the parts of Spiderman (torso, mask, limbs) on cardboard. 2. Color them in the classic suit patterns. 3. Use brass fasteners to connect the joints. 4. Pose the figure in iconic ""web-swinging"" or ""crawling"" positions. 5. Discuss how Spiderman uses his muscles to move.",,,
,starry night,,https://i.pinimg.com/736x/4d/f6/9e/4df69e72e8999d6857596228b2791516.jpg,"Art, Astronomy, History","Technique, Expression","Blue paper, yellow and white paint, forks/brushes","1. Look at Van Gogh's ""Starry Night."" 2. Use a fork to swirl yellow paint in circular motions on blue paper to create ""stars."" 3. Add white ""wind"" swirls. 4. Draw a dark silhouette of a town or tree at the bottom. 5. Discuss how the swirly lines make the painting feel like it is moving.",,,
https://uk.pinterest.com/pin/1125968743324789/,totter dinos,,https://i.pinimg.com/736x/4e/9d/39/4e9d398a7cbc33665ba11b00afd4a1e5.jpg,"Science, Physics, Animals","Balance, Gravity","Cardstock, pennies, tape","1. Cut out a dinosaur shape. 2. Tape pennies to the ""tail"" and ""head"" to find the perfect balance point. 3. Place the dinosaur on the edge of a table. 4. Adjust the weight until it ""totters"" but doesn't fall off. 5. Discuss how long tails helped dinosaurs balance their heavy bodies.",,,
https://uk.pinterest.com/pin/211174978784422/,big beaks,,https://i.pinimg.com/736x/4e/d8/9a/4ed89ad114a758824a6708e944f316bb.jpg,"Art, Animals, Perspective","Construction, 3D Design","Paper, markers, glue","1. Draw a bird face on a piece of paper. 2. Cut a long, wide strip of paper. 3. Fold the strip in half and glue only the edges to the face to create a ""3D"" protruding beak. 4. Decorate the beak with bright colors. 5. Add ""feathers"" by fringing the edges of the paper.",,,
,milking cows,,https://i.pinimg.com/736x/4e/f0/3d/4ef03df8c8b2e4e44c7f51cbd06e1c4f.jpg,"Science, Biology, Life Skills","Observation, Fine motor","Rubber glove, water (or milk), pin, bowl","1. Fill a rubber glove with water and tie the end shut. 2. Poke a tiny hole in the tip of one or two fingers with a pin. 3. Have the child hold the ""udder"" over a bowl. 4. Gently squeeze the fingers in a downward motion to ""milk"" the glove. 5. Discuss where milk comes from and the process of farming.",,,
https://uk.pinterest.com/pin/2603712282208705/,beach busy book,,https://i.pinimg.com/736x/51/4f/33/514f33c4f704d35a8370541442db1047.jpg,"Sensory, Literacy, Nature","Tactile exploration, Roleplay","Binder or notebook, sand, shells, fabric (water), photos","1. Create a ""Beach"" themed page in a busy book. 2. Glue down a patch of sandpaper for ""sand."" 3. Use blue silk or felt for ""waves."" 4. Add ""seek and find"" elements like small flat shells hidden under the fabric. 5. Use the book to talk about what we see and do at the seaside.",,,
,talking pirates,,https://i.pinimg.com/736x/52/3f/04/523f0456eba27674c9bafa5b00830a96.jpg,"Art, Drama, Puppetry","Communication, Expression","Paper bag, black paper, googly eyes","1. Use a black paper bag (or paint one) as the base. 2. Glue on an eyepatch and a ""hat"" cut from paper. 3. Draw a mustache and a scar. 4. Use the fold of the bag as the mouth. 5. Talk like a pirate and tell stories of hidden treasure.",,,
https://uk.pinterest.com/pin/140806234386619/,ice tower,"WARNING: DO NOT TOUCH THE ICE AS IT IS REACTING WITH THE SALT, IT WILL BURN YOU. DO NOT LEAVE CHILD ALONE WITH SALT AND ICE.",https://i.pinimg.com/736x/52/bd/bd/52bdbdaadd7cdc2236b409634c469474.jpg,"Science, Chemistry, Temperature","Reaction, Safety awareness","Ice, salt, water, large jar","1. Fill a jar with ice and a little water. 2. Pour a large amount of salt over the ice. 3. Observe as the temperature drops rapidly (well below freezing). 4. Use a thermometer to watch the numbers go down. 5. **WARNING**: Do not touch the ice/salt mixture with bare skin, as it can cause ""salt burns.""",,,
,face trace,,https://i.pinimg.com/736x/53/a1/5b/53a15b28ebff0c492885d3c0bc7514f1.jpg,"Art, Anatomy, Observation","Self-awareness, Perspective","Mirror, dry-erase markers","1. Have the child stand in front of a mirror. 2. Use a dry-erase marker to trace the outline of their own face directly onto the mirror. 3. Trace the eyes, nose, and mouth. 4. Step away to see the ""self-portrait"" left on the glass. 5. Wipe clean and try again with different expressions (happy, silly).",,,
,under the sea fingerprint art,,https://i.pinimg.com/736x/53/c6/61/53c66180d96df0b6c8d98749bd8c7ff5.jpg,"Art, Animals, Patterns","Fine motor, Creativity","Blue paint, white paper, markers","1. Use fingerprints to create ""underwater"" scenes (fish, crabs, bubbles). 2. Use the side of the thumb for a whale and the tip for a school of small fish. 3. Draw ""seaweed"" with green markers. 4. Add ""waves"" at the top of the page. 5. Discuss the different creatures that live in the ocean.",,,
https://uk.pinterest.com/pin/844493675944181/,pencil grip bracelet,,https://i.pinimg.com/736x/53/e7/58/53e758df42344dad7d3566130cbd23c9.jpg,"Literacy, Fine Motor, Anatomy","Pencil grip, Support","Small rubber band, pencil","1. Slide a rubber band onto the child's wrist. 2. Twist the band into a figure-8 and slide the pencil through the second loop. 3. This gently pulls the pencil back into the ""crook"" of the hand. 4. It helps children who struggle to keep the pencil from standing too upright. 5. Practice writing your name with the ""brace.""",,,
https://uk.pinterest.com/pin/68748531587/,mini dino dig,,https://i.pinimg.com/736x/54/75/f5/5475f58e4332e09d492ec639e4b87e9c.jpg,"Science, Geology, History","Archaeology, Sorting","Small container, sand, tiny plastic dinosaurs","1. Hide 5-10 tiny dinosaurs in a small bowl of sand. 2. Provide a paintbrush. 3. The child must ""dust"" away the sand to find each dinosaur. 4. Once found, sort the dinosaurs by type or color. 5. Discuss how real paleontologists have to be very patient.",,,
https://uk.pinterest.com/pin/140806233838434/,reel in the fish,,https://i.pinimg.com/736x/55/c0/3e/55c03e318dbb83a756c50dae98ec72e5.jpg,"Games, Physics, Nature","Kinetic energy, Coordination","Paper fish, string, lolly stick, magnet, paperclip","1. Attach a paperclip to several paper fish. 2. Tie a string to a lolly stick and glue a magnet to the end. 3. ""Cast"" your line into a ""pond"" (a blue rug or box). 4. Use the magnet to catch the fish. 5. Reel them in by winding the string around the stick.",,,
https://uk.pinterest.com/pin/1055599908344749/,3d shape pull,,https://i.pinimg.com/736x/58/f4/3f/58f43f7fa193cb73d1169e0561ad7cb2.jpg,"Math, Geometry, Fine Motor","3D shapes, Perception","Cardboard, string, beads","1. Cut out 2D shapes (circle, square, triangle). 2. Poke a hole in the center. 3. Thread a string through the hole. 4. Pull the string to see how the shape looks from different angles. 5. Discuss how a circle can look like a line when turned sideways.",,,
https://uk.pinterest.com/pin/2674081025716502/,buckwheat animal search,,https://i.pinimg.com/736x/5f/88/62/5f8862a17be751355dcab1e56efac90f.jpg,"Sensory, Nature, Recognition","Observation, Tactile","Bin of buckwheat (or dried beans), small toy animals","1. Fill a tray with buckwheat. 2. Bury 5-10 toy animals deep in the grains. 3. Have the child close their eyes and reach in to find an animal. 4. Just by feeling, can they guess which animal it is? 5. Open eyes to check and repeat.",,,
,cardboard marble maze,,https://i.pinimg.com/736x/63/57/06/63570683db4f00f448d855fda237e554.jpg,"STEM, Engineering, Physics","Gravity, Problem solving","Cardboard box, lolly sticks, marble","1. Glue lolly sticks to the inside of a shallow box to create ""walls."" 2. Create a path from a ""start"" to a ""finish"" hole. 3. Add obstacles like ""dead ends."" 4. Place a marble at the start. 5. Tilt the box to guide the marble through the maze without getting stuck.",,,
,nature bracelets,,https://i.pinimg.com/736x/65/3d/5f/653d5f1ee4f4e20455f35c36fc9fe5fd.jpg,"Nature, Art, Sensory","Observation, Responsibility",Duct tape (sticky side out),"1. Wrap a piece of duct tape around the child's wrist with the sticky side facing out. 2. Go for a walk in a garden or park. 3. Pick up fallen petals, leaves, or interesting grass. 4. Stick them onto the ""bracelet"" to create a piece of wearable nature art. 5. Discuss the different textures and colors collected.",,,
,cup and ball,,https://i.pinimg.com/736x/65/ea/1c/65ea1ca98410b675e77a0b5ed1b4b20e.jpg,"Games, Art, Coordination","Hand-eye coordination, Accuracy","Paper cup, string, bead, markers","1. Decorate a paper cup. 2. Poke a hole in the bottom and thread a string through, tying a knot inside. 3. Tie a large bead or ball to the other end of the string. 4. Swing the cup to catch the bead inside. 5. Practice until you can do it 5 times in a row.",use a paper cup,,
,cd rainbows,,https://i.pinimg.com/736x/66/1a/f9/661af94e2ee9881c00f96c6ac6ea0e94.jpg,"Science, Physics, Light","Refraction, Color theory","Old CD, flashlight, white paper","1. Shine a flashlight onto the shiny side of an old CD. 2. Reflect the light onto a white piece of paper. 3. Observe the ""rainbow"" (spectrum) that appears. 4. Move the CD to see how the colors change and dance. 5. Discuss how the tiny grooves in the CD split the white light into colors.",,,
,dinosaur hatch,,https://i.pinimg.com/736x/66/b5/b6/66b5b6e5662bd36b55b156c4dfd28a9c.jpg,"Science, Biology, Animals","Life cycles, Change","Plastic eggs, toy dinosaurs, water","1. Place a tiny toy dinosaur inside a plastic egg. 2. Fill the egg with water and freeze it. 3. Once frozen, remove the plastic shell to have a ""dino egg."" 4. Provide the child with warm water and a dropper. 5. ""Hatch"" the dinosaur by melting the ice.",,,
https://uk.pinterest.com/pin/2674081025950880/,elastic windmill,"this is for children to play with, I am not expecting them to be able to make it themselves.",https://i.pinimg.com/736x/6d/7a/75/6d7a752a8877d96c4b4d75dc3ffdab55.jpg,"STEM, Physics, Engineering","Elasticity, Motion","Cardboard, rubber bands, lolly sticks","1. Build a basic ""windmill"" frame from cardboard. 2. Use a twisted rubber band to create a ""motor."" 3. Wind up the blades. 4. Release to see the windmill spin on its own. 5. Discuss how the ""stretch"" of the rubber band stores energy.",,,
https://uk.pinterest.com/pin/5559199537696901/,paper cup pedal bins,,https://i.pinimg.com/736x/6d/ed/00/6ded00abdf68305020dc58c39a83b9ca.jpg,"Art, Engineering, Recycling","Mechanics, Design","Paper cup, cardboard, glue","1. Cut a small ""door"" at the bottom of a paper cup. 2. Build a cardboard ""pedal"" that connects to a hinge inside. 3. When you step on the pedal, the lid of the bin (another piece of cardboard) pops open. 4. Use it for small scraps of paper at your desk. 5. Discuss how levers help us do work.",,,
https://uk.pinterest.com/pin/1196337403460155/,easy diy puffy/squishy paint,,https://i.pinimg.com/736x/6f/2a/c5/6f2ac500baf608a45ee617b539183c8a.jpg,"Art, Sensory, Chemistry","Texture, Change","Shaving cream, white glue, food coloring","1. Mix equal parts shaving cream and white glue. 2. Add food coloring. 3. Paint a picture (like an ice cream cone or a cloud) with the thick mixture. 4. Let it dry overnight. 5. The paint will stay ""puffy"" and squishy to the touch even when dry.",,,
https://uk.pinterest.com/pin/1003599098190173538/,shadow frogs,,https://i.pinimg.com/736x/70/35/f4/7035f4b0a23e3fcc47ccee99214ab8e7.jpg,"Science, Physics, Light","Shadows, Perspective","Flashlight, paper frog cut-outs",1. Shine a flashlight on a wall. 2. Hold a paper frog between the light and the wall. 3. Move the frog closer to the light—the shadow gets huge! 4. Move it further away—the shadow gets small. 5. Discuss how the distance from the light source affects the shadow's size.,,,
,lollystick angelfish,,https://i.pinimg.com/736x/70/cd/2f/70cd2ffc35fb072a310dba4dc737585a.jpg,"Art, Math, Geometry","Shapes, Patterns","Lolly sticks, blue/orange paint, glue","1. Glue three lolly sticks into a triangle for the body. 2. Add two more sticks for the ""tail"" fins. 3. Paint the fish bright colors. 4. Add a googly eye. 5. Group them together to show a ""school"" of fish.",,,
https://uk.pinterest.com/pin/281543725882300/,paper crumple for hand strength ,,https://i.pinimg.com/736x/71/21/7c/71217ca3eb5a2a2cec00d756f2c2a4f6.jpg,"Physical Ed, Movement, Strength","Fine motor, Dexterity",Paper (newspaper or scrap),"1. Give the child a single sheet of paper. 2. Using only one hand, they must crumple the paper into the smallest ball possible. 3. Now, using only that same hand, they must try to flatten it back out. 4. Switch hands and repeat. 5. This build intrinsic hand strength for better pencil control.",,,
https://uk.pinterest.com/pin/82683343156020662/,finger strenghtening with play dough,,https://i.pinimg.com/736x/72/8e/71/728e716a4b294c8890ce95391aee6ea6.jpg,"Sensory, Fine Motor, Life Skills","Strength, Coordination","Play dough, small beads","1. Hide several small beads inside a large ball of play dough. 2. The child must poke, squeeze, and pull the dough to find all the ""treasures."" 3. Use the index finger to poke deep holes. 4. Use the thumb and forefinger to ""pinch"" the dough. 5. This works the specific muscles used for buttoning clothes and zipping.",,,
https://uk.pinterest.com/pin/563018699229582/,dancing game,,https://i.pinimg.com/736x/72/95/5a/72955a5f0c84e37efd583302fb38f355.jpg,"Games, Movement, Coordination","Gross motor, Listening","Music, open space","1. Play music and have everyone dance. 2. When the music stops, everyone must ""freeze"" in a specific pose (e.g., ""freeze like a statue"" or ""freeze like a bird""). 3. Discuss how our brains tell our bodies to stop and start. 4. Use different speeds of music to change the dance. 5. The last person to freeze is the one who chooses the next pose.",,,
,accordian fold animals,,https://i.pinimg.com/736x/76/c4/6f/76c46f1163efa59e9ee3d0e2038d8395.jpg,"Art, Animals, Folding","Sequencing, 3D Design","Paper, markers","1. Fold a long strip of paper back and forth (accordion style). 2. Draw an animal head on one end and a tail on the other. 3. When you pull the ends, the animal ""stretches"" out. 4. When you push them, the animal ""shrinks."" 5. Try making a very long snake or a ""growing"" dachshund dog.",,,
https://uk.pinterest.com/pin/563018699457749/,egg box bunny garden,,https://i.pinimg.com/736x/76/c4/a1/76c4a1876aff4b4b1c2c47c9210b7cc5.jpg,"Nature, Art, Sensory","Observation, Growth","Egg carton, soil, seeds, cotton wool","1. Fill egg carton cups with soil. 2. Plant a seed in each ""nest."" 3. Add a small cotton wool ""bunny"" decoration. 4. Place in a sunny window and water regularly. 5. Observe which seeds sprout first and create a ""mini garden.""",,,
https://uk.pinterest.com/pin/324470348187825397/,leaf shadows,,https://i.pinimg.com/736x/76/db/8b/76db8b2a74c1551328e0f675807663f9.jpg,"Science, Physics, Light","Observation, Perspective","Leaves, flashlight, paper",1. Hold a leaf up to a flashlight. 2. Observe the shadow cast on a piece of paper. 3. Trace the veins of the leaf's shadow. 4. Turn the leaf to see how the shadow changes shape. 5. Discuss why shadows are always dark even if the leaf is green.,,,
,team drawing,,https://i.pinimg.com/736x/77/bf/14/77bf14d7ffa6bda256e589e72440861f.jpg,"Art, Social Skills, Collaboration","Teamwork, Communication","Large paper, markers","1. Have two children hold the same marker. 2. Without talking, they must try to draw a house or a tree together. 3. Observe how they negotiate movement. 4. Try again, but this time they can talk to plan the drawing. 5. Discuss which way was easier and why teamwork is important.",,,
https://uk.pinterest.com/pin/68749165528/,leaf printing butterflies,,https://i.pinimg.com/736x/78/8b/d8/788bd8c5823675ee5c4c01609af91bcd.jpg,"Art, Nature, Animals","Stamping, Symmetry","Leaves, paint, paper, markers","1. Paint one side of a large leaf. 2. Press it onto paper, then flip and press it again next to the first print. 3. The two leaf prints create the ""wings"" of a butterfly. 4. Draw a body and antennae in the middle. 5. Use different shaped leaves for different butterfly wings.",,,
https://uk.pinterest.com/pin/422281211314965/,bridge building,,https://i.pinimg.com/736x/7a/19/87/7a19870c6c53e88ef738ca4e55d625ed.jpg,"STEM, Engineering, Physics","Structural integrity, Balance","Straws, tape, paper cups","1. Challenge the child to build a bridge between two chairs that can hold a paper cup. 2. Use straws as the main ""beams."" 3. Experiment with different arrangements (triangles vs. squares). 4. Add ""weights"" (pennies) to the cup to see when the bridge fails. 5. Redesign the bridge to make it stronger.",,,
https://uk.pinterest.com/pin/16466354877041544/,magic card with disappearing colour,,https://i.pinimg.com/736x/7c/3f/34/7c3f34dbecdbb4a044ba2b9205f49f59.jpg,"Art, Magic, Light","Observation, Change","Cardstock, markers, Ziploc bag, water","1. Draw a colorful scene on a piece of cardstock. 2. Place it inside a Ziploc bag. 3. Draw the same scene in black outline ONLY on the outside of the bag. 4. Dip the bag vertically into water. 5. The color will ""disappear"" from view, leaving only the black outline. 6. Pull it out to see the color return.",,,
https://pt.pinterest.com/pin/351912467077911/,racing worms,,https://i.pinimg.com/736x/82/5c/8b/825c8b267317833dab90f5149151ddf2.jpg,"Games, Animals, Speed","Movement, Friction","Paper, straw, tape","1. Fold a small paper ""worm."" 2. Use a straw to blow air behind the worm. 3. Race against a friend to see whose worm reaches the finish line first. 4. Try racing on different surfaces (carpet vs. tile). 5. Discuss how the air pushes the paper.",,,
,tiger fortune teller,,https://i.pinimg.com/736x/82/c8/1e/82c81e35b6f4f437f6a3ee5f865e080a.jpg,"Art, Games, Literacy","Sequencing, Imagination","Paper, markers","1. Draw a tiger's face on the outside of a ""fortune teller"" (cootie catcher). 2. Inside the folds, write ""tiger facts"" or ""tiger actions"" (like ""ROAR!""). 3. Have a friend pick a color and a number. 4. Open the flap to reveal the action. 5. The player must perform the tiger action.",,,
https://uk.pinterest.com/pin/2603712282454385/,junk modelling aim game,,https://i.pinimg.com/736x/83/ea/df/83eadf52c6e72e1db9c5339d5ab51a47.jpg,"STEM, Games, Engineering","Accuracy, Coordination","Cardboard boxes, paint, balls",1. Cut different sized holes in a large cardboard box. 2. Label each hole with a point value (smaller holes = more points). 3. Stand back and try to toss a ball through the holes. 4. Keep track of your score on a piece of paper. 5. Move further back to make it harder.,,,
,pringle tube projector,,https://i.pinimg.com/736x/85/48/07/8548078f6e97cd935e9d546018735090.jpg,"Science, Physics, Light","Optics, Projection","Pringles tube, wax paper, aluminum foil, pin",1. Poke a pinhole in the metal bottom of a Pringles tube. 2. Cut a hole in the plastic lid and tape wax paper over it. 3. Point the pinhole at a bright object. 4. Look at the wax paper lid to see a projected image. 5. Discuss how the light travels in straight lines through the pinhole.,,,
https://uk.pinterest.com/pin/844493676247509/,hologram box,,https://i.pinimg.com/736x/85/6c/00/856c00e224d4d6b4e8a19bfb0e53f05e.jpg,"Science, Physics, Light","Refraction, Reflection","Box, small mirror, flashlight, clear plastic","1. Place a mirror at the bottom of a box filled with water. 2. Shine a flashlight onto the mirror. 3. Place a piece of white paper so the reflected light hits it. 4. Observe the ""hologram"" of colors created on the paper. 5. Discuss how water and light work together.",,,
https://uk.pinterest.com/pin/4503668373451226/,paper cup seasons,,https://i.pinimg.com/736x/86/3e/e3/863ee34b7088bc498079fcc2ab6df37e.jpg,"Science, Astronomy, Earth","Rotation, Patterns","Two paper cups, markers","1. On one cup, draw a tree in four stages (Spring, Summer, Autumn, Winter). 2. On the second cup, cut a ""window."" 3. Place the window cup over the tree cup. 4. Rotate the top cup to ""watch"" the seasons change. 5. Discuss what happens to the weather in each season.",,,
,campfire,,https://i.pinimg.com/736x/86/fd/48/86fd48ec484bda37b4275524f63bad27.jpg,"Art, Nature, Sensory","Observation, Creativity","Sticks, tissue paper, glue","1. Collect small sticks from outside. 2. Glue them together in a ""tepee"" shape on paper. 3. Add red, orange, and yellow tissue paper ""flames"" in the center. 4. Discuss the ""colors of fire."" 5. Talk about campfire safety and what we cook on a fire.",,,
,monster maker,,https://i.pinimg.com/736x/8b/aa/6b/8baa6b4db61caece8ac5aa67e86bd7ec.jpg,"Art, Social Skills, Creativity","Imagination, Recognition","Paper, markers, ""parts"" (eyes, mouths)","1. Start with a blank ""monster body."" 2. Use a spinner or die to decide which features to add. 3. ""Add 3 eyes!"" or ""Add 2 mouths!"" 4. Give the monster a name and a special power. 5. Discuss why your monster looks the way it does.","lots of variation on pinterest e.g. robots, cats",,
,paper plate chickens,,https://i.pinimg.com/736x/8c/c0/2f/8cc02fe92e6d7916e8fc4806e6dac5fb.jpg,"Art, Animals, Recycling","Construction, Design","Paper plate, yellow paint, feathers, paper","1. Paint a paper plate yellow and fold it in half. 2. Glue googly eyes and a paper beak to the front. 3. Glue yellow feathers to the back for a tail. 4. Add orange paper ""feet"" at the bottom. 5. Rock the plate back and forth to make the chicken ""walk.""",,,
,pufferfish painting,,https://i.pinimg.com/736x/8d/9c/ce/8d9cce7516239e91e2e3e2a5a905c459.jpg,"Art, Animals, Texture","Stamping, Patterning","Paint, paper, fork or sponge","1. Dip a fork into paint. 2. Press the fork in a circular pattern on paper to create ""spikes."" 3. Fill the circle until it looks like a pufferfish. 4. Add eyes and a mouth in the center. 5. Discuss how pufferfish use their spikes for protection.",,,
,tissue box monster feet,,https://i.pinimg.com/736x/8d/fa/29/8dfa29e3b0993ea194038eb0b455215d.jpg,"Art, Games, Animals","Gross motor, Construction","Two tissue boxes, green paint, markers","1. Paint two empty tissue boxes green. 2. Draw ""claws"" or ""scales"" on the front. 3. Slide your feet into the openings of the boxes. 4. Walk around like a monster with giant feet. 5. Discuss how big feet help animals balance.",,,
https://in.pinterest.com/pin/649292471318864594/,wiggling caterpillar,,https://i.pinimg.com/736x/8e/4e/76/8e4e765e4725bbac485da6d1a976628c.jpg,"Science, Biology, Animals","Physics, Kinetic energy","Paper, markers, straw","1. Fold a paper ""caterpillar."" 2. Use a straw to blow air onto the ""hump"" of the caterpillar. 3. Watch it wiggle and move forward. 4. Try making a ""long"" caterpillar and a ""short"" one. 5. Which one moves faster?",,,
,featureswap,,https://i.pinimg.com/736x/90/49/b0/9049b0ba28930a5995babd5fc84e187f.jpg,"Social-Emotional, Art","Empathy, Recognition","Photos of family or friends, scissors, glue","1. Print two photos of different people at the same size. 2. Cut both photos in half vertically. 3. Swap the left side of one face with the right side of the other. 4. Glue them down to create a ""feature swap"" person. 5. Discuss how we share similar features but remain unique individuals.",,,
https://uk.pinterest.com/pin/522347256802646241/,2 ingredient fake snow,,https://i.pinimg.com/736x/91/ed/e3/91ede3bd2d772e16523f43ca6f105419.jpg,"Sensory, Science, Winter","Tactile exploration, States of matter","1 lb Baking soda, 1 can shaving cream","1. Pour the baking soda into a large plastic bin. 2. Slowly add shaving cream and mix with your hands. 3. Continue adding cream until the mixture is light, fluffy, and moldable. 4. The ""snow"" will feel cold to the touch due to the chemical reaction. 5. Use it to build mini snowmen or igloos indoors.",,,
https://uk.pinterest.com/pin/9781324187174965/,horse puppet,,https://i.pinimg.com/736x/94/be/0f/94be0fdee163b884a2321649367b250e.jpg,"Art, Puppetry, Drama","Fine motor, Imagination","Cardstock, markers, lolly stick, glue","1. Draw a horse's head and body on cardstock. 2. Color it with realistic or magical patterns. 3. Cut out the shape and glue a lolly stick to the bottom. 4. Use the stick to gallop the horse across a table. 5. Create a ""stable"" out of a cardboard box for the puppet to sleep in.",,,
https://uk.pinterest.com/pin/9781324187174965/,split pin horse puppets,,https://i.pinimg.com/736x/94/be/0f/94be0fdee163b884a2321649367b250e.jpg,"Art, Engineering, Animals","Mechanical joints, Sequencing","Cardstock, brass fasteners (split pins), markers","1. Draw the horse's body, legs, and neck as separate pieces. 2. Use a hole punch or pin to create holes at the joints. 3. Connect the legs and neck to the body using split pins. 4. Ensure the pins are loose enough for the limbs to swing. 5. Move the legs to demonstrate different gaits like walking, trotting, or galloping.",,,
https://uk.pinterest.com/pin/70437490473040/,moving eyes,,https://i.pinimg.com/736x/96/37/1b/96371bd86621440ba43f094f09509170.jpg,"Art, Magic, Physics","Observation, Animation","Paper, markers, a straw or strip of paper","1. Draw a face on a sheet of paper, but cut out two horizontal slits for the eyes. 2. On a separate strip of paper, draw two pupils. 3. Slide the strip through the slits behind the face. 4. Pull the strip back and forth. 5. Watch as the character's eyes ""move"" from side to side.",,,
,junk modelling instrument,,https://i.pinimg.com/736x/98/fc/d1/98fcd17c8277dc5b5c781bef1b90a967.jpg,"Music, Recycling, STEM","Acoustics, Construction","Empty containers (tins, boxes), rubber bands, tape","1. Collect various pieces of ""junk"" like a cereal box or a coffee tin. 2. Stretch rubber bands over the opening of the box to make a guitar. 3. Tap on the tins with spoons to make drums. 4. Tape two containers together to see how the sound changes. 5. Put on a ""junk band"" performance for an audience.",,,
https://uk.pinterest.com/pin/1125968712109363/,who's in the window,,https://i.pinimg.com/736x/99/f4/fe/99f4fe958a5f6b610fd6e22d134f7d9f.jpg,"Social Studies, Art, Literacy","Community, Imagination","Cardboard box, paper, markers","1. Cut ""window"" squares out of a large piece of cardboard. 2. Draw different characters or animals on separate pieces of paper. 3. Tape the characters behind the windows. 4. Ask the child to ""open"" the windows to see who is living in the building. 5. Tell a story about how all the neighbors help each other.",could be used for storytelling when something happens in a certain order e.g. gruffalo characters,,
https://uk.pinterest.com/pin/1688918606596328/,tiny basketball toy,"this is for children to play with, I am not expecting them to be able to fold it themselves.",https://i.pinimg.com/736x/9b/8b/1c/9b8b1c9b224f5d4403806363ac3bc5b9.jpg,"Games, Sports, Coordination","Precision, Focus","Paper, tape, ping pong ball","1. Fold a small piece of paper into a ""hoop"" and tape it to a wall or desk. 2. Crumple a small piece of paper into a ball (or use a ping pong ball). 3. Use your fingers to ""flick"" the ball toward the hoop. 4. Keep track of how many ""baskets"" you make. 5. Move further away to increase the difficulty level.",,,
,egg box whale,,https://i.pinimg.com/736x/9c/df/3b/9cdf3bb63f5c18165f0b6ea21c79a9e7.jpg,"Art, Recycling, Animals","3D Design, Texture","Egg carton, blue paint, paper","1. Cut a single cup out of an egg carton for the body. 2. Paint the cup bright blue. 3. Cut a ""tail"" and ""fins"" out of blue paper and glue them to the back. 4. Poke a small hole in the top and insert a blue pipe cleaner for the ""spout."" 5. Draw a large smile and eyes on the front.",,,
https://uk.pinterest.com/pin/3096293490981185/,scissor skills,,https://i.pinimg.com/736x/a5/09/bd/a509bdb099920c20cce7548a6895d340.jpg,"Fine Motor, Life Skills","Scissor skills, Precision","Paper, safety scissors, markers","1. Draw various lines on a sheet of paper (straight, wavy, zigzag). 2. Use a different colored marker for each line type. 3. Have the child use safety scissors to cut exactly along the lines. 4. Start with thick lines and progress to thinner ones. 5. Once cut, use the paper ""strips"" to make a collage.",,,
,transportation fingerprint art,,https://i.pinimg.com/736x/a5/b7/19/a5b719e78bff80b3f0de57c7dc1d8aab.jpg,"Art, Transportation, Patterns","Fine motor, Recognition","Ink pad, markers, paper","1. Use thumbprints to create shapes for vehicles (e.g., a long print for a bus). 2. Use markers to add wheels, windows, and tracks. 3. Create a ""traffic jam"" or a ""busy harbor"" scene. 4. Discuss the different ways we travel (land, sea, air). 5. Count how many wheels are in your picture.",,,
,paper sculpture techniques,make this with your child and then use the techniques in future projects,https://i.pinimg.com/736x/a6/34/e5/a634e527050fc0696a1b3c6dabcd62a3.jpg,"Art, Engineering, STEM","Spatial awareness, Construction","Paper, tape, scissors","1. Learn to ""fringe"" paper by cutting many small slits. 2. Create a ""cylinder"" by rolling and taping paper. 3. Fold an ""accordion"" to create springy movement. 4. Use ""tabs"" to glue 3D shapes onto a flat base. 5. Combine these techniques to build a complex paper city or sculpture.",,,
,egg box turtle,,https://i.pinimg.com/736x/a9/39/2c/a9392ca4ed87dc4d892fbd02b4546406.jpg,"Art, Recycling, Animals","Construction, Design","Egg carton, green paint, markers","1. Cut a single cup from an egg carton. 2. Paint it green to serve as the ""shell."" 3. Cut a flat ""star"" shape from green cardstock to serve as the legs and head. 4. Glue the egg cup shell onto the center of the cardstock. 5. Draw a face on the head and patterns on the shell.",,,
,my shadow art,,https://i.pinimg.com/736x/a9/61/20/a961202b579c20de8f9a5875a04f5a1c.jpg,"Art, Science, Light","Observation, Perspective","Chalk or markers, sun or lamp, paper","1. Place a piece of paper on the ground next to your own shadow. 2. Have a friend trace the outline of your shadow. 3. Try different poses, like ""stretching"" or ""shrinking."" 4. Fill the shadow outline with colors or patterns that represent you. 5. Discuss why the shadow changes length at different times of the day.",,,
,finger puppets,,https://i.pinimg.com/736x/aa/4c/1d/aa4c1d32820f6e6854289c68a767090b.jpg,"Art, Puppetry, Drama","Dexterity, Storytelling","Felt or paper, markers, glue","1. Cut two small circles or ""sleeves"" that fit over your fingers. 2. Decorate them as characters (e.g., a king and a queen). 3. Draw faces and glue on small fabric scraps for clothes. 4. Use your fingers as ""legs"" to make the characters walk. 5. Put on a finger puppet play behind a ""stage"" made of a book.",,,
https://uk.pinterest.com/pin/140806234386624/,cup launcher,,https://i.pinimg.com/736x/ab/14/cf/ab14cfa77195ce2d43f82859c4a873f8.jpg,"STEM, Physics, Motion","Thrust, Potential energy","Two paper cups, rubber bands, tape","1. Cut the bottom out of one cup. 2. Hook a rubber band across the rim of the second cup using small notches. 3. Place the first cup over the second, stretching the rubber band. 4. Release! 5. The stored energy in the rubber band launches the cup into the air.",,,
https://uk.pinterest.com/pin/281543725737418/,pre-scissor activities,,https://i.pinimg.com/736x/ac/41/aa/ac41aad6673d247837b7bf9b9e3074c6.jpg,"Fine Motor, Life Skills","Precision, Dexterity","Tweezers, beans, egg carton","1. Place a variety of beans in a bowl. 2. Use tweezers to pick up one bean at a time. 3. Sort the beans into the different compartments of an egg carton. 4. This mimics the ""pincer"" movement needed for holding a pencil. 5. Try to do it faster each time to improve coordination.",,,
,paper chain jellyfish,,https://i.pinimg.com/736x/b2/b7/5b/b2b75be9d21b14be20c06f769f0f4399.jpg,"Art, Animals, Patterns","Sequencing, Construction","Paper, glue, markers, string","1. Make a standard paper chain out of colorful strips. 2. Cut a large ""bell"" shape out of paper for the jellyfish head. 3. Attach the paper chains to the bottom of the head as ""tentacles."" 4. Decorate the head with large eyes. 5. Hang it from the ceiling to watch it ""swim"" in the breeze.",,,
https://uk.pinterest.com/pin/914862421384604/,elastic powered water bottle racecar,,https://i.pinimg.com/736x/b3/ec/8c/b3ec8c45b857b0b08d1a2e97053399c1.jpg,"STEM, Engineering, Physics","Energy transfer, Mechanics","Plastic bottle, bottle caps (wheels), skewers, rubber band",1. Build a chassis using a plastic bottle. 2. Use skewers and caps to create axles and wheels. 3. Loop a rubber band around the rear axle and secure the other end to the front. 4. Wind up the car by rolling it backward. 5. Release and watch the elastic force propel the car forward.,,,
,fly catch,,https://i.pinimg.com/736x/b7/78/34/b77834cafe2d8dbca7692c188478ced1.jpg,"Games, Art, Coordination","Hand-eye coordination, Accuracy","Paper cup, string, paper ""fly""","1. Decorate a paper cup. 2. Tie a string to a small paper ""fly."" 3. Attach the string to the cup. 4. Toss the fly and try to catch it in the cup. 5. This game improves focus and timing.",,,
,team cup grab,,https://i.pinimg.com/736x/b7/78/b6/b778b6d7acadd35740ed726916d88b81.jpg,"Games, Social Skills, Collaboration","Teamwork, Communication","Paper cups, rubber band, string","1. Tie four long strings to a single rubber band. 2. Four people each hold one string and pull to stretch the rubber band. 3. Use the band to ""grab"" and lift a paper cup. 4. Move the cup to a new location and release it by slackening the strings. 5. This requires perfect communication and synchronized movement.",,,
,drop the spider,,https://i.pinimg.com/736x/b8/2f/89/b82f89feffea532969d16d77e8d74ac7.jpg,"Games, Physics, Accuracy","Gravity, Coordination","Paper spider, string","1. Attach a paper spider to a long string. 2. Stand on a chair and try to ""drop"" the spider onto a target on the floor. 3. Adjust your aim based on where the spider lands. 4. Try dropping it while a fan is blowing to see how the ""wind"" affects it. 5. Discuss how spiders use their silk to drop safely.",,,
https://uk.pinterest.com/pin/16466354883090815/,pop up farm,,https://i.pinimg.com/736x/b8/68/45/b86845aebc25eb575aee4249567b81d0.jpg,"Art, Literacy, Drama","3D Design, Storytelling","Cardstock, markers, scissors","1. Fold cardstock in half. 2. Cut two slits in the fold and push the tab inward. 3. Glue a farm animal (cow, pig, sheep) to the tab. 4. When the card opens, the animal ""pops up."" 5. Use the card as a prompt to tell a story about life on the farm.",,,
https://uk.pinterest.com/pin/2322237296850211/,laser maze,,https://i.pinimg.com/736x/b9/49/36/b949360cef33fa9774bee8c82d5bbd95.jpg,"Physical Ed, Movement, Focus","Agility, Spatial awareness","Red yarn or string, hallway, tape","1. Tape yarn across a hallway at different heights and angles. 2. The child must navigate through the ""lasers"" without touching them. 3. Crawl under, climb over, and step through the gaps. 4. If they touch a string, they have to start over. 5. Time the mission to see who is the stealthiest ""spy.""",,,
,peg grasshopper,,https://i.pinimg.com/736x/ba/31/b9/ba31b9ca6889d45091a2bb05cf3beb2d.jpg,"Art, Animals, Play","Fine motor, Dexterity","Wooden peg, green markers, paper","1. Color a wooden peg bright green. 2. Cut out long green paper hind legs and glue them to the back of the peg. 3. Add small paper eyes at the ""mouth"" end of the peg. 4. Clip the grasshopper onto a leaf or branch. 5. Squeeze the peg to make the grasshopper ""bite"" or hold onto things.",,,
https://uk.pinterest.com/pin/3307399722173743/,paper cup shark snacker,,https://i.pinimg.com/736x/ba/39/c8/ba39c8d4e0e359f645cc33bb17dbc06d.jpg,"Art, Games, Recycling","Coordination, Accuracy","Paper cup, blue paint, string, paper ""fish""","1. Paint a paper cup blue and draw shark teeth around the rim. 2. Attach a string and a paper ""fish"" to the cup. 3. Flip the cup to catch the fish in the shark's mouth. 4. Discuss what sharks eat in the ocean. 5. See how many ""snacks"" you can catch in a row.",,,
https://uk.pinterest.com/pin/844493672644887/,guess the object,,https://i.pinimg.com/736x/bc/cc/d4/bcccd43dcb20f89942a5a172fa6e627a.jpg,"Games, Sensory, Recognition","Tactile perception, Memory","Opaque bag, various household objects","1. Place a secret object (spoon, toy car, sponge) inside a bag. 2. Have the child reach in and feel the object without looking. 3. They must describe the texture (hard, soft, bumpy) and guess what it is. 4. Reveal the object to see if they were right. 5. Switch roles and let the child hide an object for you.",,,
https://uk.pinterest.com/pin/110690103333024309/,wobblepeeps,,https://i.pinimg.com/736x/bc/d1/86/bcd1861e64430c2594474941501fe9c0.jpg,"STEM, Physics, Toys","Potential energy, Balance","Cardboard, pennies, markers","1. Cut a person shape with a rounded bottom. 2. Tape a penny to the inside of the bottom curve. 3. Place the ""peep"" on a flat surface and give it a nudge. 4. The weight of the penny makes the peep ""wobble"" but always return to an upright position. 5. Decorate with different expressions.",,,
https://uk.pinterest.com/pin/1266706139561351/,letter search,,https://i.pinimg.com/736x/be/80/da/be80dac3bc79026acbbc410af6aca8de.jpg,"Literacy, Games, Recognition","Letter sounds, Scanning","Tray, salt or sand, hidden letter cards","1. Hide small cards with letters on them in a tray of salt. 2. Use a brush to ""search"" for the hidden letters. 3. When a letter is found, say its name and its sound. 4. Try to find all the letters in your name. 5. Discuss how archaeologists search for hidden history in the sand.",,,
https://uk.pinterest.com/pin/1829656094872795/,papercup carosal ,,https://i.pinimg.com/736x/bf/02/70/bf02706d6fe0e8307ad0252069bbadff.jpg,"Art, Engineering, Play","Mechanics, Design","Two paper cups, markers, glue","1. Decorate one cup as a carousel with horses. 2. Poke a hole in the bottom of both cups. 3. Connect them with a straw or skewer so the top cup can spin. 4. Blow on the ""horses"" to make the carousel turn. 5. Discuss how real carousels use motors to move in a circle.",,,
,dino balloons,,https://i.pinimg.com/736x/bf/c6/be/bfc6be59034e9d1eb9c51eadeb8f2782.jpg,"Art, Science, Space","Volume, Pressure","Balloons, cardstock, tape","1. Blow up a balloon. 2. Tape cardstock dinosaur ""feet,"" ""spikes,"" and ""heads"" onto the balloon. 3. Use markers to draw scales on the rubber surface. 4. Discuss how air fills the balloon to give the dinosaur its shape. 5. Gently bat the ""dino balloon"" in the air to see how it floats.",,,
https://uk.pinterest.com/pin/703756188544024/,paper snake,,https://i.pinimg.com/736x/bf/dc/b2/bfdcb255fb04b97cd6c3e6e7cff81e8d.jpg,"Art, Animals, Patterns","Sequencing, Construction","Paper, markers","1. Cut a long, wavy snake shape out of paper. 2. Draw colorful patterns or scales along the body. 3. Fold the paper into an accordion shape. 4. When you pull the head, the snake ""stretches."" 5. Discuss different types of snakes and their habitats.",,,
,egg box toadstools,,https://i.pinimg.com/736x/c0/68/fa/c068facc5b72fb09223ee0384f4c3d55.jpg,"Art, Recycling, Nature","Construction, Design","Egg carton, red and white paint","1. Cut individual cups out of an egg carton. 2. Paint the cups bright red. 3. Once dry, add white ""polka dots"" with a cotton swab. 4. Use these as ""toadstools"" in a mini garden. 5. Discuss which mushrooms are safe to touch in nature.",,,
,walk the plank,,https://i.pinimg.com/736x/c0/cf/c8/c0cfc8ad1dbd0e1cc4566adbaccb1fc6.jpg,"Physical Ed, Movement, Balance","Coordination, Gross motor",Long wooden plank or tape on the floor,"1. Place a plank on the ground (or use tape to mark a line). 2. Imagine you are on a pirate ship. 3. Walk from one end to the other without stepping off the ""plank."" 4. Try walking with a ""treasure"" balanced on your head. 5. Walk backward for an extra challenge.",,,
https://uk.pinterest.com/pin/703756187876486/,DIY googly eyes,,https://i.pinimg.com/736x/c2/b1/88/c2b18864a38f29a460e807c0efc1bff2.jpg,"Art, Science, Recycling","Observation, Perspective","Clear plastic (from a toy box), markers, googly eyes",1. Cut small circles out of clear plastic. 2. Place a black bead or draw a dot in the center. 3. Glue a slightly larger circle of cardstock behind it. 4. Shake to see the eyes wiggle. 5. Use these DIY eyes for all your future junk modeling projects.,,,
,binoculars ,,https://i.pinimg.com/736x/c3/45/51/c345511a2470ae6d1261791bb55ea56b.jpg,"Science, Technology, Nature","Observation, Magnification","Two toilet paper rolls, tape, string","1. Tape two cardboard tubes together side-by-side. 2. Attach a string to the sides so they can hang around your neck. 3. Go on a ""nature spy"" mission. 4. Use the binoculars to focus your vision on specific birds or leaves. 5. Discuss how focusing on one thing helps you notice more detail.",just roll paper if you don't have tubes  or make a telescope,,
https://uk.pinterest.com/pin/281543726076093/,paper cup acrobat,,https://i.pinimg.com/736x/c5/2e/e6/c52ee6cc2d9e9826fe141ab66458e73d.jpg,"Art, Physics, Engineering","Balance, Center of mass","Paper cup, string, weights (pennies)","1. Decorate a paper cup as an acrobat. 2. Attach a string horizontally. 3. Balance the cup on the string. 4. Use pennies as weights on the ""arms"" to keep the acrobat from falling. 5. Discuss how the weights lower the center of gravity to provide stability.",,,
,papercraft hair,,https://i.pinimg.com/736x/c8/3d/23/c83d23528cd0cd168e2a05390362ab2f.jpg,"Fine Motor, Life Skills","Scissor skills, Precision","Paper, markers","1. Draw a face on a piece of paper. 2. Cut the top of the paper into thin, long ""hairs."" 3. Use a pencil to ""curl"" the hair by wrapping it around the barrel. 4. Give the character a ""trim"" using safety scissors. 5. This practices the rhythmic cutting motion needed for advanced art.",,,
https://uk.pinterest.com/pin/19069998418663861/,web shooters,"this is for children to play with, I am not expecting them to be able to make it themselves.",https://i.pinimg.com/736x/c9/7d/d5/c97dd532c9a527c3a405e59f9495c829.jpg,"STEM, Engineering, Play","Mechanics, Design","Cardboard, paper cups, string","1. Build a ""web shooter"" using a paper cup attached to a wrist strap. 2. Use a spring or rubber band to launch a ""web"" (yarn or string). 3. Target practice by aiming at ""villain"" targets across the room. 4. Discuss how Spiderman's shooters are a mix of science and technology. 5. Practice the ""web-slinging"" motion.",,,
https://uk.pinterest.com/pin/2885187256194616/,mini plane,,https://i.pinimg.com/736x/c9/eb/45/c9eb454f9fbee8ddbc391fb018eedb79.jpg,"STEM, Engineering, Aeronautics","Aerodynamics, Weight","Clothespin (peg), lolly sticks, glue","1. Glue a lolly stick across the top of a clothespin. 2. Glue a second lolly stick across the bottom. 3. Add a small ""tail"" fin made of cardstock at the back. 4. This creates a sturdy biplane model. 5. Test how it ""glides"" when tossed gently onto a soft surface.",,,
https://uk.pinterest.com/pin/AYYN6F7T0NiALJLGr7i-0-5cHafzPhTc4z_xIoc_0qvOgwTx1RZHLEBefzS9tkRqhPvyUxpH_pZdQXdEVVJULB0/,2 ingredient putty,,https://i.pinimg.com/736x/ca/18/99/ca18999bb06ca3524b3f0340600a9232.jpg,"Sensory, Chemistry, Play","Viscosity, Polymers","Toothpaste, cornstarch","1. Mix a small amount of toothpaste with cornstarch in a bowl. 2. Knead with your hands until it becomes a soft, pliable ""putty."" 3. Observe how it stretches when pulled slowly and breaks when pulled quickly. 4. Add a drop of food coloring for variety. 5. This is a great tactile tool for stress relief and focus.",,,
https://uk.pinterest.com/pin/70437490491859/,jumping frog,,https://i.pinimg.com/736x/ca/9d/79/ca9d79ae343228d9ae8386ae22a5b592.jpg,"Science, Physics, Animals","Elasticity, Motion","Paper, rubber band","1. Fold a paper ""frog"" using origami techniques. 2. Press down on the back of the frog and slide your finger off. 3. The tension in the paper acts like a spring, launching the frog forward. 4. Race your frog against a friend's. 5. Discuss how real frogs use their powerful legs to jump.",,,
,communicative art,,https://i.pinimg.com/736x/cb/d3/38/cbd338fd365cbb9cf29fff6fd131bb23.jpg,"Art, Social Skills, Collaboration","Teamwork, Communication","Large paper, markers","1. One person starts a drawing with a single line or shape. 2. The next person adds one more element. 3. Continue taking turns to build a ""communicative"" masterpiece. 4. Do not plan the image beforehand; let it grow naturally. 5. Discuss what the final image looks like to each person.",,,
https://uk.pinterest.com/pin/3870349675188857/,texture book,,https://i.pinimg.com/736x/cb/f6/b1/cbf6b117c8a3936525b23513310b5733.jpg,"Sensory, Literacy, Nature","Tactile perception, Recognition","Cardboard, various materials (sandpaper, silk, bubble wrap)","1. Glue different materials onto the pages of a small book. 2. Close your eyes and turn the pages. 3. Describe the feeling of each page (rough, smooth, squishy). 4. Use the book as a ""calm down"" tool by focusing on the textures. 5. Discuss how we use our sense of touch to learn about the world.",,,
https://uk.pinterest.com/pin/703756188339842/,nature busy book,,https://i.pinimg.com/736x/cd/0b/f0/cd0bf0890f3013b7664f100a1fff136e.jpg,"Sensory, Nature, Biology","Observation, Responsibility","Notebook, collected nature items (leaves, petals)","1. Go on a nature walk and collect ""loose parts."" 2. Tape or glue the items into a notebook. 3. Draw what you think the rest of the plant looked like. 4. Label the items by color or size. 5. This creates a living record of the seasons in your local area.",,,
,tin foil boats,,https://i.pinimg.com/736x/cf/00/9c/cf009c4fb3d9263f6a115802bb4139ab.jpg,"STEM, Engineering, Buoyancy","Displacement, Weight","Aluminum foil, pennies",1. Give each child a piece of foil. 2. Design and build a boat that can float. 3. Add pennies to the boat one at a time. 4. Observe whose boat can hold the most weight before sinking. 5. Discuss how the shape of the boat affects how much water it displaces.,,,
https://uk.pinterest.com/pin/140806232592239/,picking beads out of playdough,,https://i.pinimg.com/736x/d0/a0/a7/d0a0a79cc67b70038105a58b961b7615.jpg,"Fine Motor, Sensory, Play","Dexterity, Strength","Play dough, small beads","1. Hide beads deep inside a ball of play dough. 2. Use your ""pincer"" fingers to dig through the dough and find the beads. 3. This strengthens the small muscles in the hand. 4. Sort the beads by color once they are ""rescued."" 5. This is a great pre-writing exercise.",,,
,Agamograph ,,https://i.pinimg.com/736x/d0/c5/14/d0c514a5b2b17abcb61f4a0019053768.jpg,"Art, Math, Geometry","Perspective, Animation","Paper, markers","1. Draw a picture on a piece of paper. 2. Fold the paper like a fan (accordion style). 3. On one set of folds, draw a different picture. 4. When you look at the paper from the left, you see one image; from the right, you see another. 5. This ""Agamograph"" demonstrates how perspective changes what we see.",,,
,dino eggs,,https://i.pinimg.com/736x/d1/47/e9/d147e9787735b5e0f99d93f86dea8a54.jpg,"Science, Biology, Animals","Change, Life cycles","Balloon, flour (or play dough), toy dinosaur","1. Place a tiny dinosaur inside a balloon. 2. Fill the balloon with flour or water and freeze/seal. 3. The ""egg"" must be ""hatched"" to find the dinosaur. 4. Discuss how dinosaurs laid eggs like birds. 5. Use the dinosaurs for imaginative play.",,,
,invisible ink,REMEMBER: TUMERIC STAINS VERY EASILY,https://i.pinimg.com/736x/d1/47/e9/d147e9787735b5e0f99d93f86dea8a54.jpg,"Science, Chemistry, Art","Chemical reactions, Secret messages","Water, baking soda, turmeric, paper","1. Mix baking soda and water to make ""invisible ink."" 2. Write a message on paper and let it dry. 3. Mix turmeric and rubbing alcohol (or water) and brush it over the paper. 4. The message will turn bright red! 5. **REMEMBER**: Turmeric stains everything it touches, so wear an apron.",,,
, construction lolly sticks,,https://i.pinimg.com/736x/d1/a6/a2/d1a6a2cede73c8c2ec1bae2ee3a91f58.jpg,"STEM, Math, Engineering","Structural integrity, Measuring","Lolly sticks, glue","1. Use lolly sticks to build 2D shapes (triangles, squares). 2. Stack the shapes to create 3D towers. 3. See who can build the tallest structure that doesn't fall. 4. Discuss how triangles provide more stability than squares in engineering. 5. Use the structures to house small toys.","try different types of fasteners e.g. poppers, magnets",,
,cardboard weaving frame,,https://i.pinimg.com/736x/d4/c1/f6/d4c1f6e715b70bf9b1237242799ef143.jpg,"Art, Nature, Patterns","Fine motor, Texture","Cardboard, yarn, leaves","1. Cut a ""frame"" out of cardboard and wrap it with yarn to create a grid. 2. Go outside and find long leaves, grasses, or twigs. 3. ""Weave"" the nature items through the yarn grid. 4. Observe the patterns and textures created by the natural materials. 5. This is a great way to display ""nature treasures"" from a walk.",,,
,spin drum,,https://i.pinimg.com/736x/d5/ed/2a/d5ed2a797e406b8002a9ccc97975ae35.jpg,"Music, Physics, Sound","Vibration, Frequency","Cardboard circle, string, beads, lolly stick","1. Glue a lolly stick to a cardboard circle. 2. Attach two strings with beads at the ends to the sides of the circle. 3. Twist the stick back and forth between your palms. 4. The beads will hit the cardboard, creating a rhythmic ""drum"" sound. 5. Decorate with bright patterns to match the music.",,,
,fruit printing,,https://i.pinimg.com/736x/d7/d0/ef/d7d0ef66cd9b5c618eca5a9f746b774c.jpg,"Art, Nature, Patterns","Stamping, Texture","Apples, lemons, or oranges, paint, paper","1. Cut a piece of fruit in half. 2. Dip the cut side into paint. 3. Press the fruit onto paper to create a print. 4. Observe the internal patterns (seeds, segments) of the fruit. 5. Use different fruits to create a colorful ""fruit salad"" artwork.",,,
https://uk.pinterest.com/pin/4433299629916238/,help holding scissors,,https://i.pinimg.com/736x/d8/96/a7/d896a757965054b17b9ba0b31a1072f9.jpg,"Fine Motor, Life Skills","Scissor skills, Precision","Safety scissors, paper, stickers","1. Place a sticker at the end of a line on a piece of paper. 2. Have the child ""cut their way to the sticker."" 3. This provides a clear goal and motivation for practicing scissor skills. 4. Use different types of paper (thick card vs. thin tissue) to vary the difficulty. 5. Discuss safety rules when using scissors.",,,
,lego marble maze,,https://i.pinimg.com/736x/d9/fc/6f/d9fc6f10fcc0aac2781c8f8f87d69749.jpg,"STEM, Engineering, Play","Problem solving, Physics","LEGO baseplate and bricks, marble","1. Build a ""maze"" on a LEGO baseplate using bricks for walls. 2. Create a start and finish point. 3. Tilt the board to guide a marble through the path. 4. If the marble gets stuck, redesign the walls to make the path smoother. 5. Challenge a friend to solve your maze.",,,
https://uk.pinterest.com/pin/844493675486483/,construction foam,,https://i.pinimg.com/736x/da/64/cb/da64cb5343f3bf23865c90811f7c60fa.jpg,"STEM, Engineering, Art","Construction, Texture","Shaving cream, glue, cardstock","1. Mix shaving cream and glue to create ""foam."" 2. Use the foam to build 3D structures on cardstock. 3. Once dry, the foam remains ""puffy"" and soft. 4. Add food coloring to create colorful ""buildings."" 5. This is a great sensory-heavy construction project.",,,
https://uk.pinterest.com/pin/211174978117196/,running rollers,,https://i.pinimg.com/736x/db/8d/a3/db8da37271f422b877fb5441ea282710.jpg,"Science, Physics, Motion","Friction, Gravity","Toilet paper rolls, marbles, tape","1. Tape cardboard tubes to a wall at different angles to create a ""roller coaster."" 2. Drop a marble in the top and watch it roll through the tubes. 3. Adjust the angles to make the marble go faster or slower. 4. See if you can make the marble land in a cup at the end. 5. Discuss how gravity pulls the marble down the track.",,,
,roots and shoots,,https://i.pinimg.com/736x/e0/47/92/e04792098c84d09e698ccefb683da1e1.jpg,"Science, Biology, Botany","Observation, Growth","Clear jar, wet paper towel, bean seeds","1. Place a wet paper towel inside a glass jar. 2. Tuck a few bean seeds between the towel and the glass. 3. Place the jar in a sunny spot. 4. Observe over several days as the roots grow ""down"" and the shoots grow ""up."" 5. Discuss what plants need to survive (water, light, air).",,,
,pipe cleaner figures,,https://i.pinimg.com/736x/e1/24/8d/e1248d4b9e68085cd5505322a105993f.jpg,"Art, Puppetry, Drama","Fine motor, Storytelling","Pipe cleaners, googly eyes, pom-poms","1. Bend pipe cleaners to create the ""skeletons"" of small people or animals. 2. Add pom-poms for heads and glue on googly eyes. 3. Use the figures to act out stories. 4. These ""bendy"" characters can sit, stand, or climb. 5. Create a whole family of pipe cleaner friends.",,,
https://uk.pinterest.com/pin/557250153912831603/,magic torch picture,If you want this to look good you'll want to use dark pens,https://i.pinimg.com/736x/e1/9e/b8/e19eb876fb1ea94eced61ca287f3fe97.jpg,"Art, Magic, Light","Observation, Perspective","Ziploc bag, black cardstock, flashlight cut-out","1. Draw a scene on a Ziploc bag using permanent markers. 2. Place a piece of black cardstock inside the bag; the drawing will ""disappear."" 3. Create a ""flashlight"" out of white paper. 4. Slide the white flashlight between the black card and the bag. 5. The white paper ""lights up"" the drawing as you move it around.",,,
,lolly stick colour match dominos ,,https://i.pinimg.com/736x/e1/e4/7e/e1e47e2e0d840743ecc66e646e426584.jpg,"Math, Games, Recognition","Color matching, Logic","Lolly sticks, markers","1. Paint the ends of lolly sticks in different colors (e.g., half red, half blue). 2. Take turns placing a stick down, but only if the color matches the end of the previous stick. 3. This is a simplified version of dominos. 4. See how long of a ""train"" you can build. 5. Discuss the strategy of saving certain colors for later.",,,
https://uk.pinterest.com/pin/3166662230241286/,cartwheelers,,https://i.pinimg.com/736x/e2/58/cc/e258cc8b80e75cfa66d992163d76090e.jpg,"Physical Ed, Movement, Balance","Gross motor, Agility","Paper, markers, music","1. Draw different ""movements"" on cards (hop, spin, clap). 2. When the music plays, children ""cartwheel"" or dance. 3. When the music stops, show a card. 4. Everyone must perform the action on the card. 5. This encourages listening skills and physical coordination.",,,
https://uk.pinterest.com/pin/16466354874632479/,paper cup mood indicator,,https://i.pinimg.com/736x/e3/bf/45/e3bf45755f3cb7a58f7854b49ee454cf.jpg,"Social-Emotional, Art","Self-awareness, Communication","Two paper cups, markers","1. Draw different ""faces"" (happy, sad, angry) around the bottom of one cup. 2. Cut a window in a second cup. 3. Place the window cup over the face cup. 4. Rotate the cup to show how you are feeling today. 5. Use this as a tool to help children express their emotions without words.",,,
,egg box jellyfish,,https://i.pinimg.com/736x/e4/db/e8/e4dbe89e9a2c26e329270a60d0fb606f.jpg,"Art, Recycling, Animals","3D Design, Texture","Egg carton, purple/blue paint, yarn","1. Cut a single cup from an egg carton. 2. Paint it a ""sea"" color. 3. Attach long pieces of yarn to the bottom for tentacles. 4. Glue on googly eyes. 5. Hang the jellyfish from the ceiling and watch it ""float.""",,,
https://uk.pinterest.com/pin/140806232734566/,paper dancers,,https://i.pinimg.com/736x/e5/78/35/e578352118b1815f86c6e2d376d7b1f4.jpg,"Physical Ed, Movement, Drama","Grace, Coordination","Paper, music, markers","1. Draw a ""dancer"" silhouette on paper. 2. Use a straw or stick to make it a puppet. 3. Put on music and make the paper dancer move to the rhythm. 4. Encourage the child to copy the ""dance moves"" of the puppet. 5. Discuss how different types of music make us want to move in different ways.",,,
https://uk.pinterest.com/pin/1548181186512342/,2 ingredient cloud dough,,https://i.pinimg.com/736x/e6/d0/41/e6d0416d08237fc99518d33f3590280c.jpg,"Sensory, Chemistry, Play","Tactile exploration, Texture","Hair conditioner, cornstarch","1. Mix 1 part conditioner with 2 parts cornstarch. 2. Knead together until it feels like a soft, silky cloud. 3. This dough is extra soft and smells great. 4. Use it to ""mold"" clouds or snowballs. 5. Observe how the texture is different from traditional play dough.",,,
,bug search,,https://i.pinimg.com/736x/e8/c0/fb/e8c0fb342584a96678f8a9b7652b746d.jpg,"Science, Biology, Nature","Observation, Discovery","Magnifying glass, garden space","1. Go into the garden with a magnifying glass. 2. Look under rocks and leaves for ""bugs."" 3. Count how many different legs, wings, or colors you see. 4. Draw a picture of your favorite bug in a ""nature journal."" 5. Discuss why bugs are important for the environment.",,,
https://uk.pinterest.com/pin/563018699436795/,bridge balance,,https://i.pinimg.com/736x/e8/f8/84/e8f884571098b1288530ed14dcbee610.jpg,"Physical Ed, Movement, Balance","Coordination, Gross motor","Tape on floor, ""treasures"" (blocks)","1. Place two lines of tape on the floor as a ""bridge."" 2. Scatter ""treasures"" along the bridge. 3. The child must walk the bridge and pick up the treasures without falling off. 4. Increase the difficulty by making the bridge narrower. 5. See how many treasures they can carry at once.",,,
https://uk.pinterest.com/pin/16466354882901416/,butterfly/dragonfly,for dragonfly wings try tracing around 2 fingers (do on folded paper so you only need to do it once),https://i.pinimg.com/736x/ea/0c/fa/ea0cfa42f0bf6c0c994cf307cc2158de.jpg,"Art, Animals, Biology","Symmetry, Anatomy","Paper, markers, string","1. Fold a piece of paper in half. 2. Trace around two fingers to create the shape of a dragonfly wing. 3. Cut out the shape while folded to ensure symmetry. 4. Glue the wings to a lolly stick ""body."" 5. Decorate with bright ""jewel"" colors.",,,
,face prints,,https://i.pinimg.com/736x/ee/b8/eb/eeb8eb7df5a384c992d093fd1098aeeb.jpg,"Art, Science, Recognition","Self-awareness, Stamping","Paint, mirror, paper","1. Have the child look in a mirror. 2. Paint their face (with safe face paint!) and then ""stamp"" it onto paper. 3. Alternatively, paint a face on a large piece of paper and press another paper on top. 4. Observe the ""print"" of the face. 5. Discuss how our features make us who we are.",,,
https://uk.pinterest.com/pin/140806231328891/,flapping butterfly,,https://i.pinimg.com/736x/f0/11/2c/f0112cb888fb57dd01c4eff5f52e5ce7.jpg,"Art, Science, Nature","Observation, Physics","Paper, markers, straw","1. Draw a butterfly on paper and cut it out. 2. Fold the wings slightly. 3. Blow air through a straw at the ""body"" of the butterfly. 4. The air pressure makes the wings ""flap"" up and down. 5. Discuss how wind helps insects and birds fly.",,,
https://uk.pinterest.com/pin/703756188540660/,ride in caterpillar tracks,,https://i.pinimg.com/736x/f0/1a/fc/f01afcc6da80809176cdaa36530e33f2.jpg,"Physical Ed, Movement, Coordination","Gross motor, Agility","Cardboard ""tracks"" (large boxes)","1. Step into two large, open cardboard boxes. 2. Slide your feet forward like you are on ""caterpillar tracks."" 3. Race a friend across the room. 4. This build leg strength and coordination. 5. Discuss how heavy machines use tracks to move over soft ground.",,,
https://uk.pinterest.com/pin/68749385905/,quiet game,,https://i.pinimg.com/736x/f0/2f/18/f02f18d23469e4e7a92fb001cef11ece.jpg,"Games, Social Skills, Focus","Self-control, Listening","A ""Quiet"" sign or timer","1. See who can stay the quietest for the longest amount of time. 2. Use a timer to set a goal (e.g., 1 minute). 3. The ""winner"" gets to choose the next game. 4. This is a great transition activity between high-energy play and quiet time. 5. Discuss why being quiet helps us listen and focus.",,,
https://uk.pinterest.com/pin/2111131073167436/,rocket trails,,https://i.pinimg.com/736x/f2/27/d0/f227d068502f7b4f2c3ca95b8658e673.jpg,"Art, Science, Space","Thrust, Perspective","Paper, markers, long strips of paper","1. Draw a rocket at the top of a page. 2. Glue long, colorful strips of paper (fire) to the bottom of the rocket. 3. Hold the rocket and run; the ""trails"" will flutter behind it. 4. Discuss how rockets need fire (thrust) to go into space. 5. Use the rocket for imaginative play.",,,
https://uk.pinterest.com/pin/563018699218475/,ball pass,,https://i.pinimg.com/736x/f4/ae/c4/f4aec48e556194159851104cf6d8a93a.jpg,"Physical Ed, Movement, Collaboration","Teamwork, Coordination","Large ball, open space",1. Two children stand back-to-back. 2. They must work together to pass a ball from one to the other without turning around. 3. Try passing the ball over the head and then through the legs. 4. See how many times they can pass it without dropping it. 5. This builds trust and communication.,,,
https://uk.pinterest.com/pin/3518505954677777/,paper football game,"this is for children to play with, I am not expecting them to be able to make it themselves.",https://i.pinimg.com/736x/f5/8f/44/f58f440c99a451c7ded130ea54897b36.jpg,"Games, Sports, Coordination","Precision, Strategy","Paper, tape, ""flick"" fingers","1. Fold a paper ""football"" (triangle). 2. Use your fingers to flick the football across a table toward a ""goal"" (made of lolly sticks). 3. Keep track of your points. 4. Discuss the rules of football. 5. Practice your ""flicking"" technique to get more power.",,,
,paper dolls for shelves or swings,,https://i.pinimg.com/736x/f5/e9/02/f5e90289c092834b6b1f34a8256bbb1b.jpg,"Art, Drama, Puppetry","Storytelling, Imagination","Paper, markers, shelf or swing","1. Draw paper dolls with long, flexible legs. 2. Place them on the edge of a shelf so their legs ""dangle."" 3. Build a ""swing"" out of string and a lolly stick. 4. Act out stories with the dolls in their new environment. 5. Discuss where the dolls might be going today.",,,
https://uk.pinterest.com/pin/1900024839577740/,spring snakes,,https://i.pinimg.com/736x/f6/78/d1/f678d13751d50e36f3ab050adfb87657.jpg,"Art, Animals, Patterns","Sequencing, Construction","Paper, markers","1. Cut a long strip of paper. 2. Draw snake patterns all over it. 3. Fold the paper into a tight accordion spring. 4. When you let go, the snake ""jumps"" or springs up. 5. Discuss how some snakes can move very quickly.",,,
,peg sloths,,https://i.pinimg.com/736x/f8/01/0b/f8010b427690a7ec02b57ac71de25d8a.jpg,"Art, Animals, Play","Fine motor, Dexterity","Wooden pegs, brown cardstock","1. Draw a sloth body (without legs) on brown cardstock. 2. Cut it out. 3. Clip wooden pegs to the arms and legs so the sloth can ""hang"" from a string or branch. 4. Move the sloth slowly along the line. 5. Discuss why sloths are so slow.",,,
https://uk.pinterest.com/pin/53761789299005812/,mini well,,https://i.pinimg.com/736x/f8/f6/a1/f8f6a11039f093488f37df160e020f99.jpg,"STEM, Engineering, History","Mechanics, Design","Cardboard box, string, lolly sticks, paper cup","1. Build a ""well"" out of a cardboard box. 2. Use a skewer as the ""axle"" and wind string around it. 3. Attach a paper cup to the end of the string. 4. Turn the handle to ""lower"" and ""raise"" the bucket. 5. Discuss how people used wells to get water before we had taps.",,,
https://uk.pinterest.com/pin/68749619373/,wobble surfer,,https://i.pinimg.com/736x/fc/41/18/fc411820d3193b17b1d1cb44b305ce22.jpg,"STEM, Physics, Toys","Balance, Center of gravity","Cardboard, penny, markers","1. Cut a surfer shape out of cardboard. 2. Tape a penny to the bottom of the ""surfboard."" 3. Place the surfer on a curved surface (like a bowl). 4. Give it a nudge and watch it ""wobble"" and surf without falling. 5. Discuss how the weight at the bottom provides stability.",,,
https://uk.pinterest.com/pin/2181499817106693/,balloon squahers,,https://i.pinimg.com/736x/fd/2b/03/fd2b03dec9ac9b88ca88e065c7b3d8dd.jpg,"Sensory, Physics, Tension","Tactile exploration, Pressure","Balloon, flour (or sand), funnel","1. Use a funnel to fill a balloon with flour. 2. Tie the end shut. 3. Squeeze the balloon; it will hold the shape of your hand. 4. This is a great ""stress ball"" for sensory input. 5. Observe how the balloon changes shape when you squash it.",,,
,fishing for ice cubes,"WARNING: DO NOT TOUCH THE ICE AS IT IS REACTING WITH THE SALT, IT WILL BURN YOU. DO NOT LEAVE CHILD ALONE WITH SALT AND ICE.",https://i.pinimg.com/736x/fd/2f/3c/fd2f3cea9981bbdb5891439541b1df4d.jpg,"Science, Chemistry, Temperature","Reaction, Safety awareness","Ice cubes, salt, string","1. Place a piece of string over an ice cube. 2. Sprinkle salt over the string and ice. 3. Wait 30 seconds, then lift the string. 4. The ice will have ""melted and refrozen"" around the string, allowing you to lift the cube. 5. **WARNING**: Do not touch the salt/ice mixture with bare skin.",,,
https://uk.pinterest.com/pin/492649953481365/,spinner,,https://i.pinimg.com/736x/fe/6f/37/fe6f37c5568893a8f3c17a8aca549d50.jpg,"Art, Physics, Toys","Motion, Centrifugal force","Cardboard circle, markers, string","1. Decorate a cardboard circle on both sides. 2. Poke two holes near the center and thread a string through. 3. Twirl the string and then pull it tight to make the disk spin and ""hum."" 4. Observe how the colors blend together. 5. This is a classic ""spinner"" toy.",,,
,mini golf,,https://i.pinimg.com/736x/fe/f1/e6/fef1e6cf46fcbaa5c32ed4058d075150.jpg,"Games, Sports, Coordination","Precision, Accuracy","Paper cups, lolly sticks (clubs), ball","1. Place paper cups on their side as ""holes."" 2. Use a lolly stick to ""putt"" a small ball into the cups. 3. Create a course with different obstacles. 4. Keep track of your ""strokes."" 5. Discuss the rules of golf.",,,
,Play dough/clay hedgehogs with sticks for spines,,https://i.pinimg.com/originals/10/52/85/105285895ca643fefe97b354930fb00d.jpg,"Art, Nature, Biology","Texture, Fine motor","Play dough, small sticks/twigs","1. Roll a ball of play dough into an oval shape for a hedgehog body. 2. Go outside and find small, thin twigs. 3. Poke the sticks into the back of the dough to create ""spines."" 4. Add small beads for eyes. 5. Discuss how hedgehogs use their spines for protection.",,,
https://uk.pinterest.com/pin/2111131073469331/,flipsticks,,https://i.pinimg.com/originals/30/46/cc/3046cc93091cd1e3d88f78ff51460d6c.gif,"STEM, Games, Mechanics","Turn-taking, Logic","Lolly sticks, markers","1. Paint one side of a lolly stick one color and the other side a different color. 2. Toss the sticks and see how many land ""color-side up."" 3. Create a point system for the results. 4. This is a game of chance and counting. 5. Discuss the probability of certain colors appearing.",,,
,sussex nature reserve checklist,,https://images.sussexwildlifetrust.org.uk/swtreservesmapticklist1920x1080.png,"Nature, Science, Literacy","Observation, Recognition",Checklist (printed or drawn),"1. Go to a nature reserve or park. 2. Use a checklist to find specific birds, plants, or insects. 3. Mark each item off as you find it. 4. Draw a picture of the most interesting thing you saw. 5. Discuss why it is important to protect nature reserves.",,,
https://i.pinimg.com/736x/42/31/22/42312235a5e8837a9daeae8f1eb619d5.jpg,tree painting,,https://lifescarousel.com/make-super-bouncy-balls/,"Art, Nature, Patterns","Stamping, Texture","Broccoli or sponges, green and brown paint, paper","1. Paint a brown ""trunk"" on paper. 2. Dip a piece of broccoli or a sponge into green paint. 3. ""Stamp"" the leaves onto the branches. 4. Observe the realistic ""leaf"" texture created by the broccoli. 5. Add ""apples"" (red dots) with your finger.",,,
,bouncy balls,,https://lifescarousel.com/make-super-bouncy-balls/,"STEM, Physics, Chemistry","Elasticity, Polymers","Glue, borax, cornstarch, warm water","1. Mix warm water and borax. 2. In a separate bowl, mix glue, cornstarch, and food coloring. 3. Combine the two mixtures and knead until firm. 4. Roll into a ball. 5. Test how high your ""super bouncy ball"" can jump.",,,
,what can i control poster?,,https://m.media-amazon.com/images/I/81Y0IN3z+qL._AC_SL1500_.jpg,"Social-Emotional, Literacy","Self-awareness, Perspective","Poster paper, markers","1. Draw a large circle. 2. Inside the circle, write things you *can* control (e.g., your words, your effort). 3. Outside the circle, write things you *cannot* control (e.g., the weather, others' actions). 4. Use this as a guide when you feel overwhelmed. 5. Discuss how focusing on what we can control makes us feel better.",,,
,dino footprints,,https://media.australian.museum/media/dd/images/Some_image.width-1600.0ca22c6.jpg,"Science, Biology, Animals","Observation, Recognition","Paper, paint, toy dinosaurs","1. Dip the feet of toy dinosaurs into paint. 2. ""Walk"" the dinosaurs across a piece of paper. 3. Compare the different footprints (3 toes vs. 4 toes). 4. Try to match the dinosaur to its track. 5. Discuss how footprints are a type of ""trace fossil.""",,,
,thaumatrope,A thaumatrope is an optical toy that was popular in the 19th century. A disk with a picture on each side is attached to two pieces of string. When the strings are twirled quickly between the fingers the two pictures appear to blend into one due to the persistence of vision.,https://media.craftulate.com/wp-content/uploads/2018/01/thaumatropes-for-kids-a.jpg,"Art, Science, Physics","Optics, Persistence of vision","Cardboard circle, string, markers","1. Draw a bird on one side of a cardboard circle and a cage on the other. 2. Attach strings to the sides. 3. Twirl the disk rapidly. 4. The bird will appear to be *inside* the cage because of ""persistence of vision."" 5. Try other combinations, like a fish and a bowl.",,,
,paper rainbow,,https://onelittleproject.com/wp-content/uploads/2020/03/DSC_6017.jpg,"Art, Weather, Geometry","Sequencing, Patterns","Strips of colored paper, glue, cotton balls","1. Cut strips of paper in the colors of the rainbow. 2. Glue the ends of the strips to create an ""arc."" 3. Glue cotton ball ""clouds"" to each end of the rainbow. 4. Discuss the order of the colors (ROYGBIV). 5. Hang the rainbow in a window.",,,
,pom pom launcher ,,https://onelittleproject.com/wp-content/uploads/2026/01/Snowman-Pom-Pom-Launcher.jpg,"STEM, Physics, Motion","Thrust, Accuracy","Paper cup, balloon, pom-pom",1. Cut the bottom off a paper cup. 2. Tie a knot in an uninflated balloon and cut off the top. 3. Stretch the balloon over the bottom of the cup. 4. Place a pom-pom inside. 5. Pull the knot and release to launch the pom-pom!,,,
,balancetree,,https://raw.githubusercontent.com/boobalootoo/things/refs/heads/main/EYed/picsforacs/balancetree.png,"STEM, Math, Engineering","Balance, Precision","Cardboard ""tree"" trunk, lolly sticks (branches)","1. Cut a vertical slit in a cardboard tube. 2. Take turns sliding lolly sticks into the slit. 3. The goal is to keep the ""tree"" balanced as you add more branches. 4. If the tree tips over, the game ends. 5. Discuss how weight distribution affects stability.",,,
,balloonkicking,,https://raw.githubusercontent.com/boobalootoo/things/refs/heads/main/EYed/picsforacs/balloonkicking.png,"Physical Ed, Movement, Coordination","Gross motor, Agility","Balloon, open space","1. Try to keep a balloon in the air using *only* your feet. 2. Count how many ""kicks"" you can do before it hits the floor. 3. This builds leg-eye coordination. 4. Try playing with a partner. 5. Discuss why the balloon falls slowly compared to a real ball.",,,
,bearrescue,,https://raw.githubusercontent.com/boobalootoo/things/refs/heads/main/EYed/picsforacs/bearrescue.png,"Social Skills, Fine Motor","Problem solving, Empathy","Toy bears, tape, tray","1. ""Trap"" toy bears to a tray using masking tape. 2. The child must carefully peel the tape to ""rescue"" the bears. 3. Discuss the importance of being kind and helping others. 4. Once rescued, give the bear a ""check-up."" 5. This is a great empathy-building activity.",,,
,bouncingsnake,,https://raw.githubusercontent.com/boobalootoo/things/refs/heads/main/EYed/picsforacs/bouncingsnake.png,"Art, Animals, Physics","Elasticity, Motion","Paper, markers, tape","1. Fold a paper snake into an accordion. 2. Tape one end to a surface and pull the other. 3. When you release it, the snake ""bounces"" back. 4. Discuss how the folds act like a spring. 5. See who can make the ""bounciest"" snake.",,,
,braidingboard,,https://raw.githubusercontent.com/boobalootoo/things/refs/heads/main/EYed/picsforacs/braidingboard.png,"Fine Motor, Life Skills","Precision, Dexterity","Cardboard, clothespins (pegs), yarn","1. Glue several clothespins to a piece of cardboard. 2. Practice ""braiding"" long pieces of yarn around the pins. 3. This builds the finger strength and sequencing skills needed for real braiding. 4. Use different colors of yarn to see the pattern clearly. 5. Discuss how we use braiding in hair and textiles.",,,
,brushyourteeth,,https://raw.githubusercontent.com/boobalootoo/things/refs/heads/main/EYed/picsforacs/brushyourteeth.png,"Health, Life Skills","Hygiene, Fine motor","Cardboard, white paint, dry-erase marker, toothbrush","1. Draw a large set of ""teeth"" on cardboard and laminate or cover with tape. 2. Use a dry-erase marker to draw ""germs"" or food on the teeth. 3. Provide the child with a toothbrush and a little water. 4. Have them brush the cardboard teeth until all the marker spots are gone. 5. Discuss why brushing our own teeth is important for health.",,,
,buttoncaterpillar,,https://raw.githubusercontent.com/boobalootoo/things/refs/heads/main/EYed/picsforacs/buttoncaterpillar.png,"Art, Math, Fine Motor","Sequencing, Counting","Buttons, pipe cleaner, cardstock head",1. Cut out a small paper circle for a caterpillar head. 2. Thread a variety of colorful buttons onto a pipe cleaner. 3. Attach the head to the front of the pipe cleaner. 4. Bend the end of the pipe cleaner to keep the buttons from falling off. 5. Count the buttons to see how long the caterpillar has grown.,,,
,buttoncolours,,https://raw.githubusercontent.com/boobalootoo/things/refs/heads/main/EYed/picsforacs/buttoncolours.png,"Math, Sorting, Recognition","Color matching, Logic","Buttons, colored cups or bowls","1. Provide a large bowl of mixed buttons in various colors and sizes. 2. Set out several cups that match the button colors. 3. Have the child sort the buttons into the correct cups. 4. To increase difficulty, ask them to sort by the number of holes (2 holes vs 4 holes). 5. Discuss the different shades and textures of the buttons.",,,
,buttondraw,,https://raw.githubusercontent.com/boobalootoo/things/refs/heads/main/EYed/picsforacs/buttondraw.png,"Art, Fine Motor, Creativity","Precision, Dexterity","Buttons, glue, paper, markers","1. Draw a simple outline of a tree, flower, or balloon strings on paper. 2. Provide a variety of buttons to act as ""leaves,"" ""petals,"" or ""balloons."" 3. Apply small dots of glue to the paper. 4. Carefully place the buttons onto the glue. 5. Let the artwork dry completely before displaying.",,,
,buttonpaperchain,,https://raw.githubusercontent.com/boobalootoo/things/refs/heads/main/EYed/picsforacs/buttonpaperchain.png,"Art, Math, Patterns","Fine motor, Construction","Buttons, strips of paper, glue","1. Cut strips of paper and glue them into a standard paper chain. 2. Before closing each loop, slide a large-holed button onto the strip. 3. Alternatively, glue buttons onto the finished links in a specific pattern. 4. Use the chain to decorate a room or measure the length of a table. 5. Observe how the buttons add weight and texture to the paper.",,,
,buttonthreading,,https://raw.githubusercontent.com/boobalootoo/things/refs/heads/main/EYed/picsforacs/buttonthreading.png,"Fine Motor, Math, Patterns","Precision, Sequencing","Buttons, string or shoelace","1. Provide a long string with a large knot at one end. 2. Have the child thread buttons onto the string one by one. 3. Encourage them to create a pattern (e.g., small-large-small). 4. Tie the ends together to create a necklace or a ""button snake."" 5. This is an excellent activity for developing the pincer grip.",,,
,carcolourtrace,,https://raw.githubusercontent.com/boobalootoo/things/refs/heads/main/EYed/picsforacs/carcolourtrace.png,"Fine Motor, Recognition","Visual tracking, Coordination","Toy cars, colored markers, large paper","1. Draw winding roads on a large sheet of paper using different colored markers. 2. Have the child choose a car that matches the color of a specific road. 3. ""Drive"" the car along the line, staying as close to the center as possible. 4. Cross the roads to add a challenge. 5. Discuss the different ""routes"" the cars are taking.",,,
,carparknumbermatch,,https://raw.githubusercontent.com/boobalootoo/things/refs/heads/main/EYed/picsforacs/carparknumbermatch.png,"Math, Games, Recognition","Counting, One-to-one correspondence","Cardboard, toy cars, markers","1. Draw a ""car park"" on a sheet of cardboard with numbered parking bays. 2. Label toy cars with matching numbers using small stickers. 3. Have the child ""park"" each car in its corresponding numbered bay. 4. Ask them to count the cars as they park them. 5. Practice ""reverse parking"" for a motor skill challenge.",,,
,caterpillarcounting,,https://raw.githubusercontent.com/boobalootoo/things/refs/heads/main/EYed/picsforacs/caterpillarcounting.png,"Math, Counting, Animals","Sequencing, Number sense","Laminated caterpillar head, play dough",1. Place a card with a number (1-10) next to a caterpillar head. 2. Have the child roll that number of play dough balls. 3. Line the balls up behind the head to create the body. 4. Count the segments out loud. 5. Swap the number and adjust the body length accordingly.,,,
,catogorising,,https://raw.githubusercontent.com/boobalootoo/things/refs/heads/main/EYed/picsforacs/catogorising.png,"Science, Logic, Recognition","Classification, Observation","Various household objects, sorting trays","1. Mix up a variety of items (e.g., toy animals, utensils, blocks). 2. Ask the child to sort them into groups (e.g., ""things that are blue"" vs ""things that are red""). 3. Discuss why each item belongs in its group. 4. Re-sort the same items by a different rule, like size or material. 5. This builds the foundational logic for scientific classification.",,,
,catogorising2,,https://raw.githubusercontent.com/boobalootoo/things/refs/heads/main/EYed/picsforacs/catogorising2.png,"Math, Logic, Recognition","Sorting, Patterns","Mixed pasta shapes, sorting bins","1. Provide a bowl of dried pasta (bowties, penne, spirals). 2. Have the child sort the pasta by shape into separate bins. 3. Count how many are in each bin. 4. Use the sorted pasta to create a repeating pattern on the table. 5. Discuss the different textures and names of the shapes.",,,
,catogorising3,,https://raw.githubusercontent.com/boobalootoo/things/refs/heads/main/EYed/picsforacs/catogorising3.png,"Nature, Science, Sorting","Classification, Botany","Leaves, sticks, stones, sorting tray","1. Go on a nature walk and collect ""loose parts."" 2. Sort the items by type (all leaves in one pile, all stones in another). 3. Re-sort the leaves by color or the stones by weight. 4. Discuss where each item came from. 5. Use the sorted items to build a nature mandala.",,,
,catogorising4,,https://raw.githubusercontent.com/boobalootoo/things/refs/heads/main/EYed/picsforacs/catogorising4.png,"Literacy, Recognition, Logic","Categorization, Language","Plastic animals, sorting mats (Land, Sea, Air)",1. Set out three mats representing different habitats. 2. Provide a bin of mixed plastic animals. 3. Have the child place each animal on the mat where it lives. 4. Discuss why a whale can't live on land or a bird in the deep sea. 5. Name the animals as they are placed.,,,
,catogorising5,,https://raw.githubusercontent.com/boobalootoo/things/refs/heads/main/EYed/picsforacs/catogorising5.png,"Math, Logic, Life Skills","Sorting, Recognition","Clean laundry (socks, shirts, towels)","1. Dump a pile of clean laundry on the floor. 2. Have the child sort the items by person or by type (e.g., all the socks together). 3. Practice matching pairs of socks. 4. Count how many items belong to each family member. 5. This integrates math skills into real-world helpfulness.",,,
,catogorising6,,https://raw.githubusercontent.com/boobalootoo/things/refs/heads/main/EYed/picsforacs/catogorising6.png,"Science, Logic, Recycling","Sustainability, Sorting","Clean recycling items, sorting bins","1. Provide a mix of clean plastic, paper, and metal items. 2. Have the child sort the items into the correct recycling bins. 3. Discuss what happens to the items after they are recycled. 4. Identify the ""recycling symbol"" on different packages. 5. Talk about why we try to reduce waste.",,,
,chainpattern,,https://raw.githubusercontent.com/boobalootoo/things/refs/heads/main/EYed/picsforacs/chainpattern.png,"Art, Math, Patterns","Sequencing, Fine motor","Colored paper links, pattern cards","1. Create a set of ""pattern cards"" showing color sequences (e.g., Red-Blue-Red). 2. Provide the child with paper strips in matching colors. 3. Have the child build a paper chain that follows the card exactly. 4. Connect the chains together to make a long ""pattern snake."" 5. Discuss what color comes next in the sequence.",,,
,citystack,,https://raw.githubusercontent.com/boobalootoo/things/refs/heads/main/EYed/picsforacs/citystack.png,"STEM, Engineering, Play","Structural integrity, Balance","Wooden blocks or boxes, toy cars","1. Challenge the child to build a ""city"" by stacking blocks as high as they can. 2. Use wider blocks at the base for stability. 3. Place toy cars on the ""roofs"" of the buildings. 4. Discuss why some towers fall and others stay standing. 5. Measure the height of the tallest building.",,,
,clipboarddisplay,,https://raw.githubusercontent.com/boobalootoo/things/refs/heads/main/EYed/picsforacs/clipboarddisplay.png,"Art, Display, Recognition","Organization, Pride","Clipboard, child's artwork, nail/hook","1. Mount a clipboard to a wall at the child's height. 2. Use the clip to display their latest drawing or project. 3. Rotate the artwork frequently to keep the ""gallery"" fresh. 4. Discuss the colors and shapes in the art currently on display. 5. This builds self-esteem and values their creative effort.",,,
,colourfeeders,,https://raw.githubusercontent.com/boobalootoo/things/refs/heads/main/EYed/picsforacs/colourfeeders.png,"Math, Sorting, Animals","Color matching, Precision","Colored cardboard tubes, matching colored pom-poms","1. Decorate cardboard tubes as ""monsters"" or ""animals"" of different colors. 2. Cut a ""mouth"" in each tube. 3. Have the child use a spoon or tweezers to ""feed"" the matching colored pom-poms to each animal. 4. Count how many pom-poms each animal ate. 5. Discuss which color was the most popular.",,,
,coloursampleart,,https://raw.githubusercontent.com/boobalootoo/things/refs/heads/main/EYed/picsforacs/coloursampleart.png,"Art, Recycling, Design","Color theory, Texture","Paint sample cards (from hardware store), glue, paper","1. Collect a variety of paint sample cards in different hues. 2. Cut the cards into shapes or strips. 3. Glue the pieces onto paper to create a ""gradient"" artwork or a mosaic. 4. Arrange colors from lightest to darkest. 5. Discuss the names of the different colors (e.g., ""Sky Blue"" vs ""Navy"").",,,
,colourwalk,,https://raw.githubusercontent.com/boobalootoo/things/refs/heads/main/EYed/picsforacs/colourwalk.png,"Physical Ed, Recognition","Gross motor, Color matching","Colored paper, open space","1. Place different colored sheets of paper on the floor around the room. 2. Call out a color. 3. The child must walk, hop, or crawl to the matching paper. 4. Play music and have them ""dance"" from color to color. 5. Discuss the fastest way to get to each color.",,,
,countingpegs,,https://raw.githubusercontent.com/boobalootoo/things/refs/heads/main/EYed/picsforacs/countingpegs.png,"Math, Fine Motor, Counting","One-to-one correspondence, Strength","Numbered cards, clothespins (pegs)",1. Create cards with numbers (1-10). 2. Have the child identify the number on the card. 3. Clip the matching number of pegs onto the edge of the card. 4. This builds the hand strength needed for writing. 5. Count the pegs once they are all attached.,,,
,customdice,,https://raw.githubusercontent.com/boobalootoo/things/refs/heads/main/EYed/picsforacs/customdice.png,"Games, Math, Creativity","Probability, Fine motor","Blank wooden cube or box, markers/stickers","1. Draw different actions (jump, clap, spin) or numbers on each face of a cube. 2. Take turns rolling the die. 3. Everyone must perform the action shown. 4. If using numbers, the child must count out that many claps. 5. Discuss which side of the die comes up most often.",,,
,daisybloom,,https://raw.githubusercontent.com/boobalootoo/things/refs/heads/main/EYed/picsforacs/daisybloom.png,"Science, Biology, Botany","Capillary action, Observation","Paper, markers, water, bowl","1. Draw a daisy on paper and color it. 2. Fold the petals into the center to create a ""bud."" 3. Gently place the paper bud on the surface of a bowl of water. 4. Watch as the paper absorbs water and the flower ""blooms"" open. 5. Discuss how real flowers need water to open their petals.",,,
,dinobones,,https://raw.githubusercontent.com/boobalootoo/things/refs/heads/main/EYed/picsforacs/dinobones.png,"Science, Geology, History","Archaeology, Anatomy","Q-tips (cotton swabs), black paper, glue","1. Look at a picture of a dinosaur skeleton. 2. Use Q-tips as ""bones."" 3. Arrange and glue the Q-tips on black paper to recreate the skeleton. 4. Use half Q-tips for smaller bones like ribs or toes. 5. Discuss how scientists put real dinosaur bones back together.",,,
,dinomaze,,https://raw.githubusercontent.com/boobalootoo/things/refs/heads/main/EYed/picsforacs/dinomaze.png,"STEM, Engineering, Play","Problem solving, Physics","Cardboard, toy dinosaurs, tape","1. Use cardboard scraps to build a ""maze"" for a toy dinosaur. 2. Create dead ends and clear paths. 3. Guide the dinosaur through the maze to reach a ""nest"" at the end. 4. Use different heights of walls. 5. Discuss how the dinosaur might find its way out in the wild.",,,
,dinopatternblocks,,https://raw.githubusercontent.com/boobalootoo/things/refs/heads/main/EYed/picsforacs/dinopatternblocks.png,"Math, Geometry, Animals","Spatial awareness, Patterns","Pattern blocks (shapes), dinosaur templates","1. Provide a dinosaur outline filled with geometric shapes. 2. Have the child match real wooden or plastic shapes to the template. 3. Discuss the names of the shapes (triangle, hexagon, square). 4. Try to build a dinosaur from scratch using only the shapes. 5. Observe how different shapes fit together.",,,
,dinostretching,,https://raw.githubusercontent.com/boobalootoo/things/refs/heads/main/EYed/picsforacs/dinostretching.png,"Art, Animals, Physics","Elasticity, Motion","Paper, markers, tape","1. Fold a paper dinosaur into a long accordion spring. 2. Tape one end to a table. 3. Pull the dinosaur's head and let go to watch it ""stretch"" and snap back. 4. Discuss how some dinosaurs had very long, flexible necks. 5. See how far you can stretch it before the tape peels.",,,
,doctortweezer,,https://raw.githubusercontent.com/boobalootoo/things/refs/heads/main/EYed/picsforacs/doctortweezer.png,"Fine Motor, Life Skills, Science","Precision, Anatomy","Tweezers, ""patient"" (tray with small items), bowl","1. Place small ""bones"" (beads) or ""germs"" (pom-poms) on a tray. 2. Provide the child with tweezers. 3. The child must ""operate"" by carefully removing the items and placing them in a bowl. 4. Discuss how doctors need very steady hands. 5. Time the ""surgery"" for an added challenge.",,,
,dropletsorting,,https://raw.githubusercontent.com/boobalootoo/things/refs/heads/main/EYed/picsforacs/dropletsorting.png,"Math, Sorting, Science","Observation, Precision","Colored water, eyedropper, small containers","1. Fill a bowl with water and add a few drops of food coloring. 2. Use an eyedropper to pick up the ""droplets."" 3. Move the droplets into separate small containers or onto specific spots on a tray. 4. This builds the fine motor control needed for science experiments. 5. Count how many drops it takes to fill a small cap.",,,
,egghatch,,https://raw.githubusercontent.com/boobalootoo/things/refs/heads/main/EYed/picsforacs/egghatch.png,"Science, Biology, Animals","Change, Life cycles","Plastic eggs, toy chick or dino, water","1. Place a toy inside a plastic egg. 2. Fill the egg with water and freeze it. 3. Provide the child with a ""warm nest"" (warm water and a salt shaker). 4. Use the salt and water to melt the ice and ""hatch"" the egg. 5. Discuss how birds and reptiles hatch from eggs.",,,
,elephantpour,,https://raw.githubusercontent.com/boobalootoo/things/refs/heads/main/EYed/picsforacs/elephantpour.png,"Sensory, Physics, Math","Volume, Coordination","Plastic elephant (or pitcher), water, cups","1. Fill a container with water. 2. Use an elephant-shaped pitcher or a funnel to ""pour"" water into smaller cups. 3. Try to fill the cups exactly to the ""fill line"" without spilling. 4. Discuss how much water the ""elephant"" can hold. 5. This is a great outdoor or bath-time activity.",,,
,exercisetoss,,https://raw.githubusercontent.com/boobalootoo/things/refs/heads/main/EYed/picsforacs/exercisetoss.png,"Physical Ed, Movement, Math","Gross motor, Strength","Cards with exercises (5 jumps, 3 spins), beanbag","1. Toss a beanbag onto a grid of exercise cards. 2. Perform the exercise shown on the card where the beanbag lands. 3. Count out loud as you do each movement. 4. Discuss how exercise helps our muscles grow strong. 5. Take turns being the ""trainer.""",,,
,feedseagull,,https://raw.githubusercontent.com/boobalootoo/things/refs/heads/main/EYed/picsforacs/feedseagull.png,"Art, Animals, Math","Fine motor, Counting","Paper plate seagull, ""fish"" (clothespins)","1. Make a paper plate seagull with a large beak. 2. Provide several ""fish"" made of small clothespins. 3. Have the child clip the ""fish"" onto the seagull's beak to ""feed"" it. 4. Count the fish as they are caught. 5. Discuss what seagulls like to eat at the beach.",,,
,feedthefrog,,https://raw.githubusercontent.com/boobalootoo/things/refs/heads/main/EYed/picsforacs/feedthefrog.png,"Fine Motor, Animals, Math","Dexterity, Precision","Cardboard frog with a wide mouth, ""flies"" (pom-poms), tongs","1. Decorate a cardboard box to look like a frog with a hole for a mouth. 2. Provide a bowl of ""flies"" (black pom-poms). 3. Use tongs or a large spoon to pick up the flies and drop them in the frog's mouth. 4. Count the flies as the frog eats. 5. Discuss how frogs use their long tongues to catch food.",,,
,find me,,https://raw.githubusercontent.com/boobalootoo/things/refs/heads/main/EYed/picsforacs/find%20me.png,"Games, Social Skills, Recognition","Scanning, Communication","A ""Find Me"" checklist with pictures of objects in the room","1. Give the child a list showing 5-10 items hidden in the room. 2. The child must search the room to find each item. 3. Check off each item as it is found. 4. Discuss where the items were hidden (e.g., ""under the chair""). 5. Switch roles and have the child hide items for you.",,,
,findcars,,https://raw.githubusercontent.com/boobalootoo/things/refs/heads/main/EYed/picsforacs/findcars.png,"Math, Recognition, Play","Scanning, One-to-one correspondence","Bowl of rice or sand, tiny toy cars","1. Bury a specific number of tiny toy cars in a sensory bin. 2. Have the child dig through the bin to ""find all the cars."" 3. Line the cars up and count them to ensure none are left behind. 4. Discuss the colors of the cars found. 5. Sort the cars by size once they are all found.",,,
,finishpic,,https://raw.githubusercontent.com/boobalootoo/things/refs/heads/main/EYed/picsforacs/finishpic.png,"Art, Creativity, Logic","Perspective, Imagination",Half-finished drawing or photo,"1. Provide a page that has only half of a picture (e.g., half a face or half a house). 2. Ask the child to ""finish the picture"" by drawing the missing part. 3. Encourage them to use their imagination for the missing details. 4. Discuss why they chose to finish it that way. 5. This develops symmetry and creative thinking.",,,
,floating ghost,,https://raw.githubusercontent.com/boobalootoo/things/refs/heads/main/EYed/picsforacs/floating%20ghost.png,"Science, Physics, Magic","Static electricity, Interaction","Balloon, tissue paper ghost, wool cloth","1. Cut a small ""ghost"" out of lightweight tissue paper. 2. Rub a balloon against a wool cloth or your hair to build a charge. 3. Bring the balloon near the ghost without touching it. 4. Watch as the ghost ""floats"" up to meet the balloon. 5. Discuss how invisible static electricity can pull things.",,,
,foamwindowdots,,https://raw.githubusercontent.com/boobalootoo/things/refs/heads/main/EYed/picsforacs/foamwindowdots.png,"Art, Sensory, Math","Texture, Color matching","Foam shapes, window, water","1. Dip foam ""dots"" or shapes into a bowl of water. 2. Press them against a window; they will stick to the glass! 3. Create patterns or pictures using the foam on the window. 4. Count how many dots you used. 5. When finished, simply peel them off—no mess!",,,
,fruitpuzzle,,https://raw.githubusercontent.com/boobalootoo/things/refs/heads/main/EYed/picsforacs/fruitpuzzle.png,"Math, Logic, Recognition","Spatial awareness, Fractions",Pictures of fruit cut into 2 or 4 pieces,"1. Print pictures of different fruits (apple, banana, orange). 2. Cut each picture into segments like a puzzle. 3. Have the child reassemble the fruit. 4. Discuss how the pieces make a ""whole"" fruit. 5. Name the fruits and their colors.",,,
,geishagame,,https://raw.githubusercontent.com/boobalootoo/things/refs/heads/main/EYed/picsforacs/geishagame.jpg,"Games, Social Studies, Art","Turn-taking, Culture","Paper fan, markers, music","1. Decorate a paper fan with traditional patterns. 2. Play a game where you must keep a feather or balloon in the air using only the ""wind"" from the fan. 3. Take turns and see who can keep it up the longest. 4. Discuss the history of fans in different cultures. 5. Practice ""graceful"" movements to the music.",,,
,germvisaulisation,,https://raw.githubusercontent.com/boobalootoo/things/refs/heads/main/EYed/picsforacs/germvisaulisation.png,"Science, Health, Biology","Hygiene, Visualization","Glitter, lotion, soap, water","1. Apply a little lotion to hands and sprinkle with glitter (""germs""). 2. Have the child try to wipe them off with a dry towel (they won't budge!). 3. Try with just water. 4. Finally, use soap and warm water for 20 seconds. 5. Observe how the glitter finally disappears, just like real germs.",,,
,germ game,"pretend to cough or sneeze and throw the pom poms to show who is ""infected"". Maybe when you infect them you draw a dot on their hand and they need to wash them. or you could use glitter to show how germs transfer.",https://raw.githubusercontent.com/boobalootoo/things/refs/heads/main/EYed/picsforacs/glitterwash.jpg,"Science, Health, Biology","Hygiene, Social-emotional","Pom-poms, open space","1. Pretend to ""sneeze"" and throw a handful of pom-poms toward a group. 2. Anyone touched by a pom-pom is ""infected."" 3. Draw a small dot on their hand with a washable marker. 4. The only way to remove the dot is to go to the ""sink"" and wash properly. 5. Discuss how covering our mouths stops germs from traveling.",,,
,habitatmatch,,https://raw.githubusercontent.com/boobalootoo/things/refs/heads/main/EYed/picsforacs/habitatmatch.png,"Science, Biology, Animals","Classification, Ecology","Animal cards, habitat cards (Jungle, Arctic, Desert)","1. Lay out the different habitat cards. 2. Provide a bin of animal figures or cards. 3. Match each animal to its correct ""home."" 4. Discuss why a polar bear needs ice or a camel needs sand. 5. This builds an early understanding of environmental science.",,,
,habitats,,https://raw.githubusercontent.com/boobalootoo/things/refs/heads/main/EYed/picsforacs/habitats.png,"Science, Biology, Animals","Classification, Ecology","Toy animals, natural materials (sand, water, leaves)","1. Create mini-habitats using sensory bins (e.g., a bin with sand for the desert). 2. Place the correct toy animals in each bin. 3. Discuss what each animal eats and where it sleeps. 4. Move the animals between bins and discuss why they might not survive there. 5. This is great for open-ended imaginative play.",,,
,handcopy,,https://raw.githubusercontent.com/boobalootoo/things/refs/heads/main/EYed/picsforacs/handcopy.png,"Art, Anatomy, Recognition","Symmetry, Self-awareness","Paper, paint, child's hand","1. Paint the palm and fingers of one hand. 2. Press it firmly onto a sheet of paper. 3. Paint the other hand and press it next to the first one. 4. Observe the ""copy"" of your hands. 5. Count the fingers and compare the sizes.",,,
,jarcolourmatch,,https://raw.githubusercontent.com/boobalootoo/things/refs/heads/main/EYed/picsforacs/jarcolourmatch.png,"Math, Sorting, Recognition","Color matching, Precision","Glass jars, colored water, matching lids or items","1. Fill jars with water dyed different colors. 2. Provide a bin of small items (beads, buttons) that match those colors. 3. Have the child drop the matching items into the correct colored jar. 4. Discuss how the items look under the water. 5. This is a calm, focused sensory activity.",,,
,jobmatch,,https://raw.githubusercontent.com/boobalootoo/things/refs/heads/main/EYed/picsforacs/jobmatch.png,"Social Studies, Literacy","Roleplay, Categorization","Cards with people in different uniforms, tool cards","1. Provide cards showing different jobs (Doctor, Firefighter, Chef). 2. Provide cards showing tools (Stethoscope, Hose, Whisk). 3. Match the tool to the person who uses it. 4. Discuss what you want to be when you grow up. 5. Act out the different jobs.",,,
,leafart,,https://raw.githubusercontent.com/boobalootoo/things/refs/heads/main/EYed/picsforacs/leafart.png,"Art, Nature, Sensory","Texture, Creativity","Collected leaves, glue, paper, markers","1. Use collected leaves as the ""body"" for characters or animals. 2. Glue a leaf to paper and draw legs, arms, and a face around it. 3. Combine different leaf shapes to make a ""leaf person."" 4. Discuss the different textures (crunchy, soft) of the leaves. 5. This turns nature finds into imaginative art.",,,
,leafcounting,,https://raw.githubusercontent.com/boobalootoo/things/refs/heads/main/EYed/picsforacs/leafcounting.png,"Math, Nature, Counting",One-to-one correspondence,"Leaves, numbered stones or cards",1. Place stones with numbers (1-5) on the table. 2. Have the child place the matching number of leaves next to each stone. 3. Count the leaves out loud. 4. Discuss the colors and shapes of the leaves used. 5. This connects math to the natural world.,,,
,leafpatterns,,https://raw.githubusercontent.com/boobalootoo/things/refs/heads/main/EYed/picsforacs/leafpatterns.png,"Art, Nature, Patterns","Observation, Symmetry","Leaves, paper, crayons","1. Place a leaf under a sheet of paper. 2. Rub a crayon over the paper to reveal the ""veins"" and patterns of the leaf. 3. Use different colors for different leaves. 4. Discuss how every leaf has a unique pattern, just like a fingerprint. 5. Cut out the rubbings to make a paper forest.",,,
,legoandpaper,,https://raw.githubusercontent.com/boobalootoo/things/refs/heads/main/EYed/picsforacs/legoandpaper.jpg,"STEM, Engineering, Play","Structural integrity, Design","LEGO bricks, paper strips",1. Challenge the child to build a bridge using only LEGO pillars and a single strip of paper. 2. See how much weight (pennies) the paper can hold. 3. Fold the paper into an accordion shape and try again. 4. Discuss why the folded paper is much stronger. 5. This is a classic introduction to structural engineering.,,,
,letterdice,,https://raw.githubusercontent.com/boobalootoo/things/refs/heads/main/EYed/picsforacs/letterdice.png,"Math, Games, Literacy","Probability, Recognition","Cube, letters, paper",1. Write letters on the faces of a wooden cube. 2. Roll the die. 3. Say the name and sound of the letter that comes up. 4. Find an object in the room that starts with that letter. 5. This turns letter recognition into a fun game.,,,
,letterdraw,,https://raw.githubusercontent.com/boobalootoo/things/refs/heads/main/EYed/picsforacs/letterdraw.png,"Literacy, Fine Motor, Sensory","Hand-eye coordination, Recognition","Tray of salt or sand, letter cards","1. Show the child a letter card. 2. Have them ""draw"" that letter in the tray of salt using their finger. 3. Shake the tray to ""erase"" it and try a new letter. 4. This tactile feedback helps the brain remember letter shapes. 5. Practice drawing simple shapes like circles and squares too.",,,
,letterpegs,,https://raw.githubusercontent.com/boobalootoo/things/refs/heads/main/EYed/picsforacs/letterpegs.png,"Literacy, Fine Motor, Math","Dexterity, Recognition","Clothespins (pegs) with letters, cardstock with names","1. Write a child's name on a strip of cardstock. 2. Write the individual letters of the name on separate pegs. 3. The child must ""clip"" the pegs onto the card in the correct order to spell their name. 4. This builds hand strength and spelling skills. 5. Discuss the sounds of the letters as they are clipped.",,,
,lollystickpics,,https://raw.githubusercontent.com/boobalootoo/things/refs/heads/main/EYed/picsforacs/lollystickpics.png,"Art, Creativity, Sequencing","Imagination, Storytelling","Lolly sticks, markers, glue","1. Draw small characters or scenes on lolly sticks. 2. Arrange the sticks in different orders to tell a story. 3. Swap one stick for a new one to change the ending. 4. Discuss what happens next in the ""lolly stick story."" 5. This is a portable and endless storytelling tool.",,,
,lombardomethod,,https://raw.githubusercontent.com/boobalootoo/things/refs/heads/main/EYed/picsforacs/lombardomethod.jpg,"Art, Science, Light","Observation, Perspective","Clear plastic sheet, marker, object","1. Place a clear plastic sheet over a real object (like a toy or a leaf). 2. Use a marker to trace the outline of the object directly onto the plastic. 3. Lift the plastic to see the ""copy."" 4. Discuss how looking through the plastic helps you see the true shape. 5. This is a foundational technique for realistic drawing.",,,
,magnatilesnumberformation,,https://raw.githubusercontent.com/boobalootoo/things/refs/heads/main/EYed/picsforacs/magnatilesnumberformation.png,"Math, Recognition, Fine Motor","Sequencing, Number sense","Magna-Tiles, dry-erase marker",1. Write numbers (1-10) on Magna-Tiles. 2. Have the child arrange the tiles in order to form a long path. 3. Trace the numbers with a finger to practice number formation. 4. Use the tiles to build 3D numbered towers. 5. Wipe clean when finished.,,,
,makingpicturesbycuttingouttextures,,https://raw.githubusercontent.com/boobalootoo/things/refs/heads/main/EYed/picsforacs/makingpicturesbycuttingouttextures.png,"Art, Sensory, Logic","Texture, Fine motor","Magazines, scissors, glue, paper","1. Search magazines for different textures (e.g., fur, water, brick). 2. Cut out the textures in specific shapes (like a circle for a sun or a triangle for a roof). 3. Glue the shapes together to create a ""mixed-media"" picture. 4. Discuss how the different textures feel to your eyes. 5. This develops visual literacy and scissor skills.",,,
,memoriseandcopy,,https://raw.githubusercontent.com/boobalootoo/things/refs/heads/main/EYed/picsforacs/memoriseandcopy.png,"Games, Memory, Focus","Sequencing, Recognition","Various small objects, a tray, a cloth",1. Place 5 objects on a tray and let the child look for 10 seconds. 2. Cover the tray with a cloth. 3. Ask the child to name all the objects they remember. 4. Remove one object while they aren't looking and have them guess what is missing. 5. This significantly improves short-term memory and focus.,,,
,movingtv,,https://raw.githubusercontent.com/boobalootoo/things/refs/heads/main/EYed/picsforacs/movingtv.png,"Art, Technology, Drama","Storytelling, Sequencing","Cardboard box, paper roll, two dowels","1. Cut a ""screen"" out of a cardboard box. 2. Draw a series of scenes on a long roll of paper. 3. Tape the paper to the dowels inside the box. 4. Turn the dowels to ""scroll"" through the story on the TV screen. 5. Narrate the show for an audience.",,,
,netfishing,,https://raw.githubusercontent.com/boobalootoo/things/refs/heads/main/EYed/picsforacs/netfishing.png,"Physical Ed, Coordination","Hand-eye coordination, Precision","Small net (like a butterfly net), balls or toy fish","1. Toss small items into the air or place them in a bin. 2. The child must use the net to ""catch"" the items. 3. Try catching a balloon for a slower-paced challenge. 4. Move the net quickly to catch ""fast fish."" 5. Discuss how fisherman use nets to catch food.",,,
,nocturnalanimals,,https://raw.githubusercontent.com/boobalootoo/things/refs/heads/main/EYed/picsforacs/nocturnalanimals.png,"Science, Biology, Animals","Classification, Ecology","Dark paper, white marker, nocturnal animal toys","1. Discuss animals that are awake at night (Owls, Bats, Foxes). 2. Create a ""night"" scene on dark paper. 3. Place the nocturnal animals in the scene. 4. Discuss how they see in the dark (big eyes, sonar). 5. This builds an understanding of biological rhythms.",,,
,organmap,,https://raw.githubusercontent.com/boobalootoo/things/refs/heads/main/EYed/picsforacs/organmap.png,"Science, Biology, Anatomy","Observation, Recognition","Large paper outline of a body, paper ""organs""","1. Trace the child's body on a large sheet of paper. 2. Provide cut-outs of the heart, lungs, and stomach. 3. Help the child place the organs in the correct spots on their ""map."" 4. Discuss what each organ does for the body. 5. This is a great introduction to human biology.",,,
,paintsmear,,https://raw.githubusercontent.com/boobalootoo/things/refs/heads/main/EYed/picsforacs/paintsmear.png,"Art, Sensory, Physics","Fluid dynamics, Gravity","Paper, liquid paint, cardboard scrap","1. Place a few drops of paint on paper. 2. Use a piece of cardboard to ""smear"" the paint across the surface. 3. Observe how the colors mix and create new streaks. 4. Move the cardboard in different directions (curvy, straight). 5. Discuss how the paint moves like a liquid.",,,
,paperchainskeleton,,https://raw.githubusercontent.com/boobalootoo/things/refs/heads/main/EYed/picsforacs/paperchainskeleton.png,"Art, Anatomy, Construction","Sequencing, Fine motor","White paper strips, glue, markers","1. Cut paper into strips and loops to create a ""human"" shape. 2. Use white strips for the ""bones."" 3. Connect the loops together to make a skeleton that can move. 4. Discuss how our bones are connected to help us move. 5. Hang the skeleton up for a fun decoration.",,,
,paperdrop,"hold a piece of paper against a wall, over the child, drop it and see it they can catch it before it hits the ground",https://raw.githubusercontent.com/boobalootoo/things/refs/heads/main/EYed/picsforacs/paperdrop.png,"Physical Ed, Coordination","Reflexes, Gross motor","Sheet of paper, wall","1. Hold a piece of paper against the wall at the child's head height. 2. Without warning, let the paper go. 3. The child must try to ""trap"" the paper against the wall with their hands before it hits the floor. 4. Move the paper higher or lower to change the difficulty. 5. This develops fast reaction times and hand-eye coordination.",,,
,pentracing,,https://raw.githubusercontent.com/boobalootoo/things/refs/heads/main/EYed/picsforacs/pentracing.png,"Literacy, Fine Motor","Dexterity, Recognition","Paper with printed lines or shapes, markers","1. Provide a page with wavy, dashed, or dotted lines. 2. Have the child trace exactly over the lines with a marker. 3. Start with large, bold lines and move to smaller ones. 4. This builds the muscle memory needed for writing letters. 5. Use different colors to make it more engaging.",,,
,picasso,,https://raw.githubusercontent.com/boobalootoo/things/refs/heads/main/EYed/picsforacs/picasso.png,"Art, History, Expression","Creativity, Perspective","Paper, markers, face template","1. Look at a portrait by Picasso. 2. Discuss how he moved the eyes and nose to different places. 3. Draw your own ""Picasso"" face by putting features where they don't usually go. 4. Use bold, bright colors. 5. Discuss how art doesn't always have to look ""real"" to be beautiful.",,,
,picture match,,https://raw.githubusercontent.com/boobalootoo/things/refs/heads/main/EYed/picsforacs/picture%20match.png,"Games, Recognition, Memory","Scanning, Logic","Photos of objects, matching real objects",1. Take photos of 5 items in your house. 2. Show the child the photo. 3. They must race to find the real object and bring it back to the photo. 4. Discuss what the object is used for. 5. This connects digital images to the physical world.,,,
,playdoughanimals,,https://raw.githubusercontent.com/boobalootoo/things/refs/heads/main/EYed/picsforacs/playdoughanimals.png,"Art, Animals, Sensory","Texture, Modeling","Play dough, googly eyes, pipe cleaners",1. Use play dough to create animal bodies. 2. Add pipe cleaners for legs and googly eyes for faces. 3. Discuss the different animals you are making. 4. Squash the animals and make new ones! 5. This is great for open-ended creative play.,,,
,playdoughconstellations,,https://raw.githubusercontent.com/boobalootoo/things/refs/heads/main/EYed/picsforacs/playdoughconstellations.png,"Science, Astronomy, Art","Observation, Patterns","Play dough ""pancake,"" toothpicks",1. Flatten a piece of play dough. 2. Look at a picture of a constellation (like the Big Dipper). 3. Use toothpicks to mark where the stars are in the dough. 4. Connect the toothpicks with string to see the shape. 5. Discuss how people see pictures in the stars at night.,,,
,playdoughdinos,,https://raw.githubusercontent.com/boobalootoo/things/refs/heads/main/EYed/picsforacs/playdoughdinos.png,"Art, Animals, Science","Classification, History","Play dough, toy dinosaurs, stones","1. Create a ""prehistoric world"" using play dough and stones. 2. Place dinosaurs in the scene. 3. Press the dinosaurs into the dough to make tracks. 4. Discuss what dinosaurs might have eaten. 5. Use the scene for imaginative play.",,,
,playdoughdinos2,,https://raw.githubusercontent.com/boobalootoo/things/refs/heads/main/EYed/picsforacs/playdoughdinos2.png,"Art, Animals, History","Anatomy, History","Play dough, toy dinosaurs","1. Give the child a lump of play dough. 2. Ask them to ""copy"" a toy dinosaur by modeling one out of dough. 3. Focus on the long neck or the sharp spikes. 4. Discuss how the play dough version is different from the plastic one. 5. This builds observation skills and fine motor control.",,,
,playdoughdinos3,,https://raw.githubusercontent.com/boobalootoo/things/refs/heads/main/EYed/picsforacs/playdoughdinos3.png,"Art, Animals, History","Anatomy, History","Play dough, toy dinosaurs","1. Give the child a lump of play dough. 2. Ask them to ""copy"" a toy dinosaur by modeling one out of dough. 3. Focus on the long neck or the sharp spikes. 4. Discuss how the play dough version is different from the plastic one. 5. This builds observation skills and fine motor control.",,,
,playdoughdinos4,,https://raw.githubusercontent.com/boobalootoo/things/refs/heads/main/EYed/picsforacs/playdoughdinos4.png,"Art, Animals, History","Anatomy, History","Play dough, toy dinosaurs","1. Give the child a lump of play dough. 2. Ask them to ""copy"" a toy dinosaur by modeling one out of dough. 3. Focus on the long neck or the sharp spikes. 4. Discuss how the play dough version is different from the plastic one. 5. This builds observation skills and fine motor control.",,,
,playdoughfruit,,https://raw.githubusercontent.com/boobalootoo/things/refs/heads/main/EYed/picsforacs/playdoughfruit.png,"Art, Math, Sorting","Recognition, Fine motor","Play dough, plastic fruit molds or toys","1. Roll out play dough and use molds to make ""fruit."" 2. Sort the dough fruit by color. 3. Count how many apples or bananas you made. 4. ""Slice"" the fruit using a plastic knife. 5. Discuss the different types of fruit we eat.",,,
,playdoughorgans,,https://raw.githubusercontent.com/boobalootoo/things/refs/heads/main/EYed/picsforacs/playdoughorgans.png,"Science, Biology, Anatomy","Observation, Recognition","Play dough (various colors), organ template","1. Provide a outline of a torso. 2. Use different colors of play dough to model the heart, lungs, and stomach. 3. Place the dough organs on the template. 4. Discuss what each organ does. 5. This is a tactile way to learn about the inside of our bodies.",,,
,playdoughshapes,,https://raw.githubusercontent.com/boobalootoo/things/refs/heads/main/EYed/picsforacs/playdoughshapes.png,"Math, Geometry, Art","Shapes, Fine motor","Play dough, cookie cutters (shapes)","1. Roll out play dough into a flat sheet. 2. Use cookie cutters to cut out circles, squares, and triangles. 3. Identify the shapes as you cut them. 4. Combine the shapes to make a ""play dough house."" 5. Count how many sides each shape has.",,,
,playdoughxmas,,https://raw.githubusercontent.com/boobalootoo/things/refs/heads/main/EYed/picsforacs/playdoughxmas.png,"Art, Holiday, Sensory","Tradition, Fine motor","Play dough, glitter, small star or tree cutters",1. Mix glitter into green or red play dough. 2. Use cutters to make stars or trees. 3. Decorate the dough with small beads. 4. Discuss holiday traditions while you play. 5. This is a festive and tactile sensory activity.,,,
,pompomgoal,,https://raw.githubusercontent.com/boobalootoo/things/refs/heads/main/EYed/picsforacs/pompomgoal.png,"Games, Sports, Coordination","Precision, Force","Pom-poms, straw, cardboard goals","1. Set up small ""goals"" made of cardboard on a table. 2. Place a pom-pom in the center. 3. Use a straw to blow air at the pom-pom to move it. 4. Try to ""score"" a goal by blowing the pom-pom into the net. 5. This builds breath control and coordination.",,,
,pompompatterns,,https://raw.githubusercontent.com/boobalootoo/things/refs/heads/main/EYed/picsforacs/pompompatterns.png,"Math, Patterns, Fine Motor","Sequencing, Recognition","Colored pom-poms, pattern cards","1. Provide cards showing a sequence of colors (e.g., Yellow-Green-Yellow). 2. Have the child place matching pom-poms onto the card. 3. Try to continue the pattern without the card. 4. Discuss what color comes next. 5. This develops foundational logic for math and coding.",,,
,potrecipe,,https://raw.githubusercontent.com/boobalootoo/things/refs/heads/main/EYed/picsforacs/potrecipe.png,"Literacy, Life Skills, Sensory","Following directions, Recognition","Large pot, wooden spoon, ""ingredients"" (pom-poms, blocks)","1. Provide a ""recipe card"" with pictures (e.g., 3 blue blocks, 2 red pom-poms). 2. Have the child find the items and ""add"" them to the pot. 3. Stir the ""soup"" with a large spoon. 4. Count the items as they go in. 5. This integrates counting with roleplay.",,,
,ramp,,https://raw.githubusercontent.com/boobalootoo/things/refs/heads/main/EYed/picsforacs/ramp.png,"Science, Physics, Motion","Gravity, Friction","Cardboard plank, toy cars, different surfaces",1. Prop up one end of a board to make a ramp. 2. Roll a car down and measure how far it goes. 3. Cover the ramp with a towel and try again. 4. Discuss why the car goes slower on the towel (friction). 5. Try making the ramp steeper to see if the car goes faster.,,,
,recycling,,https://raw.githubusercontent.com/boobalootoo/things/refs/heads/main/EYed/picsforacs/recycling.png,"Science, Logic, Recycling","Sustainability, Sorting","Clean recycling items, bins","1. Provide a mix of plastic, paper, and metal items. 2. Sort the items into the correct bins. 3. Discuss how we can reuse some items for art (junk modeling). 4. Identify the recycling symbol on packages. 5. Talk about how recycling helps the Earth.",,,
,rhymingpairs,,https://raw.githubusercontent.com/boobalootoo/things/refs/heads/main/EYed/picsforacs/rhymingpairs.png,"Literacy, Games, Recognition","Phonics, Memory","Cards with pictures of rhyming words (Cat/Hat, Dog/Log)","1. Lay the cards face down in a grid. 2. Take turns flipping two cards. 3. If the words rhyme, keep the pair. 4. Say the words out loud to hear the matching sounds. 5. This builds phonemic awareness needed for reading.",,,
,robothand,,https://raw.githubusercontent.com/boobalootoo/things/refs/heads/main/EYed/picsforacs/robothand.png,"STEM, Engineering, Biology","Mechanics, Anatomy","Cardboard, straws, string, tape","1. Trace a hand on cardboard and cut it out. 2. Tape straw segments to the fingers. 3. Thread string through the straws. 4. Pull the strings to make the cardboard fingers ""curse"" and grab. 5. Discuss how our own muscles and tendons help our hands move.",,,
,sandshapes,,https://raw.githubusercontent.com/boobalootoo/things/refs/heads/main/EYed/picsforacs/sandshapes.png,"Art, Math, Geometry","Texture, Recognition","Cardboard shapes, glue, sand","1. Glue cardboard shapes (circle, square) onto a piece of cardstock. 2. Apply glue inside the shapes. 3. Sprinkle sand over the glue. 4. Once dry, have the child close their eyes and feel the ""sand shapes."" 5. Discuss the names and textures of the shapes.",,,
,sandwhichbuild,,https://raw.githubusercontent.com/boobalootoo/things/refs/heads/main/EYed/picsforacs/sandwhichbuild.png,"Math, Life Skills, Fractions","Sequencing, Precision","Play dough, plastic knife, paper plates","1. Roll out play dough into ""bread"" and ""filling"" layers. 2. Stack the layers to build a ""sandwich."" 3. Use a plastic knife to cut the sandwich in half or quarters. 4. Discuss how the pieces make a whole sandwich. 5. Count the layers as you build them.",,,
,santatrails,,https://raw.githubusercontent.com/boobalootoo/things/refs/heads/main/EYed/picsforacs/santatrails.png,"Art, Holiday, Patterns","Sequencing, Creativity","Paper, markers, stickers","1. Draw a path for ""Santa"" on a sheet of paper. 2. Use stickers or stamps to mark the ""trail."" 3. Add obstacles like ""snow drifts"" (cotton balls). 4. Guide a toy sleigh along the path. 5. Discuss the tradition of Santa's journey while you play.",,,
,sensematch,,https://raw.githubusercontent.com/boobalootoo/things/refs/heads/main/EYed/picsforacs/sensematch.png,"Science, Biology, Anatomy","Observation, Recognition","Objects for different senses (lemon for taste, bell for sound)","1. Set out a series of items. 2. Match each item to a card representing the sense used to experience it (e.g., a flower matches the ""nose"" card). 3. Discuss which sense is your favorite. 4. Try a ""blindfold"" challenge to see if you can guess the item using only touch or smell. 5. This builds awareness of how our bodies perceive the world.",,,
,sensory toolkit.pdf,,https://raw.githubusercontent.com/boobalootoo/things/refs/heads/main/EYed/picsforacs/sensory%20toolkit.pdf,"Sensory, Health, Science","Self-regulation, Tactile","PDF guide or curated box of textures, scents, and sounds","1. Provide a variety of tools like stress balls, scented sachets, and music. 2. Have the child explore the different items. 3. Discuss which items make them feel ""calm"" or ""happy."" 4. Use the toolkit as a resource for self-regulation. 5. This develops emotional intelligence and sensory awareness.",,,
,shapedeconstruction,,https://raw.githubusercontent.com/boobalootoo/things/refs/heads/main/EYed/picsforacs/shapedeconstruction.png,"Math, Geometry, Art","Spatial awareness, Logic","Paper shapes (rectangles, squares)","1. Provide a large shape (like a big house) made of smaller shapes. 2. ""Deconstruct"" the house by removing the triangles and squares. 3. Try to put it back together like a puzzle. 4. Discuss how big shapes are often made of smaller ones. 5. Create a new image using the same pieces.",,,
,shapematch,,https://raw.githubusercontent.com/boobalootoo/things/refs/heads/main/EYed/picsforacs/shapematch.png,"Math, Recognition, Logic","Scanning, Geometry","Objects of different shapes, matching cards","1. Lay out cards with a circle, square, and triangle. 2. Find objects in the room that match the shapes on the cards (e.g., a clock for a circle). 3. Place the object on the matching card. 4. Discuss the properties of the shapes (e.g., ""This one has 3 sides""). 5. This connects geometry to everyday life.",,,
,shapesort,,https://raw.githubusercontent.com/boobalootoo/things/refs/heads/main/EYed/picsforacs/shapesort.png,"Math, Sorting, Recognition","Categorization, Geometry","Bin of mixed blocks or toys, sorting trays","1. Dump out a bin of mixed items. 2. Sort the items by shape (all circles here, all squares there). 3. Count how many of each shape you found. 4. Discuss which shape was the most common. 5. This is a foundational skill for organization and math.",,,
,shopcount,,https://raw.githubusercontent.com/boobalootoo/things/refs/heads/main/EYed/picsforacs/shopcount.png,"Math, Games, Life Skills","Counting, Addition","Toy food, play money, basket","1. Set up a ""shop"" with items and price tags (1, 2, 3). 2. Have the child ""buy"" items and count out the coins needed. 3. Count the items in the basket at the ""checkout."" 4. Practice basic addition by buying two items. 5. This turns math into a fun social game.",,,
,shopmatch,,https://raw.githubusercontent.com/boobalootoo/things/refs/heads/main/EYed/picsforacs/shopmatch.png,"Math, Recognition, Social Skills","Categorization, Logic","Toy food, shelf","1. Set out a shelf with different ""departments"" (e.g., Fruit, Bakery). 2. Have the child place the toy food in the correct section. 3. Discuss why milk goes in the fridge and bread on the shelf. 4. This develops categorization skills and environmental awareness. 5. Roleplay being the shopkeeper.",,,
,shoppinglist,,https://raw.githubusercontent.com/boobalootoo/things/refs/heads/main/EYed/picsforacs/shoppinglist.png,"Math, Literacy, Life Skills","Scanning, Sequencing",Shopping list with pictures and numbers,"1. Give the child a list (e.g., 2 apples, 1 milk). 2. They must navigate the ""shop"" to find exactly what is on the list. 3. Check items off as they are found. 4. Discuss the quantities needed. 5. This integrates reading, counting, and focus.",,,
,sickteddycount,,https://raw.githubusercontent.com/boobalootoo/things/refs/heads/main/EYed/picsforacs/sickteddycount.png,"Math, Social-Emotional, Empathy","Counting, Care","Toy teddy, ""medicine"" (beads), numbered cards","1. Place a ""sick"" teddy in a bed with several ""ailments"" (dots). 2. Have the child count how many spots the teddy has. 3. ""Prescribe"" a number of beads as medicine. 4. Count the beads into a small cup. 5. Discuss how to be kind and helpful to those who are unwell.",,,
,sightwordswat,,https://raw.githubusercontent.com/boobalootoo/things/refs/heads/main/EYed/picsforacs/sightwordswat.png,"Literacy, Games, Recognition","Scanning, Reflexes","Sight word cards, fly swatter","1. Lay out sight word cards on the table or floor. 2. Call out a word. 3. The child must race to ""swat"" the correct word with a fly swatter. 4. This turns reading practice into a high-energy game. 5. See how many words you can swat in one minute.",,,
,smoothierecipes,,https://raw.githubusercontent.com/boobalootoo/things/refs/heads/main/EYed/picsforacs/smoothierecipes.png,"Health, Literacy","Following directions, Recognition","Blender, various fruits, milk/yogurt, printed recipe","1. Provide a recipe card with pictures of the ingredients (e.g., 5 strawberries, 1 banana). 2. Have the child count out the ingredients and add them to the blender. 3. Help the child press the buttons to blend the smoothie. 4. Discuss the colors of the fruits as they mix. 5. Pour and enjoy the healthy snack you made together.",,,
,snailtracing,,https://raw.githubusercontent.com/boobalootoo/things/refs/heads/main/EYed/picsforacs/snailtracing.png,"Literacy, Fine Motor","Hand-eye coordination, Precision","Paper with snail spiral, markers","1. Draw a large spiral on a piece of paper to represent a snail's shell. 2. Place a small toy snail or button at the start of the line. 3. Have the child trace the spiral slowly with a marker. 4. Encourage them to stay on the line to ""help the snail home."" 5. Add ""grass"" and ""flowers"" around the snail once finished.",,,
,splitpinsolarsystem,,https://raw.githubusercontent.com/boobalootoo/things/refs/heads/main/EYed/picsforacs/splitpinsolarsystem.png,"Science, Astronomy","Sequencing, Construction","Paper planets, cardstock sun, split pins (brass fasteners)",1. Cut out circles of different sizes to represent the planets and a large sun. 2. Punch a hole at the end of a thin strip of cardstock for each planet. 3. Use split pins to attach the planet strips to the central sun. 4. Rotate the planets around the sun to show how they orbit. 5. Discuss the names and order of the planets in our solar system.,,,
,staticdancers,,https://raw.githubusercontent.com/boobalootoo/things/refs/heads/main/EYed/picsforacs/staticdancers.png,"Science, Physics","Static electricity, Movement","Balloons, tissue paper ""dancers,"" wool cloth","1. Cut small human shapes out of lightweight tissue paper. 2. Rub a balloon against a wool cloth or your hair to build a charge. 3. Hold the balloon over the paper dancers. 4. Watch as the dancers ""jump"" and dance toward the balloon. 5. Discuss how invisible static electricity can move objects.",,,
,stonespelling,,https://raw.githubusercontent.com/boobalootoo/things/refs/heads/main/EYed/picsforacs/stonespelling.png,"Literacy, Nature","Spelling, Recognition","Smooth stones, permanent markers","1. Write individual letters on smooth stones. 2. Provide a word card (e.g., ""CAT"" or ""DOG""). 3. Have the child find the matching letter stones and arrange them to spell the word. 4. Use the stones to practice the child's name. 5. This tactile way of spelling makes learning letters more engaging.",,,
,suitcase,,https://raw.githubusercontent.com/boobalootoo/things/refs/heads/main/EYed/picsforacs/suitcase.png,"Life Skills, Social Studies","Organization, Imagination","Small suitcase or bag, clothes, travel photos","1. Discuss where you might go on a holiday (beach, mountains). 2. Provide a small suitcase and a pile of clothes. 3. Ask the child to ""pack"" what they would need for that specific trip. 4. Use photos of the destination to prompt their choices. 5. Roleplay the journey from the house to the airport or train station.",,,
,tape colour match,,https://raw.githubusercontent.com/boobalootoo/things/refs/heads/main/EYed/picsforacs/tapecolourmatch.png,"Math, Sorting","Color matching, Recognition","Different colors of tape, matching colored toys",1. Place strips of different colored tape on a table or floor. 2. Have the child find objects in the house that match each tape color. 3. Place the objects on the corresponding tape line. 4. Count how many items were found for each color. 5. Discuss which color was the easiest to find.,,,
,teariffic art,,https://raw.githubusercontent.com/boobalootoo/things/refs/heads/main/EYed/picsforacs/tearifficart.png,"Art, Fine Motor","Creativity, Texture","Paper, glue, scraps of colored paper","1. Draw a simple shape or animal on a piece of paper. 2. Have the child ""tear"" colorful paper into small bits (this builds hand strength). 3. Apply glue to the drawing. 4. Cover the drawing with the torn paper scraps to create a textured collage. 5. Discuss the ""tear-iffic"" patterns created by the rough edges.",,,
,toolbox shapes,,https://raw.githubusercontent.com/boobalootoo/things/refs/heads/main/EYed/picsforacs/toolboxshapes.png,"Math, Geometry","Shapes, Recognition","Cardboard ""toolbox,"" paper tools in different shapes","1. Create a cardboard toolbox with slots labeled with shapes (Circle, Square, Triangle). 2. Cut ""tools"" out of paper in those specific shapes (e.g., a circular saw, a triangular wedge). 3. Have the child sort the tools into the correct slots in the toolbox. 4. Discuss the names and sides of each shape. 5. Roleplay being a builder fixing things around the room.",,,
,unbolted,,https://raw.githubusercontent.com/boobalootoo/things/refs/heads/main/EYed/picsforacs/unbolted.png,"STEM, Fine Motor","Dexterity, Problem solving","Nuts, bolts, washers, wood block with holes","1. Provide a set of real nuts and bolts. 2. Have the child practice twisting the nuts onto the bolts until they are secure. 3. ""Unbolt"" them to start over. 4. Use a wrench if available to show how tools make the job easier. 5. This develops the rotational hand movement needed for many life skills.",,,
,unnamed (82),,https://raw.githubusercontent.com/boobalootoo/things/refs/heads/main/EYed/picsforacs/unnamed%20(82).png,"Art, Sensory","Tactile exploration, Creativity","Shaving cream, liquid paint, tray","1. Squirt a layer of shaving cream onto a tray. 2. Add drops of different colored paint. 3. Use a stick or finger to ""swirl"" the colors into the cream. 4. Press a piece of paper onto the surface to take a ""print"" of the pattern. 5. Scrape off the excess cream to reveal a marbled masterpiece.",,,
,untangle,,https://raw.githubusercontent.com/boobalootoo/things/refs/heads/main/EYed/picsforacs/untangle.png,"Fine Motor, Problem Solving","Dexterity, Patience","Mixed lengths of yarn or string, beads","1. Create a ""tangle"" of colorful yarn. 2. Have the child carefully pull the strings apart to ""untangle"" them. 3. To add a challenge, thread a bead onto each string that must be moved to the end. 4. Discuss being patient while solving a tricky problem. 5. Use the untangled strings to make a giant ""web"" in the room.",,,
,vehicle place,,https://raw.githubusercontent.com/boobalootoo/things/refs/heads/main/EYed/picsforacs/vehicleplace.png,"Social Studies, Logic","Classification, Recognition","Play mat with roads/water/sky, toy vehicles","1. Provide a mat or drawing showing land, sea, and air. 2. Give the child a variety of toy vehicles (boat, car, plane). 3. Have the child ""place"" each vehicle in its correct environment. 4. Discuss why a bus stays on the road and a boat stays in the water. 5. Roleplay a long journey using all three types of transport.",,,
,very hungry caterpillar count and thread,,https://raw.githubusercontent.com/boobalootoo/things/refs/heads/main/EYed/picsforacs/veryhungrycaterpillarcountandthread.png,"Math, Literacy, Fine Motor","Counting, Dexterity","Cardboard caterpillar, green leaves (paper), string","1. Look at ""The Very Hungry Caterpillar"" story. 2. Create a caterpillar head and several paper leaves with a hole in the middle. 3. Write numbers on the leaves. 4. Have the child ""thread"" the caterpillar through the leaves in numerical order. 5. Count the leaves as the caterpillar ""eats"" through them.",,,
,washingline,,https://raw.githubusercontent.com/boobalootoo/things/refs/heads/main/EYed/picsforacs/washingline.png,"Life Skills, Math","Fine motor, One-to-one correspondence","String (washing line), clothespins (pegs), doll clothes",1. Tie a string between two chairs at child-height. 2. Provide a basket of small clothes and pegs. 3. Have the child hang the clothes on the line using the pegs. 4. Count how many items are on the line. 5. This builds the hand strength and coordination needed for daily self-care.,,,
,waterfilter,,https://raw.githubusercontent.com/boobalootoo/things/refs/heads/main/EYed/picsforacs/waterfilter.png,"Science, Ecology","Sustainability, Filtration","Plastic bottle, sand, gravel, charcoal, dirty water","1. Cut a plastic bottle in half and flip the top into the bottom like a funnel. 2. Layer gravel, sand, and charcoal inside. 3. Pour ""dirty"" water (water mixed with dirt) into the top. 4. Observe as the water drips through the layers and comes out cleaner at the bottom. 5. Discuss why it is important to have clean water to drink.",,,
,watermelon counting,,https://raw.githubusercontent.com/boobalootoo/things/refs/heads/main/EYed/picsforacs/watermeloncounting.png,"Math, Counting","Number sense, One-to-one correspondence","Paper ""watermelon"" slices, black ""seeds"" (beans)","1. Cut red paper triangles and add a green ""rind"" edge. 2. Write a number on the rind. 3. Have the child place that exact number of black beans or seeds onto the red part. 4. Count the seeds out loud. 5. Discuss the colors and shape of the watermelon.",,,
,windowsticks,,https://raw.githubusercontent.com/boobalootoo/things/refs/heads/main/EYed/picsforacs/windowsticks.png,"Art, Sensory","Fine motor, Transparency","Contact paper (sticky back plastic), window, tissue paper","1. Tape a piece of contact paper to a window with the sticky side facing out. 2. Provide a variety of colorful tissue paper shapes. 3. Have the child press the shapes onto the window to create a ""stained glass"" effect. 4. Watch how the sunlight shines through the colors. 5. Peel off and rearrange to create new designs.",,,
,salt volcano,,https://savorysplash.com/wp-content/uploads/2025/06/WhatsApp-Image-2025-06-09-a-09.26.16_103ea61d.jpg,"Science, Chemistry","Chemical reactions, Observation","Salt, food coloring, tray, liquid glue","1. Draw a ""volcano"" shape on a tray using liquid glue. 2. Sprinkle a thick layer of salt over the glue. 3. Use an eyedropper to drop colored water onto the salt. 4. Watch as the salt absorbs the color and ""erupts"" along the glue lines. 5. Discuss how the salt pulls the water in through capillary action.",,,
,pie recipes,,https://uk.pinterest.com/pin/75857574971044864/,"Life Skills, Math","Following directions, Measuring","Printed pie recipe, play dough, pie dish","1. Look at a simple pie recipe with pictures. 2. Use play dough to ""make"" the pie, counting the layers of crust and filling. 3. ""Slice"" the finished pie into quarters. 4. Discuss the steps of baking (mixing, rolling, heating). 5. Roleplay serving the pie to friends in a ""bakery.""",,,
,cork boats,,https://www.etsy.com/uk/listing/744222912/craft-kits-diy-cork-boat-set-gifts-for?utm_medium=display_product&utm_source=pinterest&utm_campaign=UK_Pin_DABA_NB_TopListing_All_ROASBidding_NA&utm_content=Purch_Broad_TopListing-All_BAU&utm_custom2=626753720853&pp=0,"STEM, Engineering","Buoyancy, Balance","Corks, rubber bands, toothpicks, paper (for sails)","1. Bundle three corks together using rubber bands to create a raft. 2. Stick a toothpick into the center cork for a mast. 3. Add a small paper sail. 4. Place the boat in a tub of water to see if it floats. 5. Blow on the sail to race it across the ""pond.""",,,
,tantrix,a game where you use these hexagonial tiles to try to make the longest loop or line of your chosen colour,https://www.tantrix.com/images/TileIndex2021.png,"Games, Math","Logic, Spatial awareness",Hexagonal Tantrix tiles (or colored hexagons),"1. Provide a set of tiles with colored paths. 2. Choose one color (e.g., Red). 3. Take turns adding tiles to build the longest continuous line or loop of your color. 4. Ensure the colors on the edges of the tiles match up. 5. This develops strategic thinking and pattern recognition.",,,
,spring flower scavenger hunt,,https://www.wildlifewatch.org.uk/sites/default/files/2022-02/Spring%20flowers.jpg,"Nature, Science","Observation, Recognition",Scavenger hunt list with spring flowers,"1. Take a printed list of local spring flowers (Daffodil, Bluebell, Primrose) on a walk. 2. Search the park or garden to find each one. 3. Tick the flower off the list once found. 4. Discuss the different colors and shapes of the petals. 5. Remember to observe only—do not pick the wild flowers!",,,
,spring nature scavenger hunt,,https://www.wildlifewatch.org.uk/sites/default/files/2022-03/Nature%20treasure%20hunt.jpg,"Nature, Science","Observation, Discovery","List of ""nature treasures"" (feather, smooth stone, twig)","1. Go on a nature walk with a scavenger hunt list. 2. Search for items of different textures and colors. 3. Collect the ""treasures"" in a small bag. 4. Discuss where each item was found (e.g., ""The feather was near the pond""). 5. Use the treasures to make a nature collage back at home.",,,
,spring woodland wildlife scavenger hunt,,https://www.wildlifewatch.org.uk/sites/default/files/2022-03/Woodland%20wildlife%20%28spring%29.jpg,"Nature, Science","Observation, Classification","List of woodland animals (Squirrel, Woodpecker, Beetle)",1. Walk through a wooded area with your checklist. 2. Look up in the trees and down under logs for wildlife. 3. Check off the animals or signs of animals (like a nest or nuts) that you find. 4. Discuss how the animals use the trees for shelter. 5. This builds an early awareness of ecosystems.,,,
,making compost,,https://www.wildlifewatch.org.uk/sites/default/files/styles/scaled_8_col_desk/public/2021-01/compost%20large.jpg.webp?itok=C7MHcuRz,"Nature, Science","Sustainability, Biology","Organic waste (veg peels), soil, large bin/jar","1. Place a layer of soil in a container. 2. Add organic kitchen scraps like fruit peels or eggshells. 3. Add another layer of soil and a little water. 4. Stir occasionally and observe over several weeks as the scraps disappear. 5. Discuss how ""compost"" turns waste into food for new plants.",,,
https://activeforlife.com/create-diy-indoor-play-space/?utm_source=Newsletter+English&utm_campaign=a3c4ba32c5-EMAIL_CAMPAIGN_2020_11_13&utm_medium=email&utm_term=0_f5bcbf5d48-a3c4ba32c5-353118205,ideas for active physical play indoors, ,https://encrypted-tbn0.gstatic.com/images?q=tbn:ANd9GcRSi4zcAoHATEQGhxKelnBln1JBWKD7izSxrSyRcA7oRrsbVw,"Physical Ed, Movement","Gross motor, Energy release","Tape, pillows, soft balls","1. Use masking tape to create ""hopscotch"" or paths on the carpet. 2. Build an ""obstacle course"" using pillows to jump over and chairs to crawl under. 3. Set up a ""bowling alley"" with empty plastic bottles. 4. This keeps children active and burning energy even when they can't go outside. 5. Time the course for a fun challenge.",,,
https://birthto5matters.org.uk/wp-content/uploads/2021/03/schemas.pdf,learn about schemas (for parents),observe your children and see what you can do to encourage whatever schemas they are displaying,,"Social-Emotional, Education","Observation, Parent awareness",Birth to 5 Matters schema PDF,"1. Read about common schemas (patterns of behavior) like ""Transporting"" or ""Enveloping."" 2. Observe your child playing and see if you notice these repeating patterns. 3. Provide materials that support their current schema (e.g., if they like ""Connecting,"" provide tape and string). 4. This helps you understand how your child is learning through play. 5. Share your observations with other caregivers.",,,
https://frugalfun4boys.com/grow/ages-3-5/,frugal fun 4 boys and girls,resource with lots of activities,,"Education, STEM","Research, Curriculum planning",Frugal Fun 4 Boys and Girls website,"1. Browse the website for low-cost, high-engagement STEM and art projects. 2. Select an activity based on the materials you already have at home. 3. Follow the step-by-step guides to build a project with your child. 4. Use the ""Ages 3-5"" section for developmentally appropriate ideas. 5. This is a great resource for ""frugal"" educational fun.",,,
,fish bite ,,https://i.pinimg.com/736x/6f/89/02/6f8902750ff5791d30b2e87928e534f4.jpg,"Fine Motor, Animals","Dexterity, Strength","Wooden clothespin (peg), paper fish, markers","1. Color a clothespin to look like a large fish or shark. 2. Cut a small paper ""worm"" or ""smaller fish."" 3. Squeeze the clothespin to make the ""big fish"" open its mouth. 4. Have the big fish ""bite"" and hold the smaller one. 5. This builds the hand muscles needed for advanced scissor work and writing.",,,
,musical poses,,https://i.pinimg.com/736x/8a/d7/42/8ad742d094ce89f9b9f3e7b23622b3c0.jpg,"Physical Ed, Movement","Gross motor, Listening","Music, open space","1. Play music and have the children dance or move around. 2. When the music stops, call out a ""pose"" (e.g., ""Pose like a tree!"" or ""Pose like a frog!""). 3. Everyone must freeze in that specific shape. 4. Discuss how our muscles help us stay very still. 5. Use different speeds of music to change the energy of the poses.",,,
https://onelittleproject.com/,one little project,resource with lots of ideas,https://encrypted-tbn0.gstatic.com/images?q=tbn:ANd9GcRiW4szDLpN346h0zkadFvJmOzzhVzCzaBuF2ceXGROO6AHxg,"Art, STEM","Research, Creativity",One Little Project website,"1. Explore the website for creative crafts and easy-to-follow art tutorials. 2. Pick a ""project of the week"" to do together. 3. Gather the simple materials listed (usually household items). 4. Follow the photo-based instructions to create something new. 5. This provides a steady stream of fresh ideas for home-based learning.",,,
https://sussexwildlifetrust.org.uk/whats-on,sussex wildlife trust events,,https://encrypted-tbn2.gstatic.com/images?q=tbn:ANd9GcQQW8_jQF7PVhhfJzq-DRmSqHGNYbnybrUJl-N-XAdKT0sCdQ,"Nature, Science","Community, Discovery",Sussex Wildlife Trust website,"1. Check the website for local nature events, workshops, and guided walks. 2. Plan a visit to a nearby reserve based on their suggestions. 3. Participate in a ""Wild Beach"" or ""Forest School"" session if available. 4. Use their seasonal guides to know what to look for in nature this month. 5. This connects your family to local conservation efforts.",,,
https://theimaginationtree.com/preschool-math-activity-shape-blocks-picture-matching-cards/,constructing 3d models based on pictures,,https://encrypted-tbn0.gstatic.com/images?q=tbn:ANd9GcSQD1ep6m6_rtQ9R_TI3XPkAQdaBeH6hrWk1NWplDyXXuTyxQ,"Math, Geometry","Spatial awareness, Recognition","3D blocks, photo cards of models","1. Provide a set of building blocks (cubes, prisms). 2. Show the child a photo of a simple 3D model (e.g., a tower or a small house). 3. Challenge the child to recreate the model exactly as it looks in the photo. 4. Discuss which shapes are at the bottom and which are at the top. 5. This builds foundational skills for geometry and engineering.",,,
https://wordsforlife.org.uk/activities/filter/?age=3-4,words for life,A collection of resources relating to literacy,,"Literacy, Education","Language, Communication",Words for Life website,"1. Explore the resources for age-appropriate literacy activities (Age 3-4). 2. Use their tips for storytelling and reading aloud. 3. Try one of the suggested ""word games"" to build vocabulary. 4. Access their milestone guides to track your child's speech development. 5. This supports the foundational ""words for life"" needed for success in school.",,,
https://www.bbc.co.uk/bitesize/subjects/zxnygk7,learn about different religions,,,"Social Studies, Culture","Empathy, Knowledge",BBC Bitesize Religious Education website,"1. Watch short videos about different religious festivals and traditions. 2. Discuss how people around the world celebrate in different ways. 3. Look at photos of places of worship (Mosques, Churches, Temples). 4. Talk about the values shared across different beliefs, like kindness and charity. 5. This builds a broad, respectful understanding of the global community.",,,
https://www.exploratorium.edu/snacks,the exploratory ,a resource for science based activities,,"Science, STEM","Scientific method, Physics",Exploratorium Science Snacks website,"1. Browse the ""snacks"" for simple, bite-sized science experiments. 2. Choose a ""physics"" or ""light"" activity using kitchen materials. 3. Ask your child ""What do you think will happen?"" before starting. 4. Conduct the experiment and observe the results together. 5. This turns your home into a laboratory for exploration.",,,
https://www.instagram.com/reels/C15UEsqvb9z/,flying plastic,,https://encrypted-tbn3.gstatic.com/images?q=tbn:ANd9GcQqYGYaVRxhMa1AS5PL1gwR6_AdAVRsDXZ_IaM7WnYNIXrIDg,"Science, Physics","Air pressure, Movement","Plastic produce bag (very light), fan or hair dryer","1. Open a very lightweight plastic bag (like a fruit bag from the shop). 2. Use a fan or hair dryer on a cool setting to blow air underneath it. 3. Watch as the bag ""flies"" and hovers in the air stream. 4. Move the fan to see if you can guide the bag around the room. 5. Discuss how air can push and lift light objects.",,,
https://www.sciencemuseumgroup.org.uk/learning/resources/make-an-animation,Phenakistoscope,make moving pictures by spinning,https://www.sciencemuseumgroup.org.uk/sites/default/files/styles/embedded_image/public/2025-09/MAA-You-Will-Need.png?itok=CUKYdo2w,"Art, Science, History","Optics, Persistence of vision","Cardboard disk, skewers, markers","1. Draw a series of slightly different images around the edge of a cardboard disk. 2. Poke a hole in the center and insert a skewer or pencil. 3. Spin the disk rapidly while looking into a mirror through the slits in the disk. 4. The images will appear to ""move"" like a movie. 5. This is the ""Phenakistoscope,"" one of the first ways humans made animations.","try a horizontal version by making it more like a spinning top, maybe using a pencil ",,
https://www.wildlifetrusts.org/actions,ways to help wildlife at home,,https://encrypted-tbn2.gstatic.com/images?q=tbn:ANd9GcR4fgWK8CLa3NL3vh93ZNc2vRQyQ6qfax8awvchQn6WF29MGw,"Nature, Science","Sustainability, Responsibility",Wildlife Trusts website,"1. Explore the ""Actions"" section for ways to help nature at home (e.g., building a bug hotel). 2. Pick one project to complete in your garden or on your balcony. 3. Track the results—do you see more bees or birds visiting? 4. Discuss why helping wildlife is important for a healthy planet. 5. This empowers children to take positive environmental action.",,,
https://www.wildlifetrusts.org/wildlife/how-identify,ID guides,wildlife trust species identification guides,https://encrypted-tbn3.gstatic.com/images?q=tbn:ANd9GcRstjeQjKAF2ba-z7MhD3PQjwnqXJqlzFEhV_837GmI595_WQ,"Nature, Science","Observation, Recognition",Wildlife Trust ID guides,"1. Use the ID guides (online or printed) to identify birds, butterflies, or trees in your area. 2. Take the guide outside and see how many species you can find. 3. Look for specific features mentioned in the guide (e.g., ""red breast"" or ""jagged leaf""). 4. Discuss how having a name for things helps us notice them more. 5. Start a ""species list"" for your garden.",,,
https://www.wildlifewatch.org.uk/things-do,wildlife watch things to do,,https://encrypted-tbn3.gstatic.com/images?q=tbn:ANd9GcS7WPqq-XNFvkIDWsqFydwiSOHUDudR9KNVK2bdXa-7D27Qpw,"Nature, Science","Discovery, Responsibility",Wildlife Watch website,"1. Look for ""Things to Do"" on the website, such as birdwatching or pond dipping. 2. Follow the guides to conduct your own nature survey. 3. Upload your findings if the site has a citizen science project running. 4. Learn about local wildlife through their interactive games. 5. This builds a lifelong connection to the natural world.",,,
https://www.youthsporttrust.org/media/qstbtv2i/000270_hm_activity_cards_final.pdf,ideas for active physical play ,,,"Physical Ed, Movement","Gross motor, Coordination",Youth Sport Trust activity cards,"1. Use the PDF cards for ideas on active physical play (e.g., skipping, balancing). 2. Set up a ""Daily Mile"" or a short movement challenge. 3. Focus on a different skill each day (Agility, Balance, Coordination). 4. Use household items as ""sports equipment."" 5. This helps maintain physical health and motor development at home.",,,
https://www.youtube.com/@CosmicKidsYoga,cosmic kids yoga,"kids yoga videos with themes like animals, dinosaurs, disney and minecraft",,"Physical Ed, Health","Self-regulation, Coordination",Cosmic Kids Yoga YouTube channel,"1. Choose a themed yoga video (e.g., Frozen, Minecraft, or Dinosaurs). 2. Follow along with the story-based poses. 3. Practice ""mindfulness"" and stretching in a fun, engaging way. 4. Use the breathing exercises to help with ""calm down"" time. 5. This integrates physical exercise with imaginative storytelling.",,,
https://www.youtube.com/shorts/BBOHOApWVa4,simple breathing exercise with cat animation,,https://encrypted-tbn1.gstatic.com/images?q=tbn:ANd9GcT2VBrNrJVxEN-WGiq7t19yrhfZyaYKhN0loQkkPn7k2SbJ5A,"Health, Self-regulation","Breath control, Calmness",Cat breathing animation video,"1. Watch the animation of the cat breathing in and out. 2. Have the child match their own breathing to the movement of the cat. 3. Breathe in slowly through the nose as the cat expands, and out through the mouth as it shrinks. 4. Use this as a ""reset"" tool when the child feels frustrated or over-excited. 5. This develops foundational skills for emotional regulation.",,,
,runaround game show quiz,,,"Social Studies, Literacy","Communication, Confidence",Runaround Game Show format,"1. Set up a ""quiz"" where the child must run to different areas of the room for ""True"" or ""False"" answers. 2. Ask questions about things they have learned (e.g., ""Do ducks have four legs?""). 3. The high-energy movement makes learning feel like a game show. 4. Take turns being the ""Host."" 5. This builds confidence in expressing knowledge.",,"ask a multiple choice question, the children have 15 seconds to run to a designated spot that represents one of the answers, the question is repeated and they have another 15 seconds if they want to change their minds, the answer is revealed",
,transport water from one container to another using only a cloth or sponge  by wringing it out,,https://i.pinimg.com/736x/37/3a/ca/373aca86c9d3418f0d145b3adb017a79.jpg,"Science, Physics","Fluid dynamics, Absorption","Two containers, sponge or cloth, water","1. Fill one container with water and leave the second one empty. 2. Give the child a sponge or a thick cloth. 3. The goal is to move all the water from the first container to the second using *only* the sponge. 4. Soak up the water, then ""wring"" it out into the new container. 5. Discuss how the sponge ""holds"" the water.",,,
,water pistols or spray bottles,could put shaving foam or bubbles on an outside window and see if they can knock it off or pop. Could also see if they can clean dirty dishes.,,"Physical Ed, Coordination","Hand-eye coordination, Precision","Water pistols or spray bottles, bubbles/foam","1. Squirt shaving foam or bubbles onto an outside window. 2. Have the child use a water pistol or spray bottle to ""knock off"" the foam. 3. Try to hit specific targets or pop the bubbles. 4. Use the spray bottle to ""clean"" dirty dishes or toys. 5. This strengthens the finger muscles used for writing.",,,
,scissor skills in the kitchen,"see which jobs in the kitchen can be done by your child to devlop their scissor skills e.g. opening packaging, cutting slices of pizza, cutting green beans, rolling up lettuce leaves and cuttingthem into strips.",,"Life Skills, Fine Motor","Dexterity, Responsibility","Safety scissors, various kitchen items","1. Identify safe ""cutting"" jobs in the kitchen (e.g., snipping green beans, cutting pizza slices). 2. Have the child help open food packaging using scissors. 3. Roll up lettuce leaves and have the child cut them into thin ""ribbons."" 4. This builds real-world scissor skills in a meaningful context. 5. Always supervise closely during kitchen activities.",,,
,clap game,"have the child sit in front of you, clap a simple rhythm and see if they can copy it",,"Music, Literacy","Acoustics, Rhythm",None (just hands and ears),"1. Sit facing the child. 2. Clap a very simple rhythm (e.g., Clap-Clap-Pause-Clap). 3. The child must try to ""copycat"" the rhythm exactly. 4. Gradually make the rhythms more complex as they get better. 5. This develops the listening skills and auditory memory needed for language.",,,
https://uk.pinterest.com/pin/821344050815632545/,table roll,"put a table or something at an angle and roll objects down, the child catches the items in a basket as they fall",,"Science, Physics","Gravity, Coordination","Tilted table or plank, basket, balls/toys","1. Prop up one end of a table or board to create a steep ramp. 2. Roll objects down the ramp one by one. 3. The child must stand at the bottom and ""catch"" the objects in a basket before they hit the floor. 4. Vary the speed by changing the angle of the ramp. 5. Discuss why heavier or rounder objects might roll faster.",,,
,cup catch,roll marbles or balls and see it your child can catch them under a cup,https://i.pinimg.com/736x/3b/a8/a6/3ba8a6af0d6bff68a1285479deb201fe.jpg,"Games, Physics","Coordination, Precision","Plastic cup, small balls or marbles","1. Roll a ball across the floor toward the child. 2. The child must move their cup to ""trap"" the ball under it as it rolls past. 3. Try rolling the ball at different speeds. 4. Practice ""aiming"" the cup to catch the ball. 5. This develops fast reaction times and hand-eye coordination.",,,
,tissue drop,"drop a tissue or light scraf from up high and see if they can catch it before it hits the ground, could be done with any light, floaty object e.g. feather",,"Physical Ed, Coordination","Reflexes, Gross motor","Tissue, light scarf, or feather","1. Hold a tissue or scarf up as high as you can. 2. Let it go and watch it float down. 3. The child must try to ""catch"" it with their hands before it touches the ground. 4. Discuss why the tissue falls slowly and ""wiggles"" through the air. 5. Try catching it with different body parts (e.g., ""Catch it with your head!"").",,,
,Materials game: ,"write a material on a sticky pad and ask the kids to stick it on something made of that material. Or if outside say to go touch something, inside ask them to bring something made of that material",,"Science, Logic","Classification, Observation","Sticky notes, markers","1. Write a material name (e.g., ""Wood,"" ""Plastic,"" ""Metal"") on a sticky note. 2. Have the child go around the house and stick the note on something made of that material. 3. If outside, play a ""Touch Game""—say ""Go touch something made of stone!"" 4. Discuss how each material feels (cold, hard, smooth). 5. This builds an early understanding of material properties.",,,
,Robot game: ,"I am a robot, if I catch you you become robot and turn other humans into robot, robots do not run and you have to move and talk like a robot",,"Physical Ed, Drama","Gross motor, Self-control",Open space,"1. The ""Lead Robot"" (parent) tries to catch the ""Humans."" 2. If caught, the human becomes a robot too. 3. Important rule: Robots cannot run—they must move with stiff, mechanical limbs and talk in a robot voice. 4. The game ends when everyone has been ""upgraded"" to a robot. 5. This encourages creative movement and follows a fun social narrative.",,,
,acting out 5 little ducks,"sing 5 little ducks went swimming one day, pretend to swim while walking away for ""swimming one day"", have some kind of obstacle to go over for ""over the hill"", run as far away as you can for ""far away"", do it all in reverse for ""ducks came back""",,"Literacy, Drama","Sequencing, Movement",None (just the song),"1. Sing ""Five Little Ducks Went Swimming One Day."" 2. Act out the movements: ""Swimming"" (walking and waving arms), ""Over the hill"" (stepping over a pillow). 3. Have the ""ducks"" run as far away as they can for ""Far away."" 4. Do the whole sequence in reverse when the ducks ""come back."" 5. This links rhythm and rhyme to physical memory.",,,
,word puzzles,"print or write a nursery rhyme your child knows by heart, cut out each word, sentences or phrases and see if they can put it all back together in the right order. encourage them tosound out the words.",,"Literacy, Math","Sequencing, Phonics","Printed nursery rhyme, scissors","1. Print out a favorite nursery rhyme (e.g., Twinkle Twinkle). 2. Cut the rhyme into individual words or sentences. 3. Mix them up and have the child try to put the rhyme back together in the correct order. 4. Encourage them to ""sound out"" the words they recognize. 5. This develops reading comprehension and sequencing skills.",,,
,learn about our coasts,https://dnu7gk7p9afoo.cloudfront.net/Files/wcs-family-coastal-trail-bookletwebfinal.pdf,,"Nature, Science","Geography, Discovery",WCS Coastal Trail booklet,"1. Use the booklet to learn about the animals and plants found at the British seaside. 2. If visiting the coast, use the trail map to find specific landmarks. 3. Discuss how the tide moves in and out. 4. Look for ""beach treasures"" like sea glass or shells. 5. This builds an appreciation for coastal ecosystems.",,,
,wildlife ID guides,https://www.discoverthewild.co.uk/resources,,"Nature, Science","Observation, Recognition",Discover the Wild ID guides,"1. Explore the ID guides for fungi, wildflowers, or insects. 2. Use the guides to help name the things you see in your local park. 3. Discuss the ""clues"" that help you identify a species (e.g., the number of spots on a ladybird). 4. This turns a simple walk into a scientific expedition. 5. Start a nature journal using the names you've learned.",,,
,leaf art,"go on a walk, collect some leaves and arrange them to make a picture",https://i.pinimg.com/736x/b4/2f/2d/b42f2d3a6a60ac75f7dd5c7f9dc8c4be.jpg,"Art, Nature","Creativity, Fine motor","Collected leaves, paper, glue","1. Go on a walk and collect leaves of many different shapes and sizes. 2. Arrange the leaves on a piece of paper to ""build"" a picture (e.g., a leaf owl or a leaf car). 3. Glue the leaves down once you are happy with the design. 4. Add details with markers once the glue is dry. 5. Discuss the different colors of the leaves (Green, Yellow, Brown).",,,
,"Yoghurt cake recipe for counting,",,,"Math, Life Skills","Counting, Measurement","Yogurt pot, cake ingredients (flour, sugar, eggs)","1. Use an empty yogurt pot as your only measuring tool (the ""pot method""). 2. Follow a simple recipe: e.g., 1 pot of yogurt, 2 pots of sugar, 3 pots of flour. 3. Have the child count out the pots of each ingredient. 4. Mix together and bake. 5. This teaches ratios and counting in a delicious way.",,,
,Fill a stuffed animal with rice to make a weighted doll,,,"Sensory, Health","Self-regulation, Tactile","Stuffed animal, rice, needle/thread (for parent)","1. Carefully open a small seam on a stuffed animal. 2. Replace some of the stuffing with a bag of dry rice. 3. Sew the seam back up securely. 4. The extra weight provides ""deep pressure"" input when the child holds the doll. 5. This can be a very calming tool for children who enjoy sensory grounding.",,,
,beach card:," glue sand onto beach part, put water dyed blue in a bag",,"Art, Geography","Sensory, Construction","Cardstock, sand, glue, Ziploc bag, blue water","1. Glue sand to the bottom half of a card to make a ""beach."" 2. Fill a small Ziploc bag with water dyed blue. 3. Tape the bag to the top half of the card to create a ""liquid ocean."" 4. The child can squish the water to see the ""waves"" move above the sand. 5. Discuss what animals might live in the water or on the beach.",,,
,just dance videos,"search just dance videos on youtube and follow along, you can check if they have your childs favourite songs",,"Physical Ed, Movement","Gross motor, Coordination",Just Dance YouTube videos,"1. Search for ""Just Dance Kids"" on YouTube. 2. Choose a song the child loves. 3. Follow the movements of the characters on the screen. 4. This is a high-energy way to practice following sequences and rhythm. 5. Have a ""dance-off"" to see who can mirror the moves best.",,,
,karaoke ,find karaoke versions of your childs favurite songs on youtube,,"Social Skills, Literacy","Communication, Confidence",YouTube Karaoke videos,"1. Find the ""karaoke"" or ""instrumental with lyrics"" version of a favorite song. 2. Use a hairbrush as a microphone. 3. Sing along to the music. 4. This builds confidence in performance and helps with word recognition. 5. Discuss the ""story"" being told in the song.",,,
,snap,"practise subetising (knowing how many of something there is without needing to count, you could cover up the numbers with masking tape if you want to make sure they're not just reading them)",,"Math, Games","Subitizing, Reflexes",Standard deck of cards (or number cards),"1. Play a game of ""Snap"" where you match numbers. 2. Challenge: Instead of reading the digit, try to ""know"" the number of pips/dots just by looking (subitizing). 3. You can cover the digits with tape to force focus on the patterns. 4. This builds the foundational speed for mental math. 5. The first person to ""Snap"" the matching pattern wins the pile.",,,
,subetising game,"show your child a number of items between 1 and 10 but only reveal them breifly or get them to close their eyes and only look briefly. the aim is to know how many there are without needing to count, show them for more or less time depending on how long they need.",,"Math, Games","Subitizing, Reflexes","10 small items (blocks, coins), a cloth","1. Place a few items on the table. 2. Reveal them for only 2 seconds, then cover them with the cloth. 3. Ask the child ""How many did you see?"" without letting them count one-by-one. 4. Start with 1-3 items and increase as they get faster. 5. This strengthens the brain's ability to see groups of numbers instantly.",,,
,write dance,"put on a piece of music and ask your child to draw to the beat, see how different types of music look e.g. classical, jazz, EDM, or share instrumental versions of your favourite songs. Try as many different genres as you can find but try and avoid anything with lyrics as you are trying to get them to react to just the sounds",,"Art, Music","Acoustics, Expression","Paper, markers, different genres of music","1. Put on a piece of music (Classical, Jazz, or EDM). 2. Use instrumental versions to avoid lyrics. 3. Ask the child to ""draw the sound"" using markers. 4. High, fast music might lead to dots and zigzags; slow, low music might lead to long, wavy lines. 5. Compare the drawings for each genre to see how the music ""looks.""",,,
,adaptation game,"show your child a picture of an  animal in its natural habitat and ask why they think they might have certain features. Don't lead them towards the correct answer, you're trying to develop their thinking skills so any answer that comes from any line of reasoning is good. But if they want to know after they have made their guess and explained why you can look it up together and discuss. after you've done a few you could give them a habitat and get them to draw what kind of animal would live there and help them label the different features. You could also give them an animal and have them guess where it might live based on its features or give them a few cards with animals and habitats and match them up, asking why they think that.",,"Science, Biology","Critical thinking, Adaptation",Animal habitat cards or photos,"1. Show a photo of an animal in its home (e.g., a camel in the desert). 2. Ask ""Why does it have that?"" (e.g., the long eyelashes or the hump). 3. Accept any logical answer—the goal is the *thinking process*, not the fact. 4. Look up the real reason together. 5. Have the child ""invent"" a new animal for a specific home (like the ""Deep Dark Woods"") and draw its special features.",,,
,snakes and ladders,,,,,,,,,
,colour match,see which colours you can see in the world around you.,https://raw.githubusercontent.com/boobalootoo/things/refs/heads/main/EYed/picsforacs/colourfinder.jpg,"Nature, Science","Observation, Recognition",None (just looking),"1. While on a walk or looking out the window, play ""Color Match."" 2. See how many different colors you can spot in the natural world. 3. Can you find something that is the *exact* same color as your shirt? 4. Discuss how colors change in different light (sun vs. shade). 5. This builds focused observation skills.",,,
,colour walk,,,,,,,,"go for a walk with your child and decide on a colour to follow, look around for it as you walk and walk towards the first thing of that colour that you see, if you can't see anything for a while go back the way that you came until you find something else of that colour. You can switch colours anytime you want, or you could do each colour of the rainbow once in ROYGBIV order or take turn deciding the next colour. ",
,pom pom pop,"put pom poms in sandwhich bag, with small hole, challange child to pop pom poms out",,"Math, Fine Motor","Dexterity, Precision","Sensory bin (sand/rice), colorful pom-poms","1. Place pom-poms in a Ziploc bag and seal it. 2. Poke a hole in the corner of the bag just large enough for a pom-pom. 3. The child must use their fingers to ""pop"" or push the pom-poms out through the hole. 4. Count the pom-poms as they emerge. 5. This provides excellent resistance for building hand strength.",,,
,milk jug elephants,,,"Art, Recycling","3D Design, Construction","Milk jugs, paint, paper","1. Cut the handle and side of a milk jug to look like an elephant's trunk and head. 2. Paint the jug gray. 3. Add large paper ears to the sides. 4. Use the opening of the jug for the eyes or trunk detail. 5. Discuss how we can turn ""rubbish"" into a whole zoo of animals.",,,
,paper clip fishing,,,"Games, Fine Motor","Dexterity, Accuracy","Paper fish with paperclips, magnet, string, stick","1. Make a fishing rod using a stick and a magnet on a string. 2. Attach paperclips to paper fish. 3. Try to ""catch"" the fish from the floor. 4. Challenge: Try to catch the fish while standing on one leg! 5. Discuss how magnets pull on the metal paperclip.",,,
,measuring tape fishing,,,"Math, Geometry","Measurement, Estimation","Standard measuring tape, common objects","1. Take a measuring tape around the house. 2. Find things that are exactly ""10 centimeters"" long. 3. Try to ""fish"" for long items by extending the tape. 4. Compare which is longer: the table or the sofa? 5. This introduces the concept of units and scale.",,,
,paper daffodils,,,"Art, Nature","Fine motor, Construction","Yellow and green paper, straws","1. Cut yellow paper into petal shapes. 2. Glue them around the end of a green straw. 3. Add a small orange ""cup"" in the center made of paper. 4. Create a whole ""bouquet"" of paper daffodils. 5. Discuss how daffodils are one of the first signs of spring.",,,
,laminated flowers,,,"Art, Nature","Observation, Preservation","Flowers, laminator (or contact paper)","1. Collect flat flowers or petals. 2. Place them inside a laminating pouch or between contact paper. 3. Seal them to create ""everlasting"" flowers. 4. Hold them up to the light to see the details of the petals. 5. Use them as bookmarks or window decorations.",,,
,growing chia,,,"Science, Biology","Botany, Observation","Chia seeds, wet paper towel, tray","1. Sprinkle chia seeds onto a damp paper towel in a tray. 2. Place in a sunny spot and keep the towel wet. 3. Watch as the seeds sprout ""green hair"" in just a few days. 4. Discuss what the seeds need to grow (water and light). 5. Measure how tall the ""grass"" grows each day.",,,
,Spring poems to learn about rhyming,"make roses are red, violets are blue poems ",,"Literacy, Nature","Rhythm, Rhyme","Spring-themed poems (Daffodils, etc.)","1. Read simple spring poems aloud. 2. Have the child ""finish the rhyme"" (e.g., ""Roses are red, violets are...""). 3. Create your own simple 4-line poems about the weather or flowers. 4. Clapping to the rhythm of the poem helps with syllable awareness. 5. This builds the phonemic skills needed for early reading.",,,
,mirror me ,just try mirroring your child and having them mirror you. You can see what each other can and can't copy.,,"Social Skills, Drama","Empathy, Observation",A mirror (or just face-to-face),"1. Sit opposite the child. 2. The child must ""mirror"" every move you make (slow arm movements, funny faces). 3. Switch roles and you mirror the child. 4. This builds focus and the ability to read non-verbal cues. 5. Discuss which movements were the hardest to copy.",,,
,Simon says,,,"Games, Social Skills","Following directions, Listening",None,"1. Play ""Simon Says."" 2. If you say ""Simon says touch your nose,"" the child does it. 3. If you just say ""Touch your nose,"" they must stay still. 4. This develops ""inhibitory control"" (the ability to stop yourself from reacting). 5. Switch roles so the child can practice giving clear instructions.",,,
,bob the weasel,,,"Games, Social Skills","Turn-taking, Strategy","Small object (the ""weasel"")","1. One person hides an object while others have their eyes closed. 2. Give ""hot"" or ""cold"" clues as they search. 3. The person who finds it gets to hide it next. 4. This builds vocabulary for spatial awareness (e.g., ""behind,"" ""under""). 5. Discuss being a ""fair"" hider by picking good spots.",,,
,sandy girl song/game,,,,,,,,,
,grannys footsteps,,https://raw.githubusercontent.com/boobalootoo/things/refs/heads/main/EYed/picsforacs/grannysfootsteps.jpg,"Games, Social Skills","Patience, Listening",A group of children,"1. One child stands with their back to the group. 2. Another child ""sneaks"" up to touch their back. 3. The person in front must guess who touched them by their voice or footsteps. 4. This builds auditory focus and group bonding. 5. Discuss being very quiet while sneaking.",,,
,"heads down, thumbs up",,,"Games, Social Skills","Self-control, Observation",Open space,"1. ""Granny"" (the leader) stands at the end of the room with their back turned. 2. Children try to sneak up on Granny. 3. When Granny turns around, everyone must freeze. 4. If Granny sees you moving, you go back to the start. 5. This develops gross motor control and patience.",,,
,sweeping games,As boring as sweeping seems to us children don't do it much so when they get to sweep something up in school they love it. Here's some sweeping games you can do at home to make it a bit more interesting (and if you spread the items everywhere you want swept you'll have some very clean floors),,"Games, Social Skills","Listening, Honesty",None,"1. Everyone sits with their heads down and eyes closed. 2. ""Heads down, thumbs up!"" 3. A few chosen children go around and gently touch one thumb each. 4. ""Heads up, stand up!"" 5. Those who were touched must guess who ""tapped"" them. 5. This builds social awareness and memory.","everything could be done in teams with one child having the broom and the other a dustpan. put everything in the middle and see who can sweep up the most, spread them around the room and see who can sweep up the most, see how fast  everything can be swept up when everyone works together, use 2 differnt kinds or colours of items and they have to get only the ones they're supposed to, one child has a dustpan and brush and one has a broom and the one with the broom trys to stop the other from collecting all tge items  ",,
,tree birds,to scale birds to hang from trees,,"Life Skills, Fine Motor","Dexterity, Responsibility","Small broom, dustpan, ""mess"" (scraps of paper)","1. Spread small items (paper scraps, pom-poms) across the floor. 2. Have the child ""sweep"" the items into a specific taped-off square on the floor. 3. Once gathered, use the dustpan to collect them. 4. This develops the coordinated arm movements used for many chores. 5. Discuss how a clean floor makes a room safer and nicer to be in.",,,
,suet balls,,,"Art, Science","Scale, Perspective","Paper, string, markers","1. Look at photos of real birds. 2. Draw them ""to scale"" (the same size they are in real life). 3. Cut them out and hang them from tree branches outside. 4. Observe how they look against the real trees. 5. Discuss why birds might want to stay high up in the trees.",,,
,bubbles for cleaning,,,"Nature, Science","Biology, Responsibility","Lard/suet, birdseed, pinecones",1. Mix birdseed into softened lard or suet. 2. Press the mixture into the gaps of a pinecone or into a small ball. 3. Tie a string around it and hang it from a tree. 4. Observe from a window to see which birds come to eat. 5. Discuss how we can help animals find food during the winter or spring.,,,
,stone game,try and find stones that look like other things,,"Life Skills, Science","Hygiene, Fine motor","Dish soap, water, cloth, dirty toys","1. Set up a ""wash station"" with soapy water and a clean towel. 2. Provide a bin of ""dirty"" plastic toys (cars, animals). 3. Have the child scrub each toy with a cloth or brush until it is clean. 4. Rinse and dry the toys. 5. This builds a sense of responsibility and practices the ""scrubbing"" motion.",,,
,cloud watching,,,"Art, Nature","Imagination, Perspective","Stones, markers/paint",1. Collect stones of many different shapes. 2. Turn them around and look at them from all sides. 3. Does this one look like a frog? Does that one look like a car? 4. Paint or draw on the stone to turn it into that object. 5. Discuss how our imagination helps us see new things in simple objects.,,,
,guess who variations,"animals, story book characters, letters, numbers, dinosaurs",,"Science, Weather","Observation, Imagination",Outdoor space with clouds,"1. Lie on your back on a clear day. 2. Look at the clouds as they move. 3. Ask ""What does that cloud look like to you?"" 4. Discuss how the wind changes the shapes of the clouds. 5. This is a great calm-down activity that develops creative thinking.",,,
,flying butterfly for cards,,,"Games, Literacy","Logic, Categorization",None (just talking),"1. Think of a category (e.g., Animals). 2. Give clues (e.g., ""I am big, I am gray, I have a trunk""). 3. The child must ""Guess Who"" it is. 4. Switch roles—let the child pick a character and give you clues. 5. Use storybook characters or numbers for variety.",,,
,reverse colouring book,,,"Art, Magic","Change, Observation","Pre-drawn picture, markers","1. Provide a ""reverse coloring book"" where the *colors* are already on the page but the *lines* are missing. 2. Have the child draw the outlines and details over the color splotches. 3. Discuss what they think each color should be (e.g., ""This blue blob looks like a pond""). 4. This encourages creative interpretation of shapes. 5. Use black fineliners for the best effect.",,,
,elastic helicopter,,,"STEM, Engineering","Aeronautics, Elasticity","Cardboard, rubber band, lolly stick","1. Build a small ""helicopter"" blade out of cardboard. 2. Use a rubber band and a stick to create a ""launcher."" 3. Hook the helicopter onto the rubber band, pull back, and release upwards. 4. Watch as the blades spin and lift the toy into the air. 5. Discuss how the spinning blades push the air down to lift the helicopter up.",,,
,shadow box,,,"Art, Drama","Storytelling, Projection","Cardboard box, tissue paper, flashlight","1. Cut the bottom out of a box and cover it with tissue paper. 2. Place a flashlight inside the box. 3. Use your hands or cut-out silhouettes to make shadows on the tissue ""screen."" 4. Put on a shadow play for an audience. 5. Discuss how moving the light closer or further away changes the size of the shadow.",,,
,bouncing bubbles,"bubbles that will bounce off fabric etc. but pop on bare skin, put your sleeve over your hand or wear gloves",,"Science, Physics","Surface tension, Persistence","Dish soap, glycerin (or corn syrup), fabric (sleeve/glove)","1. Mix dish soap and water with a little glycerin to make ""strong"" bubbles. 2. Blow a bubble. 3. Try to ""catch"" and bounce the bubble on your sleeve or a wool glove. 4. Observe how the bubble pops instantly on skin but bounces off the fabric. 5. Discuss how the oil on our skin breaks the bubble's surface tension.",,,
,jumping spider,,,"STEM, Engineering","Physics, Motion","Paper, paperclips, straw","1. Fold a small paper ""spider."" 2. Use a straw to blow air at the spider to make it ""jump"" or skitter. 3. Challenge: Can you make the spider jump over a pencil? 4. Try different sizes of paper to see which jumps furthest. 5. Discuss how the force of your breath moves the spider.",,,
,DIY chalk paint,,,"Art, Science","Chemistry, Creativity","Chalk, water, cornstarch","1. Crush chalk into a powder and mix with a little water and cornstarch. 2. Use paintbrushes to draw on the pavement or a chalkboard. 3. Observe how the paint ""glows"" when it is wet and turns into a dusty chalk when dry. 4. This is an easy way to make temporary outdoor art. 5. Discuss how the water evaporates to leave the chalk behind.",,,
,stereoscopy,download the 3d steriod app to take 3d images to explore with your child,,"Science, Physics","Optics, Perspective","Stereoid 3D app, smartphone","1. Download the Stereoid (or similar) 3D camera app. 2. Use it to take two slightly different photos of the same object. 3. View the images through a stereoscope or by ""crossing your eyes"" as directed by the app. 4. Observe how the flat images suddenly look 3D. 5. Discuss how our two eyes work together to see depth in the real world.",,,
,phonetic i spy,,,"Literacy, Phonics","Listening, Recognition",None,"1. Play ""I Spy,"" but instead of saying the letter name, use the *phonetic sound* (e.g., ""I spy with my little eye, something beginning with 'ssss'""). 2. The child must find objects that start with that sound (e.g., Sun, Socks). 3. This builds the foundational sound-recognition needed for spelling. 4. Discuss how different letters can make similar sounds. 5. Switch roles so the child can practice their sounds.",,,
,bubble snakes,,,"Science, Physics","Air pressure, Surface tension","Water, dish soap, long string/tube","1. Dip a long string or tube into a bubble solution. 2. Blow slowly through one end to create a long ""bubble snake."" 3. See how long you can make the snake before it breaks. 4. Discuss how the soap stretches to hold the air inside. 5. This is a great outdoor sensory activity.",,,
,lateral thinking questions for kids,,,"Logic, Philosophy","Critical thinking, Language",None (just questions),"1. Ask ""Lateral Thinking"" questions (e.g., ""If you were as small as an ant, how would you get across this room?""). 2. There are no wrong answers—encourage the child to explain their reasoning. 3. Ask ""What would happen if..."" questions (e.g., ""What if the sun never went down?""). 4. This develops the ability to think ""outside the box"" and solve problems creatively. 5. Discuss the different solutions you both come up with.",,"1. The Red Knife
Question: Why are many special pocket knives (like Swiss Army knives) colored bright red?
Clue: Imagine you dropped one in the white snow.
Answer: So they are easy to find if you drop them! Red shows up very well against white snow.

2. The Quiet Lollipops
Question: Police officers once started giving free lollipops to noisy people leaving a party late at night. Why did they do that?
Clue: Try to shout while you are eating a sweet!
Answer: It is very hard to be noisy and shout when you are busy sucking on a lollipop. It kept them quiet!

3. Arrow Park
Question: A little girl asked her dad to take her to ""Arrow Park."" He took her to the swings, but she said ""No."" He took her to the slide, but she said ""No."" Finally, he realized she wanted to watch big machines landing from the sky. Where did she want to go?
Answer: The Airport! She thought the airplanes looked like big flying arrows.

4. The Clever Sheep
Question: Farmers put metal bars on the ground (called a cattle grid) to keep sheep inside a field. The sheep are usually too scared to walk on the bars because their feet might slip. But some clever sheep figured out a way to cross them without walking. How did they do it?
Answer: They rolled over them!

5. The Pizza Dots
Question: A pizza place (Domino’s) decided to put a dot on their logo for every new shop they opened. They had one dot, then two dots, then three... but soon they had to stop adding dots. Why?
Answer: They opened too many shops! They couldn't fit thousands of dots on the pizza box.

6. The Snowy Drive
Question: A man drives his small car to work in the morning. But when it is time to go home, he leaves his car at work and drives a giant truck home instead. Why?
Clue: He listened to the weather report and heard it was going to be a white night.
Answer: He drives a snowplow! He knew it was going to snow, so he took the plow home to clear the roads in the morning.

7. How Tall is a Smurf?
Question: You might know how tall you are in feet or centimetres. But in the cartoons, do you know how they measure a Smurf?
Clue: It involves a green fruit you might have in your lunchbox.
Answer: Apples! A Smurf is exactly ""three apples high.""",