url,title,description,thumbnail,tags,variations,skills,what you'll need,link to video,instructions,
https://www.instructables.com/Bird-Finger-Puppet/,Bird Finger Puppet : 3 Steps (with Pictures) - Instructables,Bird Finger Puppet: Make your own bird finger puppet (or make more and have your own flock). You can choose to copy a bird you might see outside in your area or make up one of your own.,https://content.instructables.com/FFY/HXD5/KN6N5FGS/FFYHXD5KN6N5FGS.jpg?auto=webp&frame=1&width=2100,,,,,,,
https://www.instructables.com/Artists-Popsicle-Stick-Puzzle/,Artist's Popsicle Stick Puzzle : 5 Steps (with Pictures) - Instructables,"Artist's Popsicle Stick Puzzle: Popsicle stick puzzles need an update! 
We can paint ANYTHING on a stack of popsicles! 
The supplies are easy to find and very inexpensive I've also included PDF patterns for the designs I painted
It would make an amazing gift to put several hand pa…",https://content.instructables.com/FNX/I7H6/KDPYJ6OZ/FNXI7H6KDPYJ6OZ.jpg?auto=webp&frame=1&width=2100,,,,,,,
https://www.instructables.com/Simple-DIY-Sparkling-Wooden-Dice/,Simple DIY Sparkling Wooden Dice : 3 Steps (with Pictures) - Instructables,"Simple DIY Sparkling Wooden Dice: If you were interested in reading my articles you may have noticed that from time to time I like to make decorative things using more special methods or tools:
 
V-carving 'Hidden Messages' on Wood
A CNC As Metallic Foil Embossing Machine
Easy Desig…",https://content.instructables.com/FEE/5LBL/KCBY4E3O/FEE5LBLKCBY4E3O.png?auto=webp&frame=1,,,,,,,
https://www.instructables.com/Montessori-Movable-Alphabet-WITHOUT-a-Printer-Lami/,Montessori Movable Alphabet WITHOUT a Printer & Laminator : 9 Steps (with Pictures) - Instructables,"Montessori Movable Alphabet WITHOUT a Printer & Laminator: If you have a child or a student who needs to learn letters, movable alphabet is perfect for hands on learning - children literally take learning in their own hands! Movable alphabet is one of the most popular language materials in Montessori educat…",https://content.instructables.com/F2F/U51J/KBW89CBQ/F2FU51JKBW89CBQ.png?auto=webp&frame=1,,,,,,,
https://www.instructables.com/Hand-Paper-Puppet/,Hand Paper Puppet : 5 Steps (with Pictures) - Instructables,"Hand Paper Puppet: Fast forward to 3:27 in the video for the instructions
Puppetry is a form of theatre which shares the process of animating inanimate objects to tell a story. The art form was first recorded in the 5th century BC in Ancient Greece and is still popula…",https://content.instructables.com/F2I/58MM/KJLFL76G/F2I58MMKJLFL76G.jpg?auto=webp&frame=1,,,,,,,
https://www.instructables.com/Homemade-Parachute-1/,Homemade Parachute : 12 Steps (with Pictures) - Instructables,"Homemade Parachute: The parachute glides slowly down thanks to something known as air resistance (or drag). When air gets under it, the plastic parachute fans out for maximum coverage; this air resistance slows the fall of the object tremendously. The ""umbrella"" part o…",https://content.instructables.com/F2S/X0QX/KAFCYZGI/F2SX0QXKAFCYZGI.jpg?auto=webp&frame=1,,,,,,,
https://www.instructables.com/Engineering-a-Hoop-Glider/,Engineering a Hoop Glider : 13 Steps (with Pictures) - Instructables,"Engineering a Hoop Glider: Would you like to make your own flying toy, but you’re tired of paper airplanes?  Try making a hoop glider, instead! 
Hoop Gliders move through the air using the same forces that larger airplanes use when they fly.  Those forces are thrust, drag, li…",https://content.instructables.com/FM6/D2EL/KAB2N8YK/FM6D2ELKAB2N8YK.jpg?auto=webp&frame=1,,,,,,,
https://www.instructables.com/Toddler-Sensory-Water-Bags/,Toddler Sensory Water Bags : 6 Steps (with Pictures) - Instructables,Toddler Sensory Water Bags: This is a super simple way to create a temporary sensory activity for toddlers. I find this is best used during the months when a child is starting to pull themselves up to stand until they start to walk. Past that (my daughter is currently 15 month…,https://content.instructables.com/F22/WJS1/K9UD1O8W/F22WJS1K9UD1O8W.jpg?auto=webp&frame=1,,,,,,,
https://www.instructables.com/Static-Electricity-or-Superhero-Mind-Control/,Static Electricity or Superhero Mind Control : 5 Steps (with Pictures) - Instructables,"Static Electricity or Superhero Mind Control: There are many superheroes and fictional beings who have magnetic abilities: Magneto and Polaris from the X-Men, and Cosmic Boy from the Legion of Superheroes to name a few.
They typically use their magnetic force to move metal things from one place…",https://content.instructables.com/FMT/6JJS/K9R60MGC/FMT6JJSK9R60MGC.jpg?auto=webp&frame=1,,,,,,,
https://www.instructables.com/Camouflage-Critters/,Camouflage Critters  : 4 Steps (with Pictures) - Instructables,"Camouflage Critters : The Science of Camouflage
Have you ever wanted to make yourself disappear while playing a game of hide and seek? Some animals do this every day! Camouflage is a defense technique used by animals to avoid being seen or help them blend in with their e…",https://content.instructables.com/FXO/OVI7/K9R60HJG/FXOOVI7K9R60HJG.png?auto=webp&frame=1,,,,,,,
https://www.instructables.com/Alphabet-Dice/,Alphabet Dice : 5 Steps (with Pictures) - Instructables,"Alphabet Dice: My daughter was playing with my husbands DnD dice and I thought it would be fun to make a set for her to play with! I thought she would have more interest in a set of dice with letters and pictures on them rather than normal dots, so this will show …",https://content.instructables.com/F8L/AX44/K9N91XV3/F8LAX44K9N91XV3.jpg?auto=webp&frame=1&width=2100,,,,,,,
https://www.instructables.com/Mothers-Day-Watercolor-Painting/,Mother's Day Watercolor Painting : 9 Steps (with Pictures) - Instructables,Mother's Day Watercolor Painting: During the first week of May each year all my classes do  watercolor painting for Mother's Day. Sadly no one is in school this spring so I am teaching my Mother's Day Watercolor from my home to theirs.,https://content.instructables.com/F3M/E9T5/K9N91U5L/F3ME9T5K9N91U5L.jpg?auto=webp&frame=1,,,,,,,
https://www.instructables.com/FLOWER-MONO-PRINTS/,FLOWER MONO PRINTS : 5 Steps (with Pictures) - Instructables,FLOWER MONO PRINTS: This is a fun and easy printmaking project that can be completed with limited supplies and no printing press!,https://content.instructables.com/FFJ/EGX0/K9G9N54S/FFJEGX0K9G9N54S.jpg?auto=webp&frame=1,,,,,,,
https://www.instructables.com/Large-Toy-Beads/,Large Toy Beads : 10 Steps (with Pictures) - Instructables,Large Toy Beads: My daughter got lacing beads as a gift that consisted of square and various round beads she could lace onto a string for fun and hand-eye coordination practice. I thought it would be fun to supplement her set with some other shapes and letters. For …,https://content.instructables.com/FZZ/KVUU/K9D1QBMW/FZZKVUUK9D1QBMW.jpg?auto=webp&frame=1&width=2100,,,,,,,
https://www.instructables.com/Making-Natural-Inks/,Making Natural Inks : 4 Steps (with Pictures) - Instructables,"Making Natural Inks: A little bit about light and pigments:
A pigment is what gives a color its color. It is a material that changes the color of reflected or transmitted light of an object.  Light appears white, but it is made up of all the colors added together. We se…",https://content.instructables.com/FJ9/QLL7/K9706SA0/FJ9QLL7K9706SA0.jpg?auto=webp&frame=1&width=2100,,,,,,,
https://www.instructables.com/Kazoo-MakerEd-at-Home/,Kazoo : 6 Steps (with Pictures) - Instructables,"Kazoo: A kazoo is a member of the membranophone family of instruments. A membranophone uses a membrane or resonator to produce sound. When you hum, talk or sing into a kazoo the air produced by your voice vibrates the membrane or resonator creating its uni…",https://content.instructables.com/FW9/NM0F/KJLFL3K8/FW9NM0FKJLFL3K8.jpg?auto=webp&frame=1,,,,,,,
https://www.instructables.com/Chromatography-Flowers/,Chromatography Flowers : 8 Steps (with Pictures) - Instructables,"Chromatography Flowers: Chromatography is used to separate mixtures of substances into their components based on small differences in solubility of different molecules. To begin the process, you must dissolve a substance (called the mobile phase) into a second substance (c…",https://content.instructables.com/FT4/JNW9/K8T1ZQ01/FT4JNW9K8T1ZQ01.jpg?auto=webp&frame=1,,,,,,,
https://www.instructables.com/Moon-Sand/,Moon Sand : 4 Steps (with Pictures) - Instructables,"Moon Sand: When you look up at the night sky, have you ever noticed that the moon is completely riddled with all kinds of holes and lines that make it look like a big chunk of Swiss cheese? Those holes are actually called craters and are there because massive …",https://content.instructables.com/FMK/GMJA/K8HKD3XJ/FMKGMJAK8HKD3XJ.jpg?auto=webp&frame=1&width=2100,,,,,,,
https://www.instructables.com/Cereal-Box-Guitar/,Cereal-Box Guitar : 9 Steps (with Pictures) - Instructables,"Cereal-Box Guitar: Working in childcare has motivated us to open our imaginations to see objects in a new way. Instead of spending money on crafts, we look for a way to give objects that normally would've been thrown in the trash a new life which is why we thought thi…",https://content.instructables.com/FDW/DKC5/K8CDGK0I/FDWDKC5K8CDGK0I.png?auto=webp&frame=1,,,,,,,
https://www.instructables.com/Stabile-Paper-Sculpture/,Stabile Paper Sculpture : 5 Steps (with Pictures) - Instructables,"Stabile Paper Sculpture: Inspired by artist Alexander Calder, these easy-to-make sculptural pieces provide endless play and creativity for the young art-chitects.",https://content.instructables.com/FZ7/MDM8/K84NL5CC/FZ7MDM8K84NL5CC.jpg?auto=webp&frame=1,,,,,,,
https://www.instructables.com/Binder-Minder/,Binder Minder - Hair Binder Bracelet : 8 Steps (with Pictures) - Instructables,"Binder Minder - Hair Binder Bracelet: I usually keep my hair binders on my wrist, but it gets annoying getting that crease from it. A handy way to keep your hair binders and rubber bands at hand without them squeezing your wrist is this handy binder minder, or hair binder bracelet. Just…",https://content.instructables.com/F1V/SK53/K7KSAB4R/F1VSK53K7KSAB4R.jpg?auto=webp&frame=1&width=2100,,,,,,,
https://www.instructables.com/Excavation-Kit-educational-DIY-for-Kids/,"Excavation Kit (educational, DIY, for Kids) : 5 Steps (with Pictures) - Instructables","Excavation Kit (educational, DIY, for Kids): A really easy and cheap recipe for young paleontologists: an excavation kit full of surprises. Just take a A4 sized box, plaster of paris, sand, water, some toys to plough under. You'll give the kids hours of fun and learning with only 30 min of pre…",https://content.instructables.com/FY3/ZZ34/K2HKA8Z2/FY3ZZ34K2HKA8Z2.jpg?auto=webp&frame=1&width=2100,,,,,,,
https://www.instructables.com/Free-Halloween-Mummybot-Papercraft/,Free Halloween Mummybot Papercraft : 11 Steps (with Pictures) - Instructables,"Free Halloween Mummybot Papercraft: Say hello to our Halloween papercraft for 2019: the Mummybot!• ENTER THE INSTRUCTABLES #MUMMYBOT I MADE IT CHALLENGE •
When you post a photo of your Mummybot papercraft (here on this Instructable as an ""I Made It"", or on Twitter, or Instagram), we’l…",https://content.instructables.com/FWR/93YF/K2262926/FWR93YFK2262926.jpg?auto=webp&frame=1,,,,,,,
https://www.instructables.com/How-to-Make-Your-Own-Mandala-Coloring-Page/,How to Make Your Own Mandala Coloring Page : 4 Steps (with Pictures) - Instructables,"How to Make Your Own Mandala Coloring Page: I teach in a Makerspace in Oakland, CA for grades K-5. Lately, we've been making our own Mandala coloring pages, and it's extremely easy and satisfying. It's also fun for students to make these coloring pages for each other. Eventually, I want to tu…",https://content.instructables.com/FGB/YZ1Q/K0UUQMJX/FGBYZ1QK0UUQMJX.jpg?auto=webp&frame=1&width=2100,,,,,,,
https://www.instructables.com/Pencils-Lost-No-More/,Pencils Lost No More! : 8 Steps (with Pictures) - Instructables,"Pencils Lost No More!: There is this phenomenon is classrooms where pencils roll, fall, walk away, or jump off students desk! It's strange but true. To add to this bizarre and peculiar phenomenon is that once the pencil hits the floor they can not be found by students. I …",https://content.instructables.com/FN7/72OK/K0CP4F71/FN772OKK0CP4F71.jpg?auto=webp&frame=1&width=2100,,,,,,,
https://www.instructables.com/Stop-Motion-Animation-for-Kids/,Stop Motion Animation for Kids : 6 Steps (with Pictures) - Instructables,"Stop Motion Animation for Kids: Overview: At Boston Children's Museum, stop motion movie-making provides children with a great blend of storytelling and technology use. Stop motion is a filming technique where pictures are taken as objects are moved in small increments. When the p…",https://content.instructables.com/FT8/IPZ1/K06ZA1T7/FT8IPZ1K06ZA1T7.jpg?auto=webp&frame=1&width=2100,,,,,,,
https://www.instructables.com/Ultimate-Classroom-Table-Organiser/,Ultimate Classroom Table Organiser : 9 Steps (with Pictures) - Instructables,Ultimate Classroom Table Organiser: Every teacher knows what a challenge it is to keep all the things organised on a table in a classroom full of 5 and 6 year olds. This organiser was conceived as an entry into an instructables contest for Classroom Organisation ideas..I asked my part…,https://content.instructables.com/FSY/U53X/JZIOVPOF/FSYU53XJZIOVPOF.jpg?auto=webp&frame=1,,,,,,,
https://www.instructables.com/Bubble-Wand-Building-an-Easy-Makerspace-Activity-f/,Bubble Wand Building: an Easy Makerspace Activity for a Summer STEAM Camp : 3 Steps (with Pictures) - Instructables,"Bubble Wand Building: an Easy Makerspace Activity for a Summer STEAM Camp: How many different ways can I make a bubble?
This is a mini makerspace-esque activity that can easily be done with little money and low prep. It's appropriate for a range of ages, and even adults can find this enjoyable. Even though this is perfect …",https://content.instructables.com/FPX/R8FE/JZ2YZWUW/FPXR8FEJZ2YZWUW.gif?auto=webp&frame=1,,,,,,,
https://www.instructables.com/Handmade-Stamps-Making-and-Literacy-With-Eric-Carl/,Handmade Stamps- Making and Literacy With Eric Carle's Mixed-Up Chameleon (with Pictures) - Instructables,"Handmade Stamps- Making and Literacy With Eric Carle's Mixed-Up Chameleon: As an elementary librarian, I’m always looking for ways that books can inspire making. I love the artwork of Eric Carle and I thought it would be really fun to have students invent their own animal based on the book, The Mixed-Up Chameleon. My initi…",https://content.instructables.com/FLC/NFTJ/JYOOP871/FLCNFTJJYOOP871.jpg?auto=webp&frame=1,,,,,,,
https://www.instructables.com/Easy-3-D-Silk-Screen-Painting-Technique-for-All-Ag/,Easy 3-D Silk-Screen Painting Technique for All Ages : 10 Steps (with Pictures) - Instructables,"Easy 3-D Silk-Screen Painting Technique for All Ages: When my son was in pre-school, I wanted to create artwork projects that would last the test of time and teach my son something in the process that was fun to make. At an art supply store, I found letters cut-out of wood, cardboard and cork. I used t…",https://content.instructables.com/F1B/N30B/JYOOKPRG/F1BN30BJYOOKPRG.jpg?auto=webp&frame=1&width=2100,,,,,,,
https://www.instructables.com/Germ-Fighting-for-Kids/,Germ Fighting for Kids : 6 Steps (with Pictures) - Instructables,"Germ Fighting for Kids: One of the first life lessons a child learns is that 'coughs and sneezes spread diseases'. Most kids know that 'germs are bad' and that washing hands is important, but I wanted to teach the real science of our immune system. I felt that by equipping…",https://content.instructables.com/FP8/4AVY/JYEOIYT7/FP84AVYJYEOIYT7.png?auto=webp&frame=1,,,,,,,
https://www.instructables.com/Duck-Boat-Challenge/,Duck Boat Challenge : 6 Steps (with Pictures) - Instructables,"Duck Boat Challenge: My school started a STEAM Integration Committee a couple years ago with the purpose of improving STEM education on campus and making STEM a regular part of the education process across content areas. 
One thing the team has been able to get done is …",https://content.instructables.com/FGF/G096/JYCUJH8Z/FGFG096JYCUJH8Z.jpg?auto=webp&frame=1&width=2100,,,,,,,
https://www.instructables.com/Fishing-for-Fun-Educational-Game/,Fishing for Fun | Educational Game : 12 Steps (with Pictures) - Instructables,"Fishing for Fun | Educational Game: In this activity, children will be able to have fun going ""fishing"" while also being educated. This game can be applied to many different areas of study, but for this instructable, I have created two examples - one example is for math practice, and …",https://content.instructables.com/FIZ/QMAC/JY2T8DTQ/FIZQMACJY2T8DTQ.jpg?auto=webp&frame=1&width=2100,,,,,,,
https://www.instructables.com/Rainbow-in-a-Bottle/,Rainbow in a Bottle : 6 Steps (with Pictures) - Instructables,"Rainbow in a Bottle: This ""Rainbow in a Bottle"" is a layered solution using different densities of salt water. The materials are super cheap and the end result is impressive.
This project is something I do with my 7th-grade students in my science class. You can find the…",https://content.instructables.com/FZS/1TFE/JVWNO8DB/FZS1TFEJVWNO8DB.jpg?auto=webp&frame=1&width=2100,,,,,,,
https://www.instructables.com/Ironed-Plastic-Bag-Creations-for-Kids/,Ironed Plastic Bag Creations for Kids : 10 Steps (with Pictures) - Instructables,"Ironed Plastic Bag Creations for Kids: At Boston Children’s Museum, we use this activity to support kids in practicing skills such as thinking creatively, persistence, and envisioning a final product. It is a great introduction to an important tool-- the iron! This activity also encourag…",https://content.instructables.com/FI0/4BBY/JR6OKTRU/FI04BBYJR6OKTRU.jpg?auto=webp&frame=1&width=2100,,,,,,,
https://www.instructables.com/String-Art-for-Kids/,String Art for Kids : 5 Steps (with Pictures) - Instructables,"String Art for Kids: At Boston Children’s Museum, we use this String Art activity to support kids in practicing skills such as thinking creatively and expressing themselves while practicing how to safely use tools. 
Overview: In this activity, kids will plan a design an…",https://content.instructables.com/FVP/17XD/JPSO0KZ0/FVP17XDJPSO0KZ0.jpg?auto=webp&frame=1&width=2100,,,,,,,
https://www.instructables.com/Easy-LEGO-Wall-for-Makerspace-or-Classroom/,Easy LEGO Wall for Makerspace or Classroom : 7 Steps (with Pictures) - Instructables,Easy LEGO Wall for Makerspace or Classroom: This is my process for making a LEGO wall for my space.,https://content.instructables.com/FRC/O8QY/JOIY0H2Q/FRCO8QYJOIY0H2Q.jpg?auto=webp&frame=1&width=2100,,,,,,,
https://www.instructables.com/11-Ways-to-Cut-and-Connect-Cardboard/,11 Ways to Cut and Connect Cardboard : 4 Steps (with Pictures) - Instructables,"11 Ways to Cut and Connect Cardboard: I created this display of 11 techniques for cardboard for an upcoming two day Make Yourself Into a Maker Workshop I run for educators. One of the days is a challenge to create something out of cardboard that you can use in your classroom.
After runn…",https://content.instructables.com/FTS/9917/JLGV2SCN/FTS9917JLGV2SCN.png?auto=webp&frame=1,,,,,,,
https://www.instructables.com/Outer-Space-Straw-Launcher/,Outer Space Straw Launcher : 5 Steps (with Pictures) - Instructables,Outer Space Straw Launcher: Time to make an outer space straw launcher! With this Instructable you'll be able to make your own rocket ship fly!,https://content.instructables.com/FGJ/4OUK/JG2VWWTD/FGJ4OUKJG2VWWTD.jpg?auto=webp&frame=1&width=2100,,,,,,,
https://www.instructables.com/Light-Play-Studios-in-the-Classroom/,Light Play Studios in the Classroom : 3 Steps (with Pictures) - Instructables,"Light Play Studios in the Classroom: This is part of a series of Instructables intended for teachers about educating students in the classroom around making and tinkering. For more about the details of this project, check out this video on YouTube.
Making and Tinkering can sometimes be…",https://content.instructables.com/FCT/V6BG/J9YJANKO/FCTV6BGJ9YJANKO.jpg?auto=webp&frame=1&width=2100,,,,,,,
https://www.instructables.com/Tools-and-Resources-for-STEAM-Maker-Education/,Tools and Resources for STEAM Maker Education : 4 Steps (with Pictures) - Instructables,"Tools and Resources for STEAM Maker Education: This May I had the unique opportunity to volunteer in South Africa through Autodesk’s Pro Bono Program.  Our project was facilitated by Team4Tech, who connect technology volunteers with underserved communities around the world. I was part of a team …",https://content.instructables.com/FTM/CILK/J98RCO5P/FTMCILKJ98RCO5P.jpg?auto=webp&frame=1&width=2100,,,,,,,
https://www.instructables.com/Halloween-Projection-Lantern/,Halloween Projection Lantern : 4 Steps (with Pictures) - Instructables,Halloween Projection Lantern: This instructable will tech you how to create your very own halloween projection lantern. This lantern can project images on a surface using an internal light source.,https://content.instructables.com/F4V/H4CY/J98RDTW0/F4VH4CYJ98RDTW0.jpg?auto=webp&frame=1&width=2100,,,,,,,
https://www.instructables.com/Autumn-Candle-Holder/,Autumn Candle Holder : 5 Steps (with Pictures) - Instructables,"Autumn Candle Holder: Materials :
Brush 
Leaves 
Glass Jar 
Mode Page Glue",https://content.instructables.com/FRZ/OK8B/J8OR4T1F/FRZOK8BJ8OR4T1F.jpg?auto=webp&frame=1,,,,,,,
https://www.instructables.com/12-Recipes-for-Homemade-Slime/,Easy Recipes for Homemade Slime  : 12 Steps (with Pictures) - Instructables,"Easy Recipes for Homemade Slime : If you love making your own slime, you've come to the right place! We have tons of DIY slime recipes here on Instructables, so I decided to pick a few of our tried-and-tested favorites to share.
In this instructable I'll show you recipes for clear s…",https://content.instructables.com/FU9/TF84/J6IEVDPH/FU9TF84J6IEVDPH.jpg?auto=webp&frame=1&width=2100,,,,,,,
https://www.instructables.com/5-Awesome-Egg-Experiments-1/,5 Awesome Egg Experiments : 5 Steps (with Pictures) - Instructables,"5 Awesome Egg Experiments: Today, I'm going to show you some experiments using the infamous egg!

",https://content.instructables.com/F08/F04Z/J5IG1K9R/F08F04ZJ5IG1K9R.jpg?auto=webp&frame=1,,,,,,,
https://www.instructables.com/How-to-Make-Galaxy-Slime/,How to Make Galaxy Slime  : 7 Steps (with Pictures) - Instructables,"How to Make Galaxy Slime : Galaxy slime is a super easy update to a regular borax-free slime recipe: just add glitter! I love this slime recipe because it's so customizable and fool-proof. 
The key to this slime is using clear school glue as the base: it will make your galaxy…",https://content.instructables.com/F8I/KQ3E/J3YPQ1NT/F8IKQ3EJ3YPQ1NT.jpg?auto=webp&frame=1,,,,,,,
https://www.instructables.com/Teaching-Cross-pollination-in-Pre-school/,Teaching Cross-pollination in Pre-school : 3 Steps (with Pictures) - Instructables,Teaching Cross-pollination in Pre-school: This morning the greenhouse keeper at my school asked me if I could help him put together a lesson teaching cross pollination of a flower in a garden to his pre kindergartens that would be visiting the greenhouse. He said he wanted to demonstrate th…,https://content.instructables.com/FX2/BI7E/J2QF0M8S/FX2BI7EJ2QF0M8S.jpg?auto=webp&frame=1&width=2100,,,,,,,
https://www.instructables.com/Solar-System-Twister/,Solar System Twister  : 14 Steps (with Pictures) - Instructables,"Solar System Twister : Here is a fun and interactive way to teach children (and adults) about the solar system!
There's even a fun twist on the traditional spinner (and a bonus keepsake!) that takes it further than just ""right hand on Pluto."" 
It's time for: Solar System …",https://content.instructables.com/FEJ/9XAY/J3KFEKY6/FEJ9XAYJ3KFEKY6.jpg?auto=webp&frame=1&width=2100,,,,,,,
https://www.instructables.com/Whats-the-Weather-Tomorrow-With-LittleBits/,What's the Weather Tomorrow?- With LittleBits : 5 Steps (with Pictures) - Instructables,"What's the Weather Tomorrow?- With LittleBits: This simple internet connected device uses the cloudbit by LittleBits to fetch the weather forecast for tomorrow. It lights up the sun or raincloud accordingly to remind you!
 What you need: 


Littlebits: USB power, USB power cable and plug, cloudb…",https://content.instructables.com/FYH/RFNF/IZ6D65EI/FYHRFNFIZ6D65EI.jpg?auto=webp&frame=1&width=2100,,,,,,,
https://www.instructables.com/Cardboard-Clock-for-Learning/,Cardboard Clock for Learning : 4 Steps (with Pictures) - Instructables,"Cardboard Clock for Learning: Hi All,This is a extremely simple project that kids can do and great tool for learning on ""how to read time""I know there are digital clocks, which is extremely easy to read.. But I am old school and wanted my son to make one... This takes about 10 t…",https://content.instructables.com/FM8/3RK4/IY4Q9KOO/FM83RK4IY4Q9KOO.jpg?auto=webp&frame=1&width=2100,,,,,,,
https://www.instructables.com/Zipline-Racers-Detailed-Instructable-Remix/,Zipline Racers - Detailed Instructable Remix : 7 Steps (with Pictures) - Instructables,"Zipline Racers - Detailed Instructable Remix: This is part of a series of Instructables intended for teachers about educating students in the classroom around making and tinkering. For more about the details of this project, check out this video on YouTube.
This is a remix of another Instructab…",https://content.instructables.com/FD2/KD8C/JBE14PSM/FD2KD8CJBE14PSM.jpg?auto=webp&frame=1&width=2100,,,,,,,
https://www.instructables.com/Teach-Preschool-to-10th-Grade-Math-With-WAFFLES/,Purposeful Snacking (Pre-K to 10th Grade Math) : 9 Steps (with Pictures) - Instructables,"Purposeful Snacking (Pre-K to 10th Grade Math): So I made waffles for my kids this morning, and suddenly it hit me: 
Waffles are the perfect tool for teaching math! 
We've often seen math taught with other household items, such as Legos. However, waffles can be used as blocks and units (like Lego…",https://content.instructables.com/FUD/VOKM/IN969D3W/FUDVOKMIN969D3W.jpg?auto=webp&frame=1,,,,,,,
https://www.instructables.com/Float-Racers/,Float Racers : 4 Steps (with Pictures) - Instructables,"Float Racers: Ready. Set. Float! 
As the racers take off for the top, you'll find this science-in-a-tube to be a not so dense lesson in buoyancy. Googly eyed, bubbled, and plunged, the racers battle each other in a column but with all sorts of different variables…",https://content.instructables.com/FCS/N0PT/IKSN3Q8M/FCSN0PTIKSN3Q8M.jpg?auto=webp&frame=1,,,,,,,
https://www.instructables.com/Magnet-Trampoline/,Magnet Trampoline : 4 Steps (with Pictures) - Instructables,"Magnet Trampoline: While sometimes a bit polarizing, magnets enjoy a good party, too. 
Whether you're feeling repulsive or like sticking together, the magnet trampoline is a very simple introductory project to teach some of the basics of forces and magnetism. Slap it …",https://content.instructables.com/FR5/MSI3/IKSN3932/FR5MSI3IKSN3932.jpg?auto=webp&frame=1,,,,,,,
https://www.instructables.com/Paper-Marbling-With-Food-Dye-and-Shaving-Cream/,Paper Marbling With Food Dye and Shaving Cream : 5 Steps (with Pictures) - Instructables,Paper Marbling With Food Dye and Shaving Cream: A quick and easy way to marble paper!,https://content.instructables.com/FBW/7OS7/IIHRID0S/FBW7OS7IIHRID0S.png?auto=webp&frame=1,,,,,,,
https://www.instructables.com/Flying-fish-3/,Flying Fish : 8 Steps (with Pictures) - Instructables,Flying Fish: would you like to make your own flying fish?,https://content.instructables.com/FR1/MEKD/IFJWOE8K/FR1MEKDIFJWOE8K.jpg?auto=webp&frame=1,,,,,,,
https://www.instructables.com/Crayon-Playdough/,Crayon Playdough : 5 Steps (with Pictures) - Instructables,"Crayon Playdough: Crayon Playdough recipe is very simple to make. You can make different colors of playdough using different shades of crayons. It gives bold color to dough. Try it out for your preschooler, they will love it for sure. ",https://content.instructables.com/FZR/IWQ6/IDQHP9K1/FZRIWQ6IDQHP9K1.jpg?auto=webp&frame=1,,,,,,,
https://www.instructables.com/No-More-Tears-Watercolor-Crayon-Resist/,No More Tears Watercolor: Crayon Resist : 7 Steps (with Pictures) - Instructables,"No More Tears Watercolor: Crayon Resist: If you've ever given a young child a set of watercolors, you know that they aren't as simple to work with as the craft aisle may have you believe. Watercolors are on just about every elementary student's school supply list, but every time they paint…",https://content.instructables.com/F8X/UHBW/IDQBS9Y9/F8XUHBWIDQBS9Y9.jpg?auto=webp&frame=1,,,,,,,
https://www.instructables.com/Bubble-Painting-for-Kids-and-Artists/,Bubble Painting for Kids and Artists : 8 Steps (with Pictures) - Instructables,"Bubble Painting for Kids and Artists: For a little fun on a warm summer day, try painting with bubbles! This technique can be a fun activity for the kids or a great design element for an artist. 
Thanks to poofrabbit for showing us how to dye with bubbles though I prefer to work with pa…",https://content.instructables.com/FR7/KRXB/ID5S86G9/FR7KRXBID5S86G9.jpg?auto=webp&frame=1,,,,,,,
https://www.instructables.com/Homemade-Fossils/,Homemade Fossils! : 5 Steps (with Pictures) - Instructables,"Homemade Fossils!: Feeling like a fossil but don't want to wait 100 million years? Now you can make them just like Mother (Earth) used to make! Don't be petrified, it's not as hard as you think. These mold and cast fossils are great for school, home, or as a prank on …",https://content.instructables.com/FYW/U24D/ICN7GA9I/FYWU24DICN7GA9I.jpg?auto=webp&frame=1,,,,,,,
https://www.instructables.com/Model-Magic-Texture-Stamps/,Model Magic Texture Stamps : 6 Steps (with Pictures) - Instructables,"Model Magic Texture Stamps: I once gave my kindergarten students a small ball of Model Magic to experiment with, and one of them pressed it up against a texture rubbing plate. This wasn't what I had in mind for the activity, but it turned out to be a wonderful way for my stude…",https://content.instructables.com/FW8/NNMP/ICD7F2JT/FW8NNMPICD7F2JT.jpg?auto=webp&frame=1,,,,,,,
https://www.instructables.com/Start-Seeds-Without-Soil/,Grow Seeds Without Soil! : 4 Steps (with Pictures) - Instructables,"Grow Seeds Without Soil!: Oh the places they'll grow! Whether you want to eat them, grow them, or throw them in a maraca, seeds are nature's suitcases of magic. From the smallest orchid seed at 1/35,000,000th of an ounce to the largest coconut seed at just under forty pounds…",https://content.instructables.com/FLG/AC6U/IC7HM8P7/FLGAC6UIC7HM8P7.jpg?auto=webp&frame=1,,,,,,,
https://www.instructables.com/Liquid-Watercolors-From-Dry-Markers/,Liquid Watercolors From Dry Markers : 4 Steps (with Pictures) - Instructables,"Liquid Watercolors From Dry Markers: As an elementary art teacher, I have a huge pile up of markers that my little ones have left the caps off of and let dry out. We lovingly call these icky markers. I hate to just throw them away, so one of the things I do with them is make liquid wat…",https://content.instructables.com/F3P/I735/IBRRVVAO/F3PI735IBRRVVAO.jpg?auto=webp&frame=1,,,,,,,
https://www.instructables.com/Self-Watering-Terrarium/,Self-Watering Terrarium! : 7 Steps (with Pictures) - Instructables,"Self-Watering Terrarium!: Don't have 4.5 billion years to make a planet? Make your own tiny world on the quick and cheap! After you throw in the basics, cap it off with an ozone, and let life take over. This terrarium is a great quick project to introduce kiddos (and adults,…",https://content.instructables.com/F66/FNV8/IB8J02L7/F66FNV8IB8J02L7.jpg?auto=webp&frame=1,,,,,,,
https://www.instructables.com/Anatomy-Animals/,Anatomy Animals : 6 Steps (with Pictures) - Instructables,"Anatomy Animals: To make one of these creatures you will need:
     
Craft Felt 
 Scissors     
 Hot Glue     
 Velcro     
 Iron 
Sewing Machine +Thread      
Freezer Paper      
Printer Paper      
Printer: to print the sewing pattern",https://content.instructables.com/F3V/S2IZ/IAG0ARUB/F3VS2IZIAG0ARUB.jpg?auto=webp&frame=1,,,,,,,
https://www.instructables.com/Bottle-Boogie-Flute/,Bottle Boogie Flute!  : 5 Steps (with Pictures) - Instructables,"Bottle Boogie Flute! : If you got some boogie bottled up, add this recycled rabble-rouser to your ruse! Whether you're in it for the physics of the phun, this is a great project with youth and adults alike to start getting an idea of resonance, vibration, and the way soun…",https://content.instructables.com/F7P/R4U0/I9YBIT0H/F7PR4U0I9YBIT0H.jpg?auto=webp&frame=1,,,,,,,
https://www.instructables.com/Straw-Flute/,Straw Flute : 3 Steps (with Pictures) - Instructables,"Straw Flute: Huzzah! Welcome to your ticket to first chair at the fast food restaurant orchestra! With your new straw flute, you are sure to razzle, dazzle, or at least mildly annoy those around you. For the full effect, have 30 first graders make them and impre…",https://content.instructables.com/F7Y/TM0F/I395RQCF/F7YTM0FI395RQCF.png?auto=webp&frame=1&width=2100,,,,,,,
https://www.instructables.com/Light-Play-Set/,Light Play Set : 15 Steps (with Pictures) - Instructables,"Light Play Set: Light Play is an activity in the Tinkering Studio that lets you explore light, shadow, and motion using a variety of simple materials and light sources. Beginning with gently guided  explorations of shadows, single and multiple light sources,  three…",https://content.instructables.com/F6J/IJTG/HYPNWMC2/F6JIJTGHYPNWMC2.jpg?auto=webp&frame=1,,,,,,,
https://www.instructables.com/Paint-Made-from-Berries-Nature/,Paint Made From Berries & Nature : 4 Steps (with Pictures) - Instructables,Paint Made From Berries & Nature: In this Instructable you'll learn how to make paint from berries. This is a great project to do with kids. It's a lot of fun foraging for wild edible fruit and then using some of it to make paint!,https://content.instructables.com/FTA/2L49/HXG6M4SK/FTA2L49HXG6M4SK.jpg?auto=webp&frame=1,,,,,,,
https://www.instructables.com/Our-Erosion-Experiment/,Cub Scout Erosion Experiment : 6 Steps (with Pictures) - Instructables,"Cub Scout Erosion Experiment: My oldest son (8-years old when I wrote this Instructable) is in Cub Scouts. As part of one of the requirements we were trying to fulfill, our Wolf/Bear Den (combined meeting) performed Elective 15, Water and Soil Conservation, to earn an arrow. (Th…",https://content.instructables.com/FHD/5KZZ/HUQARFNE/FHD5KZZHUQARFNE.jpg?auto=webp&frame=1,,,,,,,
https://www.instructables.com/Paper-Birthday-Cake/,Paper Birthday Cake : 6 Steps (with Pictures) - Instructables,"Paper Birthday Cake: Follow these simple instructions to make this charming papercraft Birthday Cake. This paper project was originally from my website www.robives.com 
Download the pdf file of parts at the link. Print out the three sheet onto thin card (230gsm / 67lb) …",https://content.instructables.com/FCG/OIXN/HUQAR2DD/FCGOIXNHUQAR2DD.jpg?auto=webp&frame=1,,,,,,,
https://www.instructables.com/Gliding-Car/,Gliding Car : 3 Steps (with Pictures) - Instructables,"Gliding Car: This car is designed to be pushed off of a tabletop, glide gently to the ground, and continue rolling!
You can find the lesson plan, 1-page project sheet, and more project ideas at STEM-Inventions.com
",https://content.instructables.com/F01/C8BG/JXYYLO8A/F01C8BGJXYYLO8A.jpg?auto=webp&frame=1,,,,,,,
https://www.instructables.com/Straw-Oboe/,straw oboe,,https://encrypted-tbn1.gstatic.com/images?q=tbn:ANd9GcQfkkL0pkbiBrGlSQ7ub7ucYGeVcyoMPbUPTr6aA12q_5VYHA,,,,,,,
https://www.instructables.com/Chop-Top/,Chop Top : 9 Steps (with Pictures) - Instructables,"Chop Top: Make a top that creates colors from black!

This is one of the 48 projects for our Instructables: Made In Your Mind (IMIYM) exhibition at the Children’s Museum of Houston showing from May 26, 2012 - November 4, 2012. Produced in partnership with Ins…",https://content.instructables.com/F4C/Z1AW/H2TJ4JKX/F4CZ1AWH2TJ4JKX.jpg?auto=webp&frame=1,,,,,,,
https://www.instructables.com/Gyro-Flyer/,Gyro Flyer : 8 Steps (with Pictures) - Instructables,"Gyro Flyer: Make a cylindrical paper airplane!

This is one of the 48 projects for our Instructables: Made In Your Mind (IMIYM) exhibition at the Children’s Museum of Houston showing from May 26, 2012 - November 4, 2012. Produced in partnership with Instructabl…",https://content.instructables.com/F40/D7DZ/H2MYEJFU/F40D7DZH2MYEJFU.jpg?auto=webp&frame=1,,,,,,,
https://www.instructables.com/Science-Experiment-for-Kids-Light-Box-Magic/,Science Experiment for Kids: Light Box Magic : 8 Steps (with Pictures) - Instructables,"Science Experiment for Kids: Light Box Magic: 

Create a fun light show with your children and teach them about the attributes of light at the same time.

Learning Objective: Introduce kids to the scientific method and light refraction.

Age: Preschool - Elementary

by True Aim

",https://content.instructables.com/F2S/4KQF/H7W4SMA1/F2S4KQFH7W4SMA1.jpg?auto=webp&frame=1,,,,,,,
https://www.instructables.com/Magnetic-Classroom-Vocabulary-Game/,Magnetic Classroom Vocabulary Game : 5 Steps (with Pictures) - Instructables,"Magnetic Classroom Vocabulary Game: Vocabulary is one thing that every teacher teaches regardless of grade level or subject. Whether it's an English teacher trying to lay foundation so her students can actually understand a short story, a history teacher trying to explain what a ""shog…",https://content.instructables.com/FP2/L092/GYQDSM4E/FP2L092GYQDSM4E.jpg?auto=webp&frame=1,,,,,,,
https://www.instructables.com/Abstract-Art-Assignment/,Abstract Art Assignment : 6 Steps (with Pictures) - Instructables,"Abstract Art Assignment: This instructable is part of the ""Teacher Contest"". Please vote :)

The following instructable will walk you through an art project you can do with your students to help them learn or&nbsp;reaffirm a variety of visual art related theories and techni…",https://content.instructables.com/FSV/ZYWV/GXL5OZUO/FSVZYWVGXL5OZUO.jpg?auto=webp&frame=1&width=2100,,,,,,,
https://www.instructables.com/How-to-Read-a-Ruler-and-other-simple-tricks/,How to Read a Ruler (and Other Simple Tricks). : 6 Steps (with Pictures) - Instructables,"How to Read a Ruler (and Other Simple Tricks).: While it may seem to be a very basic skill, being able to read a ruler is the foundation to just about any project you make by hand or even with a Shopbot!&nbsp;Reading a metric ruler is pretty simple- no fractions, everything converts nicely in fac…",https://content.instructables.com/FUA/95RI/GWF5UOOE/FUA95RIGWF5UOOE.jpg?auto=webp&frame=1,,,,,,,
https://www.instructables.com/Toothbrush-Painting/,toothbrush splatter painting,,https://encrypted-tbn1.gstatic.com/images?q=tbn:ANd9GcSrQlGu9fqmmdK7ZnoucPV_ptg_0JCb1iPuahYSkHeRdfTeXg,,,,,,,
https://www.instructables.com/How-To-Make-Cascarones/,How to Make Cascarones : 7 Steps (with Pictures) - Instructables,"How to Make Cascarones: Cascarones, pronounced kas-ka-ron-ez, are a Mexican tradition used for Easter, Cinco de Mayo and other celebrations. It is an egg shell filled with confetti used to crack over someone's head and shower them with the confetti inside. It might sound s…",https://content.instructables.com/FD1/MJ8M/GMG2IBQ6/FD1MJ8MGMG2IBQ6.jpg?auto=webp&frame=1,,,,,,,
https://www.instructables.com/MINI-MUFFIN-CRAYONS-A-New-Life-for-Broken-Crayo/,MINI-MUFFIN CRAYONS... a New Life for Broken Crayons! : 4 Steps (with Pictures) - Instructables,MINI-MUFFIN CRAYONS... a New Life for Broken Crayons!: ''''Broken crayons?!?  Don't throw them away...MAKE OLD CRAYONS-NEW AGAIN! Up-cycle your broken crayons into MINI-MUFFIN SIZED CRAYONS.  You will love the tie-dyed look and your young artists will love the mini-disc size---just right for small hands…,https://content.instructables.com/F0B/L00Q/FW39L9YD/F0BL00QFW39L9YD.jpg?auto=webp&frame=1,,,,,,,
https://www.instructables.com/Oobleck/,Oobleck: the Dr. Seuss Science Experiment : 5 Steps (with Pictures) - Instructables,"Oobleck: the Dr. Seuss Science Experiment: Oobleck is a classic science experiment that's perfect for entertaining both kids and adults. If you haven't seen it in action it's very fascinating stuff and before too long you'll have your hands covered with it, happily making a mess that can be …",https://content.instructables.com/F0A/0ICW/JAIJIVUW/F0A0ICWJAIJIVUW.jpg?auto=webp&frame=1,,,,,,,
https://www.instructables.com/Card-Stacking-Crazy-Strong/,Card Stacking - Crazy Strong! : 5 Steps (with Pictures) - Instructables,"Card Stacking - Crazy Strong!: You've probably tried card stacking before, the usual line two up against each other, hoping to find the perfect balance. 
Well, that's often a futile attempt: someone walking by knocks it over. 😶
But: with this different method of card stacking, cr…",https://content.instructables.com/FM3/ME0U/KRRSB79Z/FM3ME0UKRRSB79Z.jpg?auto=webp&frame=1&width=2100,,,,,,,
https://www.instructables.com/Wonder-Water-Bridge/,Wonder Water Bridge : 5 Steps (with Pictures) - Instructables,"Wonder Water Bridge: Water is life. In this instructable made with very minimal items, I've experimented with some colors and is based on the science of 'Osmosis'(Osmosis is the spontaneous net movement or diffusion of solvent molecules through a selectively permeable m…",https://content.instructables.com/F1I/E2TU/KRGCS5DM/F1IE2TUKRGCS5DM.jpg?auto=webp&frame=1,,,,,,,
https://www.instructables.com/Simple-Accordion-Fold-Book/,Simple Accordion Fold Book : 6 Steps (with Pictures) - Instructables,Simple Accordion Fold Book: This hopefully will be a summer camp project! We had a lot of damaged books to breathe new life into and accordion books seemed a great way to do that. The problem was that a lot of the instructions were a little too complicated to do with a large g…,https://content.instructables.com/F4C/WGZ2/KREXBE2G/F4CWGZ2KREXBE2G.jpg?auto=webp&frame=1,,,,,,,
https://www.instructables.com/Fireworks-in-a-Jar/,Fireworks in a Jar : 6 Steps (with Pictures) - Instructables,"Fireworks in a Jar: Planning for summer typically starts in January, which was a challenge this year, because we didn't know what the summer would look like or if we'd be able to have in-person activities. So we did what a lot of organizations in our position did and c…",https://content.instructables.com/FN6/GY9Q/KRC2FYZI/FN6GY9QKRC2FYZI.jpg?auto=webp&frame=1&width=2100,,,,,,,
https://www.instructables.com/Mosaic-Hand-Art/,Mosaic Hand Art : 8 Steps (with Pictures) - Instructables,"Mosaic Hand Art: Hi, I created this fantastically colourful mosaic hand at the school that I work at. We wanted to create an art piece that every student and staff member at the school could have some input in. By choosing to do mosaic it allowed every person to pla…",https://content.instructables.com/FVN/V6AI/KQ16ASTB/FVNV6AIKQ16ASTB.jpg?auto=webp&frame=1,,,,,,,
https://www.instructables.com/Kinderkid-Pride/,Kinderkid Pride : 3 Steps (with Pictures) - Instructables,"Kinderkid Pride: While celebrating PRIDE month my 4/5-year-olds had the opportunity to paint their favorite thing....A RAINBOW.
After painting the basic rainbow we added a little extra detail in each section with another shade or tint of the first color used. The ch…",https://content.instructables.com/FQJ/QC8T/KPGWR1WX/FQJQC8TKPGWR1WX.png?auto=webp&frame=1,,,,,,,
https://www.instructables.com/Mirrors-Paper-Cutting-and-Symmetry/,"Mirrors, Paper Cutting, and Symmetry : 8 Steps (with Pictures) - Instructables","Mirrors, Paper Cutting, and Symmetry: Experimenting with hinged mirrors is a way to explore captivating kaleidoscopic patterns and their underlying mathematical symmetry. Combining hinged mirrors with paper cutting can capture these patterns, and link to art forms such as quilting, Pape…",https://content.instructables.com/F37/ENEQ/KPGWR1PZ/F37ENEQKPGWR1PZ.jpg?auto=webp&frame=1&width=2100,,,,,,,
https://www.instructables.com/Shadow-Stage/,Shadow Stage : 8 Steps (with Pictures) - Instructables,"Shadow Stage: A shadow screen or shadow stage can be used to tell stories, set up mysterious or beautiful scenes, pose shadow puzzles, and learn about how light works.  
Shadow Stage was developed as part of the Light and Shadow Workshop, using basic tools -- mir…",https://content.instructables.com/F1S/KGUD/KPGWR1H2/F1SKGUDKPGWR1H2.jpg?auto=webp&frame=1&width=2100,,,,,,,
https://www.instructables.com/Rainbow-Salt-Crystal-Painting/,Rainbow: Salt Crystal Painting : 3 Steps (with Pictures) - Instructables,"Rainbow: Salt Crystal Painting: Hello everyone,This instructable is about salt crystal painting. It is a fun and interesting STEM activity that you can do with your child. For this instructable I used a rainbow theme to make this painting as it was easy to draw.The&nbsp;Science Be…",https://content.instructables.com/FXK/RYYX/KP2MDM6L/FXKRYYXKP2MDM6L.jpg?auto=webp&frame=1&width=2100,,,,,,,
https://www.instructables.com/Giant-Cicada-Friend-Using-a-Paper-Lunch-Bag/,Giant Cicada Sculpture Using a Paper Lunch Bag : 7 Steps (with Pictures) - Instructables,"Giant Cicada Sculpture Using a Paper Lunch Bag: Every 17 years the Brood X Cicadas emerge from underground to live with humans who reside around the middle of the eastern half of the United States.  They are loud and harmless and should be celebrated.  And what better way to celebrate them, than …",https://content.instructables.com/FL4/EVJ2/KOSMC6C6/FL4EVJ2KOSMC6C6.jpg?auto=webp&frame=1&width=2100,,,,,,,
https://www.instructables.com/Lesson-2-Hand-Drawn-Peacock/,Lesson 2: Hand Drawn Peacock : 5 Steps (with Pictures) - Instructables,"Lesson 2: Hand Drawn Peacock: Hello there, hope you're well. 
In today's lesson I we'll be aiming to teach you how to draw a peacock with your hand.
This lesson is very easy and you only need 3 tools to make similar to the hand drawn dog, but more detail will be required.
The fi…",https://content.instructables.com/F3N/KE4I/KOMWII75/F3NKE4IKOMWII75.jpg?auto=webp&frame=1&width=2100,,,,,,,
https://www.instructables.com/Lesson-1-Hand-Drawn-Dog/,Lesson 1: Hand Drawn Dog : 3 Steps (with Pictures) - Instructables,"Lesson 1: Hand Drawn Dog: Hello there, hope you're doing well. 
In today's lesson I we'll be aiming to teach you how to draw a dog's head by using your hand as a template.
This lesson is very easy and you only need 3 tools to complete the task.
The outcome we'll leave you pr…",https://content.instructables.com/FFJ/ZQU1/KOMWII6C/FFJZQU1KOMWII6C.jpg?auto=webp&frame=1&width=2100,,,,,,,
https://www.instructables.com/Wobble-Bot-Recreation/,Wobble Bot Recreation  : 11 Steps (with Pictures) - Instructables,"Wobble Bot Recreation : Today we will be building our buzzing robots a little differently There are tons of videos online of how to build your battery power friends that jump, waddle around, and dance. Using cardboard and googly eyes, you’ll have a new friend in no time.
 …",https://content.instructables.com/FLC/S9VV/KOLH2ARK/FLCS9VVKOLH2ARK.jpg?auto=webp&frame=1,,,,,,,
https://www.instructables.com/Sidewalk-Chalk-Art/,Sidewalk Chalk Art : 10 Steps (with Pictures) - Instructables,Sidewalk Chalk Art: Introduction: This sidewalk chalk activity is a great way to get outside on a sunny afternoon. Last summer while in quarantine me and my family did this it took about two hours for 5 kids to do. This weekend I decided to do another one for instructa…,https://content.instructables.com/F7F/W7HI/KOIM6PTV/F7FW7HIKOIM6PTV.jpg?auto=webp&frame=1,,,,,,,
https://www.instructables.com/Librero-M%C3%A1gico/,Librero Mágico  : 5 Steps (with Pictures) - Instructables,"Librero Mágico : Este proyecto está inspirado en los niños de mi curso (nivel Kínder), y que cuando volvamos a clases presenciales, no tendrán la posibilidad de manipular los libros y cuentos de nuestras bibliotecas de aula (pandemia). La solución que encontré para …",https://content.instructables.com/FOX/Q315/KO1GWUYV/FOXQ315KO1GWUYV.jpg?auto=webp&frame=1&width=2100,,,,,,,
https://www.instructables.com/Tutti-Frutti-Color-Wheel/,Tutti Frutti Color Wheel : 3 Steps (with Pictures) - Instructables,"Tutti Frutti Color Wheel: This pandemic has shown us the importance of rethinking everything, being flexible and looking at problems from different perspectives. For this project I was inspired by a student I have in first grade, who is almost blind. I have never seen a girl…",https://content.instructables.com/FHG/Y0CJ/KO1GWOXO/FHGY0CJKO1GWOXO.jpg?auto=webp&frame=1&width=2100,,,,,,,
https://www.instructables.com/Cardboard-Box-Foosball/,Cardboard Box Foosball : 6 Steps (with Pictures) - Instructables,"Cardboard Box Foosball: Materials
Cardboard box 2 Sticks*1 small ball***Try dowels, skewer sticks, chopsticks, straws, small branches**Try a ping pong ball, marble, some balled up paper, tin foil
ToolsBoxcutter or serrated knife Glue or tape Markers",https://content.instructables.com/FUF/HKF7/KDRE0KVM/FUFHKF7KDRE0KVM.jpg?auto=webp&frame=1,,,,,,,
https://www.instructables.com/The-Very-Hungry-Caterpillar-Craft-FREE-Template/,The Very Hungry Caterpillar Craft: FREE Template : 7 Steps (with Pictures) - Instructables,"The Very Hungry Caterpillar Craft: FREE Template: Unleash your creativity with this fantastic papercraft of The Very Hungry Caterpillar! Crafting it is a breeze. Just print out the sheet and then follow the instructions provided below.
In case you are fond of this craft, we have more FREE crafts fo…",https://content.instructables.com/F9C/0CP9/LG54OQWT/F9C0CP9LG54OQWT.jpg?auto=webp&frame=1&width=2100,,,,,,,
https://www.instructables.com/Naked-Egg-Experiment-and-Cleaning-Hard-Water-Spots/,Naked Egg Experiment and Cleaning Hard Water Spots : 4 Steps (with Pictures) - Instructables,"Naked Egg Experiment and Cleaning Hard Water Spots: My kids have recently started learning the dreaded chore of cleaning their bathroom. They use distilled white vinegar (4-5% acetic acid) because it is a versatile and effective cleaning product for them to practice with. Recently, when inspecting th…",https://content.instructables.com/FH2/P92V/L42QYJP7/FH2P92VL42QYJP7.jpg?auto=webp&frame=1&width=2100,,,,,,,
https://www.instructables.com/2-Liter-Greenhouse/,2 Liter Greenhouse : 5 Steps (with Pictures) - Instructables,"2 Liter Greenhouse: A cheap and easy way to make a mini greenhouse for tropical or other plants, or perhaps a small isopod house! This project is great for adding a little low-maintenance color to your room or space. Depending on the plant used, you will likely have to…",https://content.instructables.com/F72/CASN/L7XCJOD5/F72CASNL7XCJOD5.jpg?auto=webp&frame=1&width=2100,,,,,,,
https://www.instructables.com/Your-First-Pixel-Art/,pixelart,,https://encrypted-tbn3.gstatic.com/images?q=tbn:ANd9GcS4K174FbR2yS6IebujZPIxrpxblGgPYL0-yLFlj8G-ThIfhQ,,,,,,,
https://www.instructables.com/Color-Photo-Breakdown-and-Build-Up-Exploring-the-R/,Color Photo Breakdown and Build Up - Exploring the REAL Primary Colors : 6 Steps (with Pictures) - Instructables,Color Photo Breakdown and Build Up - Exploring the REAL Primary Colors: Have you ever wondered how the colored inks in your printer work together to create a full color photograph? Follow along as we show you how to decompose a full color photograph into the primary colors of ink and then recompose the full color image …,https://content.instructables.com/FMX/0IMM/KYV92W6I/FMX0IMMKYV92W6I.jpg?auto=webp&frame=1&width=2100,,,,,,,
https://www.instructables.com/Winter-STEAM-for-All-Ages/,Winter STEAM for All Ages : 6 Steps (with Pictures) - Instructables,"Winter STEAM for All Ages: Welcome back teachers and parents to all ages. Here I have compiled some STEAM projects that we have done with our after school (elementary) kiddos. The inspiration for these came from all over the place, books, blogs, friends and libraries, but the…",https://content.instructables.com/F7A/7NR5/KZCPISA0/F7A7NR5KZCPISA0.jpg?auto=webp&frame=1&width=2100,,,,,,,
https://www.instructables.com/Imbolc-Sheep/,Imbolc Sheep : 7 Steps (with Pictures) - Instructables,Imbolc Sheep: This sheep stick puppet is an easy and fun craft to create for Imbolc!,https://content.instructables.com/FN9/9CVA/KYPUFKJQ/FN99CVAKYPUFKJQ.jpg?auto=webp&frame=1&width=2100,,,,,,,
https://www.instructables.com/Tunnel-Book-Three-Wishes-for-Cinderella-video-Incl/,Tunnel Book: Three Wishes for Cinderella (video Included) : 5 Steps (with Pictures) - Instructables,"Tunnel Book: Three Wishes for Cinderella (video Included): Have you heard of a “tunnel book”? I am absolutely enchanted and here’s one I made according to a scene from Three Wishes for Cinderella, the most internationally famous Czech fairy-tale.
Tunnel book is a 3D art book create from various layers that …",https://content.instructables.com/F5L/BYVK/M9FNNN3C/F5LBYVKM9FNNN3C.jpg?auto=webp&frame=1,,,,,,,
https://www.instructables.com/Rule-of-Thumb-Three-Steps-to-Estimate-Objects/,Rule of Thumb - Three Steps to Estimate Objects. : 3 Steps (with Pictures) - Instructables,"Rule of Thumb - Three Steps to Estimate Objects.: In this instructable I will be showing you how to estimate the height of big objects.

What you need to know:
Be precise with measurements that you can make.
Artists use this technique to draw objects proportionally.
You can do this using the metric…",https://content.instructables.com/FST/LF9Z/KW3JE546/FSTLF9ZKW3JE546.png?auto=webp&frame=1,,,,,,,
https://www.instructables.com/The-Nebula-Projector-Project-for-Kids/,space projector,,https://content.instructables.com/FGH/AKE3/KUMO1KKE/FGHAKE3KUMO1KKE.jpg?frame=true&width=318&height=1024&fit=bounds,,,,,,,
https://www.instructables.com/Flying-Fish-Paper-Spinner/,Flying Fish Paper Spinner : 7 Steps (with Pictures) - Instructables,"Flying Fish Paper Spinner: This is a fun activity and a great boredom-buster for children that can keep them engrossed in their imagination for hours. All you need is some paper and scissors and you're ready to go.
 Being simple and mess-free is an added bonus making this a g…",https://content.instructables.com/FZ4/KFU4/KSONGJKT/FZ4KFU4KSONGJKT.jpg?auto=webp&frame=1,,,,,,,
https://www.instructables.com/Learning-the-Four-Classical-Elements-the-Construct/,Learning the Four Classical Elements: the Constructivism Way : 4 Steps (with Pictures) - Instructables,Learning the Four Classical Elements: the Constructivism Way: Constructivism is the theory that supports learners constructing knowledge rather than just passively accepting information. This Instructable sets up a learning situation where students create their own meaning of the classical elements using Lego …,https://content.instructables.com/FZQ/RQ6Z/KSN80RMU/FZQRQ6ZKSN80RMU.jpg?auto=webp&frame=1&width=2100,,,,,,,
https://www.instructables.com/Stories-With-LEGO-Characters/,Stories With LEGO Characters : 12 Steps (with Pictures) - Instructables,"Stories With LEGO Characters: If you have visited the luann2425 Instructables page before, you will know that ""Grandma Van"" is all about storytelling.
My grandchildren now live in Scotland. I am in the USA. We spend a lot of time making up stories on FaceTime. 
One of the easies…",https://content.instructables.com/FPW/IRFR/KRUN60F4/FPWIRFRKRUN60F4.jpg?auto=webp&frame=1&width=2100,,,,,,,
https://www.instructables.com/The-Very-Hungry-Caterpillar-Craft-FREE-Template/,The Very Hungry Caterpillar Craft: FREE Template : 7 Steps (with Pictures) - Instructables,"The Very Hungry Caterpillar Craft: FREE Template: Unleash your creativity with this fantastic papercraft of The Very Hungry Caterpillar! Crafting it is a breeze. Just print out the sheet and then follow the instructions provided below.
In case you are fond of this craft, we have more FREE crafts fo…",https://content.instructables.com/F9C/0CP9/LG54OQWT/F9C0CP9LG54OQWT.jpg?auto=webp&frame=1&width=2100,,,,,,,
https://www.instructables.com/Paper-Construction-Tubes/,Paper Construction Sticks : 4 Steps (with Pictures) - Instructables,"Paper Construction Sticks: I've used a variety of retail kits to play with polygons and polyhedra. Things like K'Nex and Zometool sets have found a home in my classroom and the students love using them to build geometric models.
As a DIYer, I've also used an assortment of mat…",https://content.instructables.com/FBF/0XM0/KDSTDMPO/FBF0XM0KDSTDMPO.jpg?auto=webp&frame=1,,,,,,,
https://www.instructables.com/Non-Toxic-Craft-and-Sensory-Sand/,"Non-Toxic Craft and Sensory ""Sand"" : 11 Steps (with Pictures) - Instructables","Non-Toxic Craft and Sensory ""Sand"": This Instructable will cover how to use craft paint and salt to make a non-toxic rainbow play or sensory ""sand"".
Preparing the sand is simple and easy. It  takes about a half hour of prep (mixing) and at least an hour of dry-time,-but this depends o…",https://content.instructables.com/FVY/0D54/KDYJKXC5/FVY0D54KDYJKXC5.jpg?auto=webp&frame=1,,,,,,,
https://www.instructables.com/DIY-Stained-Glass/,DIY Stained Glass! : 5 Steps (with Pictures) - Instructables,"DIY Stained Glass!: Today I'll be telling you how to make your own DIY stained glass for cheap! The total cost for me was under $20, but if you already have glue at home, it'll probably cost you less than $15. This is such a fun and easy project, you could do it by you…",https://content.instructables.com/FAE/1M10/KE48WZT3/FAE1M10KE48WZT3.jpg?auto=webp&frame=1&width=2100,,,,,,,
https://www.instructables.com/Earth-Science-Jars/,Earth Science Jars : 5 Steps (with Pictures) - Instructables,"Earth Science Jars: This project is educational, fun and mess free! 
 If you happen to be a fiber artist this is a super fun way to use up all that random wool roving!",https://content.instructables.com/F83/W5O4/KE8J831J/F83W5O4KE8J831J.jpg?auto=webp&frame=1,,,,,,,
https://www.instructables.com/Rainstick-MakerTube/,Rainstick : 4 Steps (with Pictures) - Instructables,"Rainstick: The rainstick is believed to have been invented by a group of indigenous people in Northern Chile. They were made by hammering cactus spikes into dead cactus tubes and filling them with rocks. Whenever an object filters through a rainstick, it bounc…",https://content.instructables.com/FS1/OF6W/KJLFL71Q/FS1OF6WKJLFL71Q.jpg?auto=webp&frame=1,,,,,,,
https://www.instructables.com/Wobble-Head-Rattle-Writer/,Wobble Head Rattle Writer : 7 Steps (with Pictures) - Instructables,"Wobble Head Rattle Writer: This simple robot will have your students engineering this adorable rattling robot with its wobbly head!
Materials: electric toothbrush with one AA battery (available for $1 at most dollar stores), pool noodle, plastic knife, washable markers, rubbe…",https://content.instructables.com/FB8/MRRO/KF2JHJPB/FB8MRROKF2JHJPB.jpg?auto=webp&frame=1&width=2100,,,,,,,
https://www.instructables.com/RattleBot/,RattleBot : 7 Steps (with Pictures) - Instructables,"RattleBot: Are you ready to practice your Frankenstein skills and bring a toothbrush to life? Follow these steps to make a creepy-crawly friend with nothing more than a toothbrush, paperclips, and tape!
     Materials: electric toothbrush with one AA battery (…",https://content.instructables.com/FZA/X107/KF2JHJIX/FZAX107KF2JHJIX.jpg?auto=webp&frame=1,,,,,,,
https://www.instructables.com/Gravity-Powered-Robot-Walker/,Gravity-Powered Robot Walker : 4 Steps (with Pictures) - Instructables,"Gravity-Powered Robot Walker: Walking robots have been a favorite project of robotics labs for a while. And if the robots are two-legged -- or walk as if they were two-legged -- scientists naturally look to human movement as a guide. Why reinvent the wheel (or the foot)?
One bra…",https://content.instructables.com/FT6/SQ8I/KF32FCPG/FT6SQ8IKF32FCPG.jpg?auto=webp&frame=1&width=2100,,,,,,,
https://www.instructables.com/Nature-Display/,Nature Display : 4 Steps (with Pictures) - Instructables,"Nature Display: First, grab a bucket, box, or bag and take a nature walk. Take a look around and think about the animals, plants, and natural materials. Collect as many different types of natural objects as you can find but make sure you aren’t harming the natural …",https://content.instructables.com/F21/IHS9/KJLFL2KR/F21IHS9KJLFL2KR.jpg?auto=webp&frame=1,,,,,,,
https://www.instructables.com/Make-a-Document-Camera-Out-of-an-Old-Box-and-a-Mir/,Make a Document Camera Out of an Old Box and a Mirror. : 7 Steps (with Pictures) - Instructables,"Make a Document Camera Out of an Old Box and a Mirror.: This project recycles an old box to make a document camera.  Distance learning is not great, but this document camera can help a teacher see what a student is writing on.  This document camera can also be used by a teacher as a document camera too. …",https://content.instructables.com/F13/G0HD/KF5EAB29/F13G0HDKF5EAB29.jpg?auto=webp&frame=1,,,,,,,
https://www.instructables.com/Cardboard-and-Velcro-Building-Tiles/,Cardboard and Velcro Building Tiles : 7 Steps (with Pictures) - Instructables,"Cardboard and Velcro Building Tiles: These cardboard Velcero Building Tiles are wonderful for so many reasons. Unlike Magna-Tiles, they don't come crashing down as easily and loudly, which is great news for my classroom. Also because they are held together with Velcro, you can create a…",https://content.instructables.com/FK1/OT9A/KFL45YK9/FK1OT9AKFL45YK9.jpg?auto=webp&frame=1,,,,,,,
https://www.instructables.com/Easy-Magical-Walking-Rainbow-Experiment/,Easy Magical Walking Rainbow Experiment : 5 Steps (with Pictures) - Instructables,"Easy Magical Walking Rainbow Experiment: Have fun while learning a few basic scientific methods!
- color theory: the paper towels pull color from the base red, blue, and yellow primary color cups, the resulting mixture creates the secondary colors of green, purple, and orange, completing t…",https://content.instructables.com/FQF/W5G8/KFL44D9H/FQFW5G8KFL44D9H.jpg?auto=webp&frame=1&width=2100,,,,,,,
https://www.instructables.com/Preschool-Art-Lesson-Kandinskys-Circles/,Preschool Art Lesson: Kandinsky's Circles : 6 Steps (with Pictures) - Instructables,"Preschool Art Lesson: Kandinsky's Circles: Your child can make an easy, colorful, and fun painting inspired by Wassily Kandinsky's well-known painting Color Study: Squares with Concentric Circles. This project is best suited for ages 3 through 5. Children may need help with measuring or fold…",https://content.instructables.com/FHN/YSYS/KFPNLIVQ/FHNYSYSKFPNLIVQ.jpg?auto=webp&frame=1&width=2100,,,,,,,
https://www.instructables.com/STEAM-3D-Bubble-Wand/,STEAM 3D Bubble Wand : 4 Steps (with Pictures) - Instructables,"STEAM 3D Bubble Wand: Everybody loves bubbles, regardless of age. But why all the bubble wands needs to be flat and bubble always spherical. In today’s project, we will break these stereotypes and build some 3-dimensional bubble wands and learn structural engineering. We…",https://content.instructables.com/F1A/36C3/KFWJOAMW/F1A36C3KFWJOAMW.jpg?auto=webp&frame=1&width=2100,,,,,,,
https://www.instructables.com/Under-the-Sea-Decoration-for-ClassroomPlayroom/,Under the Sea Decoration for Classroom/Playroom : 5 Steps (with Pictures) - Instructables,"Under the Sea Decoration for Classroom/Playroom: Super simple and my kids love it!
It doesn't have to be sharks, you can use any sea life.",https://content.instructables.com/F4K/OPBS/KFWJNV8Y/F4KOPBSKFWJNV8Y.jpg?auto=webp&frame=1,,,,,,,
https://www.instructables.com/Paper-Plate-Fractions-Math-Manipulative/,Paper Plate Fractions - Math Manipulative : 8 Steps (with Pictures) - Instructables,"Paper Plate Fractions - Math Manipulative: Help kids learn about fractions with paper plates by giving them something that's visual and hands on. You could also do this with a regular sheet of paper (square would be best) if you don't have any plates.
Instructable 342",https://content.instructables.com/FQW/QI9R/KFXZ4774/FQWQI9RKFXZ4774.jpg?auto=webp&frame=1&width=2100,,,,,,,
https://www.instructables.com/Potato-Battery/,Potato Battery : 7 Steps (with Pictures) - Instructables,"Potato Battery: So I have been interested in electronics and batteries in specific for a while, Telsa's recent announcement of their new ""tabless"" battery has rekindled that interest. So once I saw this challenge I figured I would take this opportunity to explain a…",https://content.instructables.com/FPR/93VU/KFZEJ7TC/FPR93VUKFZEJ7TC.jpg?auto=webp&frame=1&width=2100,,,,,,,
https://www.instructables.com/Simple-Flying-Toilet-Paper-Ghost-Decoration/,Simple Flying Toilet Paper Ghost Decoration : 5 Steps (with Pictures) - Instructables,"Simple Flying Toilet Paper Ghost Decoration: These flying toilet paper ghost decorations are a quick and easy way to add a little Halloween fun to your day! This project is great for all ages and uses 3 supplies that can be found in any household.
You can loop them around your neck for a fun p…",https://content.instructables.com/FI7/TR9P/KG6JVKGS/FI7TR9PKG6JVKGS.jpg?auto=webp&frame=1&width=2100,,,,,,,
https://www.instructables.com/Paperboard-Mosaics/,paper/carboard junk mosaic,,https://content.instructables.com/FXW/QFXW/KGAU1T06/FXWQFXWKGAU1T06.jpg?frame=true&width=925&height=1024&fit=bounds,,,,,,,
https://www.instructables.com/Paper-Racing-Caterpillars/,Paper Racing Caterpillars  : 6 Steps (with Pictures) - Instructables,"Paper Racing Caterpillars : In today's story, we heard about breath, and all the ways that breath can be used, as words or as actions. Now, let's use the action of our breath to do something fun: racing paper caterpillars!",https://content.instructables.com/FIL/FSLF/KGAU21SW/FILFSLFKGAU21SW.jpg?auto=webp&frame=1&width=2100,,,,,,,
https://www.instructables.com/DIY-Edible-Texture-Finger-Paint-for-Kids/,DIY Edible Texture Finger Paint for Kids : 4 Steps (with Pictures) - Instructables,"DIY Edible Texture Finger Paint for Kids: In these unstable times, when the only safe place is your home, it can be really challenging to maintain a life full of excitement and joy! Lets bring some color into our lives by making homemade texture finger paint for your little ones. It sure wi…",https://content.instructables.com/FIH/RKKT/KGGJU7XD/FIHRKKTKGGJU7XD.jpg?auto=webp&frame=1&width=2100,,,,,,,
https://www.instructables.com/No-sew-Owl-Costume/,No-sew Owl Costume : 19 Steps (with Pictures) - Instructables,"No-sew Owl Costume: Have you picked your costume for Halloween? Would you like to be a hoot owl this time?
As Halloween is around the corner, I wanted to share this DIY owl costume, which I made last year for my 2-year-old for the carnival. This 3 piece costume include…",https://content.instructables.com/FUE/5P1L/KGGJWVID/FUE5P1LKGGJWVID.jpg?auto=webp&frame=1&width=2100,,,,,,,
https://www.instructables.com/Bee-Bug-Tower-Hotel/,Bee & Bug Tower Hotel : 7 Steps (with Pictures) - Instructables,"Bee & Bug Tower Hotel: This is a project to aid our garden workers - our bee's, insects, bugs and butterflies. There are lots of varieties of bug houses and this is just a different way of doing it.",https://content.instructables.com/FQ9/FP8S/KGZ4KW1D/FQ9FP8SKGZ4KW1D.jpg?auto=webp&frame=1,,,,,,,
https://www.instructables.com/TILT-Balancing-Game-Console/,TILT: Balancing Game Console : 6 Steps (with Pictures) - Instructables,TILT: Balancing Game Console: Welcome to this instructable on making a low-cost cardboard game console! We have provided 3 web-based games for you to play with your kids. This is a project developed to promote the concept of sharing among kids as the console requires 2 players t…,https://content.instructables.com/FAX/9B1N/KGZ4K54L/FAX9B1NKGZ4K54L.jpg?auto=webp&frame=1&width=2100,,,,,,,
https://www.instructables.com/Makedo-Cardboard-Construction-in-the-Classroom/,Makedo Cardboard Construction in the Classroom : 4 Steps (with Pictures) - Instructables,Makedo Cardboard Construction in the Classroom: This is part of a series of Instructables intended for teachers about educating students in the classroom around making and tinkering. For a full list of other Instructables see our collection or the .pdf Making and Tinkering Cookbook at the end of …,https://content.instructables.com/FHN/5B3H/KIFZU7NN/FHN5B3HKIFZU7NN.jpg?auto=webp&frame=1&width=2100,,,,,,,
https://www.instructables.com/How-to-Build-Lego-Pizza-Stop-Motion-Cooking-Prop/,How to Build Lego Pizza - Stop Motion Cooking Prop : 20 Steps (with Pictures) - Instructables,"How to Build Lego Pizza - Stop Motion Cooking Prop: Today we will be creating an Italian favorite dish of Pizza. Using a combination of bricks and plates, we will be adding pepperonis, olives, and pepper to create this classic dish that can be found around the world at pizza parlors.
How long will th…",https://content.instructables.com/FBX/Y7EP/KJ757NV4/FBXY7EPKJ757NV4.png?auto=webp&frame=1,,,,,,,
https://www.instructables.com/Block-Printing-With-Foam-Stamps/,Block Printing With Foam Stamps : 4 Steps (with Pictures) - Instructables,"Block Printing With Foam Stamps: Block printing is the overall term for creating prints using some variation on a stamp. You can use a wide variety of materials for making your stamps, the ink or paint you’ll use, or what you choose to print on. Making stamps with foam is a bit eas…",https://content.instructables.com/FXI/6V6Q/KJ8KMXQK/FXI6V6QKJ8KMXQK.jpg?auto=webp&frame=1,,,,,,,
https://www.instructables.com/Rainy-Cloud-Room-Decor/,raincloud decoration,,https://encrypted-tbn0.gstatic.com/images?q=tbn:ANd9GcSED5UgcVhJdD74ZniTAawLir8HK9KVEdtqQFLoEerTm1DqWg,,,,,,,
https://www.instructables.com/Full-Color-Play-Dough-Sensory-Play/,Full Color Play Dough Sensory Play : 4 Steps (with Pictures) - Instructables,"Full Color Play Dough Sensory Play: The current situation in which children and their families are in their home, staying at home to avoid spreading the Corona virus.
Playing and learning with children with materials that are easily available and environmentally friendly, as well as i…",https://content.instructables.com/FCB/24JH/KLP628V9/FCB24JHKLP628V9.jpg?auto=webp&frame=1,,,,,,,
https://www.instructables.com/Hug-A-Bunny-Bot/,Hug-A-Bunny Bot  : 6 Steps (with Pictures) - Instructables,Hug-A-Bunny Bot : The Hug-A-Bunny Bot wants to bring you joy and give you hugs!,https://content.instructables.com/FU5/NFT3/KLUVOW3B/FU5NFT3KLUVOW3B.jpg?auto=webp&frame=1&width=2100,,,,,,,
https://www.instructables.com/Calendarbeads/,Calendarbeads : 5 Steps (with Pictures) - Instructables,"Calendarbeads: Your favorite month of the year to wear as bracelet or necklace (or ...). I chose July 2020 for not lock-down-ing but vacation and swimming in the Mediterranean Sea. Which month will you choose?
Make your own paper beads (and optional also a tool to…",https://content.instructables.com/FH2/OK9E/KMT69H8S/FH2OK9EKMT69H8S.jpg?auto=webp&frame=1&width=2100,,,,,,,
,Play dough/clay hedgehogs with sticks for spines,,https://i.pinimg.com/originals/10/52/85/105285895ca643fefe97b354930fb00d.jpg,,,,,,,
,runaround game show quiz,,,,,,,,,"ask a multiple choice question, the children have 15 seconds to run to a designated spot that represents one of the answers, the question is repeated and they have another 15 seconds if they want to change their minds, the answer is revealed"
,transport water from one container to another using only a cloth or sponge  by wringing it out,,,,,,,,,
,water pistols or spray bottles,could put shaving foam or bubbles on an outside window and see if they can knock it off or pop. Could also see if they can clean dirty dishes.,,,,develops finger strength and spatial reasoning,,,,
,scissor skills in the kitchen,"see which jobs in the kitchen can be done by your child to devlop their scissor skills e.g. opening packaging, cutting slices of pizza, cutting green beans, rolling up lettuce leaves and cuttingthem into strips.",,,,"fine motor, life skills",,,,
,clap game,"have the child sit in front of you, clap a simple rhythm and see if they can copy it",,,,,,,,
,indoor climb,"twist a long towel or sheet and hold one end, have the child lay on their back holding the other the other end, they need to be far away enough that it is taut, then they pull themselves towards you hand over hand, remaining on their back ",,,,,,,,
,table roll,"put a table or something at an angle and roll objects down, the child catches the items in a basket as they fall",,,,,,,,
,cup catch,roll marbles or balls down a tube and see it your child can catch them under a cup,,,,,,,,
,tissue drop,"drop a tissue from up high and see if they can catch it before it hits the ground, could be done with any light, floaty object e.g. feather",,,,,,,,
,paper drop,"hold a piece of paper against a wall, over the child, drop it and see it they can catch it before it hits the ground",,,,,,,,
,laser trap,make an obstable course using string or tape,,,,,,,,
,under the leg ball pass,"sit on the floor with your legs, bent and raised 90 degrees from the floor, see how many times you can pass a ball around your legs before you need to put your legs down ",https://github.com/boobalootoo/things/blob/main/EYed/picsforacs/underthelegballpass.jpg?raw=true,,,,,,,
,sticky note rainbow hunt,"make a line of 1 each of different coloured sticky notes somewhere and hide 4 more of each colour on something around the house, once they have found one they put it under the one in the row",https://github.com/boobalootoo/things/blob/main/EYed/picsforacs/stickynoterainbowhunt.jpg?raw=true,,,,,,,
,Agamograph ,,https://i.pinimg.com/736x/d0/c5/14/d0c514a5b2b17abcb61f4a0019053768.jpg,,,,,,,
,Materials game: ,"write a material on a sticky pad and ask the kids to stick it on something made of that material. Or if outside say to go touch something, inside ask them to bring something made of that material",,,,,,,,
,Robot game: ,"I am a robot, if I catch you you become robot and turn other humans into robot, robots do not run and you have to move and talk like a robot",,,,,,,,
,acting out 5 little ducks,"sing 5 little ducks went swimming one day, pretend to swim while walking away for ""swimming one day"", have some kind of obstacle to go over for ""over the hill"", run as far away as you can for ""far away"", do it all in reverse for ""ducks came back""",,,,,,,,
,word puzzles,"print or write a nursery rhyme your child knows by heart, cut out each word, sentences or phrases and see if they can put it all back together in the right order. encourage them tosound out the words.",,,,,,,,
,learn about our coasts,https://dnu7gk7p9afoo.cloudfront.net/Files/wcs-family-coastal-trail-bookletwebfinal.pdf,,,,,,,,
,wildlife ID guides,https://www.discoverthewild.co.uk/resources,,,,,,,,
,"go on a walk, collect some leaves and arrange them to make a picture",https://i.pinimg.com/736x/b4/2f/2d/b42f2d3a6a60ac75f7dd5c7f9dc8c4be.jpg,,,,,,,,
,"Yoghurt cake recipe for counting,",,,,,,,,,
,germ game,"pretend to cough or sneeze and throw the pom poms to show who is ""infected"". Maybe when you infect them you draw a dot on their hand and they need to wash them. or you could use glitter to show how germs transfer.",https://raw.githubusercontent.com/boobalootoo/things/refs/heads/main/EYed/picsforacs/glitterwash.jpg,,,,,,,
,Fill a stuffed animal with rice to make a weighted doll,,,,,,,,,
,beach card:," glue sand onto beach part, put water dyed blue in a bag",,,,,,,,
,thaumatrope,A thaumatrope is an optical toy that was popular in the 19th century. A disk with a picture on each side is attached to two pieces of string. When the strings are twirled quickly between the fingers the two pictures appear to blend into one due to the persistence of vision.,https://media.craftulate.com/wp-content/uploads/2018/01/thaumatropes-for-kids-a.jpg,,,,,,,
,pressing flowers,,https://dryuc24b85zbr.cloudfront.net/tes/resources/12924893/image?width=500&height=500&version=1714822911493,,,,,,,
,just dance videos,"search just dance videos on youtube and follow along, you can check if they have your childs favourite songs",,,,,,,,
https://www.youtube.com/@CosmicKidsYoga,cosmic kids yoga,"kids yoga videos with themes like animals, dinosaurs, disney and minecraft",,,,,,,,
,karaoke ,find karaoke versions of your childs favurite songs on youtube,,,,seeing how words they know how to say look,,,,
,snap,"practise subetising (knowing how many of something there is without needing to count, you could cover up the numbers with masking tape if you want to make sure they're not just reading them)",,,,,,,,
,subetising game,"show your child a number of items between 1 and 10 but only reveal them breifly or get them to close their eyes and only look briefly. the aim is to know how many there are without needing to count, show them for more or less time depending on how long they need.",,,,,,,,
,write dance,"put on a piece of music and ask your child to draw to the beat, see how different types of music look e.g. classical, jazz, EDM, or share instrumental versions of your favourite songs. Try as many different genres as you can find but try and avoid anything with lyrics as you are trying to get them to react to just the sounds",,,,,,,,
,adaptation game,"show your child a picture of an  animal in its natural habitat and ask why they think they might have certain features. Don't lead them towards the correct answer, you're trying to develop their thinking skills so any answer that comes from any line of reasoning is good. But if they want to know after they have made their guess and explained why you can look it up together and discuss. after you've done a few you could give them a habitat and get them to draw what kind of animal would live there and help them label the different features. You could also give them an animal and have them guess where it might live based on its features or give them a few cards with animals and habitats and match them up, asking why they think that.",,,,critical and creative thinking,,,,
,snakes and ladders,,,,,,,,,
,helicopter stories,Children tell and act out their stories,https://github.com/boobalootoo/things/blob/main/EYed/picsforacs/helicopterstories.jpg?raw=true,,,,,,,
https://wordsforlife.org.uk/activities/filter/?age=3-4,words for life,A collection of resources ,,,,,,,,
,colour match,see which colours you can see in the world around you.,,,,,"options: use paint samples, print out different colours, cut different colours off things you have around the house e.g. magazines cereal boxes, colour in strips of paper, pick some objects around the house that you think you could colour match to other objects",,,
,colour walk,,,,,,,,,"go for a walk with your child and decide on a colour to follow, look around for it as you walk and walk towards the first thing of that colour that you see, if you can't see anything for a while go back the way that you came until you find something else of that colour. You can switch colours anytime you want, or you could do each colour of the rainbow once in ROYGBIV order or take turn deciding the next colour. "
, projector,,,,,,"toilet roll tube, thick transparent tape or clingfilm, permanent markers",,,
,pom pom pop,"put pom poms in sandwhich bag, with small hole, challange child to pop pom poms out",,,,,,,,
https://uk.pinterest.com/pin/16466354882901416/,butterfly/dragonfly,for dragonfly wings try tracing around 2 fingers (do on folded paper so you only need to do it once),,,,,"paper, pen, scissors, lolly stick, glue or tape",,,
https://uk.pinterest.com/pin/16466354883090815/,pop up farm,,,,,,"paper, scissors, glue",,,
https://uk.pinterest.com/pin/16466354883090829/,shark pop-up card,,,,,,,,,
,pufferfish painting,,https://i.pinimg.com/736x/8d/9c/ce/8d9cce7516239e91e2e3e2a5a905c459.jpg,,,,"paint, black paper, spiky ball",,,
https://www.instagram.com/reels/C15UEsqvb9z/,flying plastic,,,,,,"balloon, fake fur, fleece, or felt , plastic bag",,,
https://uk.pinterest.com/pin/16466354879449307/,growing flower,,,,,,,,,
https://uk.pinterest.com/pin/16466354878889585/,day and night,,,,,,"paper plate, scissors, split pin, pens",,,
https://i.pinimg.com/736x/6f/89/02/6f8902750ff5791d30b2e87928e534f4.jpg,fish bite ,,,,,,"paper, pens",,,
https://i.pinimg.com/736x/42/31/22/42312235a5e8837a9daeae8f1eb619d5.jpg,tree painting,,https://lifescarousel.com/make-super-bouncy-balls/,,,,"paint, sponge",,,
,bouncy balls,,https://lifescarousel.com/make-super-bouncy-balls/,,,,"borax, glue, water",,,
https://uk.pinterest.com/pin/16466354877041544/,magic card with disappearing colour,,,,,,"card, scissors, permanent markers, transparent plastic, tape",,,
https://www.exploratorium.edu/snacks,the exploratory ,a resource for science based activities,,,,,,,,
https://uk.pinterest.com/pin/2111131073469331/,flipsticks,,https://i.pinimg.com/originals/30/46/cc/3046cc93091cd1e3d88f78ff51460d6c.gif,,,,"pencil or stick, paper, pictures or pens, glue or tape",,,
https://www.sciencemuseumgroup.org.uk/learning/resources/make-an-animation,Phenakistoscope,make moving pictures by spinning,,,"try a horizontal version by making it more like a spinning top, maybe using a pencil ",,"paper plate, pens, stick, split pin or something that will allow the plate to spin",,,
https://uk.pinterest.com/pin/68749619373/,wobble surfer,,,,,,,,,
,accordian fold animals,,https://i.pinimg.com/736x/76/c4/6f/76c46f1163efa59e9ee3d0e2038d8395.jpg,,,,,,,
,poser person,,https://i.ebayimg.com/images/g/21kAAeSwA~Jo1XA4/s-l960.webp,,,,"paper, split pins, cardboard, pens",,"cut out parts of body for stick figure, connect to piece of cardboard using split pins, give the child poses to recreate (either have cards with poses, draw them one to do or do it with your own body, or do a pose with the stick figure and see if they can copy it)",
https://uk.pinterest.com/pin/70437490861284/,hot air balloon,,,,,,"scissors, paper cup, balloon",,,
,dinosaur hatch,,https://i.pinimg.com/736x/66/b5/b6/66b5b6e5662bd36b55b156c4dfd28a9c.jpg,,,,"scissors, paper, pens",,,
https://uk.pinterest.com/pin/985231165024186/,,,,,,,"big piece of cardboard, wooden skewers",,,
https://uk.pinterest.com/pin/2111131073128857/,grabber,,,,,,"paper cups, straw, scissors",,,
https://uk.pinterest.com/pin/2885187256194616/,mini plane,,,,,,"paper, glue, cotton bud",,,
https://uk.pinterest.com/pin/16466354876885459/,walking feet,,,,,,"tape, paper, straw, scissors",,,
,starry night,,https://i.pinimg.com/736x/4d/f6/9e/4df69e72e8999d6857596228b2791516.jpg,,,,"cotton buds, paint, paper or foil if you want to play instead of painting something to keep",,,
,paper sculpture techniques,make this with your child and then use the techniques in future projects,https://i.pinimg.com/736x/a6/34/e5/a634e527050fc0696a1b3c6dabcd62a3.jpg,,,,,,,
,spin drum,,https://i.pinimg.com/736x/d5/ed/2a/d5ed2a797e406b8002a9ccc97975ae35.jpg,,,,,,,
,milk jug elephants,,,,,,,,,
,paper clip fishing,,,,,,paperclips (optional hairbands or rubber bands),,,
,measuring tape fishing,,,,,,bottle caps or any other small magnetic objects,,,
,paper daffodils,,,,,,,,,
,laminated flowers,,,,,,,,"print (or draw) and cut out flowers, laminate, stick into flower beds or pots, pick them and make bouquets. if you want you could also use some cards that show specific bouquets and they try to match them, or learn the names of flowers and ask for them by name",
,growing chia,,,,,,terracotta pot or cardboard,,,
,Spring poems to learn about rhyming,"make roses are red, violets are blue poems ",,,,,,,,
,mirror me ,just try mirroring your child and having them mirror you. You can see what each other can and can't copy.,,,,,,,,
,Simon says,,,,,,,,,
,bob the weasel,,,,,,,,,
,sandy girl,,,,,,,,,
,grannys footsteps,,,,,,,,,
,"heads down, thumbs up",,,,,,,,,
,sweeping games,As boring as sweeping seems to us children don't do it much so when they get to sweep something up in school they love it. Here's some sweeping games you can do at home to make it a bit more interesting (and if you spread the items everywhere you want swept you'll have some very clean floors),,,"everything could be done in teams with one child having the broom and the other a dustpan. put everything in the middle and see who can sweep up the most, spread them around the room and see who can sweep up the most, see how fast  everything can be swept up when everyone works together, use 2 differnt kinds or colours of items and they have to get only the ones they're supposed to, one child has a dustpan and brush and one has a broom and the one with the broom trys to stop the other from collecting all tge items  ",,,,,
https://onelittleproject.com/,one little project,resource with lots of ideas,,,,,,,,
https://uk.pinterest.com/pin/492649953481365/,spinner,,,,,,,,,
,tree birds,to scale birds to hang from trees,,,,,"laminating pouches, laminator, hole punch",,,
https://youtu.be/oCqf13DRa2E?feature=shared,drum song,,,,do with stamping ,,,,,
,suet balls,,,,,,,,,
,bubbles for cleaning,,,,,,,,,
,toilet roll racecar,,https://i.pinimg.com/736x/00/16/58/00165895281bd5697dae7d24d2442565.jpg,,,,,,,
https://uk.pinterest.com/pin/914862421384604/,elastic powered water bottle racecar,,,,,,,,,
,cork boats,,https://www.etsy.com/uk/listing/744222912/craft-kits-diy-cork-boat-set-gifts-for?utm_medium=display_product&utm_source=pinterest&utm_campaign=UK_Pin_DABA_NB_TopListing_All_ROASBidding_NA&utm_content=Purch_Broad_TopListing-All_BAU&utm_custom2=626753720853&pp=0,,,,,,,
,pringle tube projector,,https://i.pinimg.com/736x/85/48/07/8548078f6e97cd935e9d546018735090.jpg,,,,,,,
,tissue box monster feet,,https://i.pinimg.com/736x/8d/fa/29/8dfa29e3b0993ea194038eb0b455215d.jpg,,,,,,,
,junk modelling jet pack/scuba tank,,https://i.pinimg.com/736x/2b/35/bf/2b35bfd87501670a33766b59019a5715.jpg,,,,,,,
,finger puppets,,https://i.pinimg.com/736x/aa/4c/1d/aa4c1d32820f6e6854289c68a767090b.jpg,,,,,,,
,talking pirates,,https://i.pinimg.com/736x/52/3f/04/523f0456eba27674c9bafa5b00830a96.jpg,,,,,,,
,pipe cleaner hand puppets,,https://i.pinimg.com/1200x/0d/68/6c/0d686c2bfa384964c3e10035582d4b96.jpg,,,,,,,
,pipe cleaner figures,,https://i.pinimg.com/736x/e1/24/8d/e1248d4b9e68085cd5505322a105993f.jpg,,,,,,,
https://frugalfun4boys.com/grow/ages-3-5/,frugal fun 4 boys and girls,resource with lots of activities,,,,,,,,
,bead snake,,https://i.pinimg.com/736x/09/e1/20/09e120c0a22d65024e65ec3e1d251530.jpg,,,,,,,
,stone game,try and find stones that look like other things,,,,,,,,
,cloud watching,,,,,,,,,
https://uk.pinterest.com/pin/703756188544024/,paper snake,,,,,,,,,
,paperchainsnake,,https://i.pinimg.com/736x/14/83/5d/14835da828eb05af43d50efa97a16324.jpg,,,,,,,
,paper rainbow,,https://onelittleproject.com/wp-content/uploads/2020/03/DSC_6017.jpg,,,,,,,
,pom pom launcher ,,https://onelittleproject.com/wp-content/uploads/2026/01/Snowman-Pom-Pom-Launcher.jpg,,,,,,,
,tiger fortune teller,,https://i.pinimg.com/736x/82/c8/1e/82c81e35b6f4f437f6a3ee5f865e080a.jpg,,,,,,,
,toilet roll tube fish,,https://i.pinimg.com/1200x/4e/8f/62/4e8f627b12d901b5ce22d0b617874ed1.jpg,,,,,,,
https://uk.pinterest.com/pin/1759287348632233/,papercup woodpecker,,,,,,,,,
https://uk.pinterest.com/pin/1829656094872795/,papercup carosal ,,,,,,,,,
https://uk.pinterest.com/pin/281543726076093/,paper cup acrobat,,,,,,,,,
https://uk.pinterest.com/pin/281543726076092/,balance bird,,,,,,,,,
https://uk.pinterest.com/pin/70437490491859/,jumping frog,,,,,,,,,
https://uk.pinterest.com/pin/1688918606596328/,tiny basketball toy,"this is for children to play with, I am not expecting them to be able to fold it themselves.",,,,,,,,
,guess who variations,"animals, story book characters, letters, numbers, dinosaurs",,,,,,,,
https://uk.pinterest.com/pin/9781324187174965/,horse puppet,,,,,,,,,
https://uk.pinterest.com/pin/422281211362344/,cardboard gymnast ,,,,,,,,,
https://uk.pinterest.com/pin/2674081025950880/,elastic windmill,"this is for children to play with, I am not expecting them to be able to make it themselves.",,,,,,,,
https://uk.pinterest.com/pin/1111615120501819394/,tortoise and hare racers,,,,,,,,,
https://uk.pinterest.com/pin/4503668373451226/,paper cup seasons,,,,,,,,,
https://uk.pinterest.com/pin/1125968712109363/,who's in the window,,,,could be used for storytelling when something happens in a certain order e.g. gruffalo characters,,,,,
https://uk.pinterest.com/pin/3729612269010977/,woodpecker absailor,,,,,,,,,
https://uk.pinterest.com/pin/635077984961470050/,tube climber,,,,,,,,,
https://uk.pinterest.com/pin/3237030977781322/,count and feed,,,,,,,,,
https://uk.pinterest.com/pin/1125968743324789/,totter dinos,,,,,,,,,
https://uk.pinterest.com/pin/1055599908344749/,3d shape pull,,,,,,,,,
https://uk.pinterest.com/pin/211174978117196/,running rollers,,,,,,,,,
https://uk.pinterest.com/pin/140806231328891/,flapping butterfly,,,,,,,,,
https://uk.pinterest.com/pin/211174978784422/,big beaks,,,,,,,,,
https://uk.pinterest.com/pin/3307399722173743/,paper cup shark snacker,,,,,,,,,
https://uk.pinterest.com/pin/733101645618740304/,spiderman poser,,,,,,,,,
https://uk.pinterest.com/pin/22729173116366529/,2 player paper basketball game,"this is for children to play with, I am not expecting them to be able to make it themselves.",,,,,,,,
https://uk.pinterest.com/pin/3518505954677777/,paper football game,"this is for children to play with, I am not expecting them to be able to make it themselves.",,,,,,,,
https://uk.pinterest.com/pin/70437490473040/,moving eyes,,,,,,,,,
https://uk.pinterest.com/pin/2181499813919178/,eat and excrete,,,,,,,,,
,cup and ball,,https://i.pinimg.com/736x/65/ea/1c/65ea1ca98410b675e77a0b5ed1b4b20e.jpg,,use a paper cup,,,,,
https://uk.pinterest.com/pin/19069998418663861/,web shooters,"this is for children to play with, I am not expecting them to be able to make it themselves.",,,,,,,,
https://uk.pinterest.com/pin/1900024839577740/,spring snakes,,,,,,,,,
https://uk.pinterest.com/pin/5559199537696901/,paper cup pedal bins,,,,,,,,,
https://uk.pinterest.com/pin/140806232734566/,paper dancers,,,,,,,,,
https://uk.pinterest.com/pin/749356825499024534/,fire breathing dragon,,,,,,,,,
https://uk.pinterest.com/pin/492649953919951/,bouncing bunnies,,,,,,,,,
,frog and fly,could use as cup and ball,https://i.pinimg.com/736x/18/21/54/1821542bba03ef94c445c46711c3f882.jpg,,,,,,,
,tiger puppet,,https://i.pinimg.com/1200x/57/13/11/57131104f2e7194158e626816bea5796.jpg,,,,,,,
,paper chain jellyfish,,https://i.pinimg.com/736x/b2/b7/5b/b2b75be9d21b14be20c06f769f0f4399.jpg,,,,,,,
,paper plate chickens,,https://i.pinimg.com/736x/8c/c0/2f/8cc02fe92e6d7916e8fc4806e6dac5fb.jpg,,,,,,,
,milking cows,,https://i.pinimg.com/736x/4e/f0/3d/4ef03df8c8b2e4e44c7f51cbd06e1c4f.jpg,,,,,,,
,body part placer,,https://i.ebayimg.com/images/g/uI0AAeSwIexpZ5d~/s-l1600.webp,,,,,,,
,egg box reef,,https://i.pinimg.com/1200x/0d/f9/a9/0df9a97963355e0bd97b5c41f1d71e82.jpg,,,,,,,
,shadow puppets,,https://i.pinimg.com/736x/2a/8c/98/2a8c98b46dd49b5250fbcf43ba375fa5.jpg,,,,,,,
,mini gardens,,https://i.pinimg.com/1200x/2d/bb/28/2dbb28ffea89b83b98ba14a23364a867.jpg,,,,,,,
https://uk.pinterest.com/pin/328410997848180856/,painting flowers,,,,,,,,,
,junk modelling instrument,,https://i.pinimg.com/736x/98/fc/d1/98fcd17c8277dc5b5c781bef1b90a967.jpg,,,,,,,
,egg box boat,,https://i.pinimg.com/736x/3d/42/c3/3d42c3be8aeeaf8b3bc497fd8ebceee4.jpg,,,,,,,
,egg box teddy bears,,https://i.pinimg.com/1200x/08/59/fe/0859fe9de04b317072bbe631719aeb65.jpg,,,,,,,
,egg box turtle,,https://i.pinimg.com/736x/a9/39/2c/a9392ca4ed87dc4d892fbd02b4546406.jpg,,,,,,,
,egg box seal,,https://i.pinimg.com/1200x/db/b6/e7/dbb6e78fd3ef99a1e1de12c0dc303bf2.jpg,,,,,,,
,egg box penguins,,https://i.pinimg.com/1200x/fe/54/61/fe5461149af527520bf450ebcbd05f50.jpg,,,,,,,
https://uk.pinterest.com/pin/563018699457749/,egg box bunny garden,,,,,,,,,
,egg box toadstools,,https://i.pinimg.com/736x/c0/68/fa/c068facc5b72fb09223ee0384f4c3d55.jpg,,,,,,,
,egg box whale,,https://i.pinimg.com/736x/9c/df/3b/9cdf3bb63f5c18165f0b6ea21c79a9e7.jpg,,,,,,,
,egg box crocodile,,https://i.pinimg.com/1200x/b8/33/05/b83305ee9441ced55be064308da815ec.jpg,,,,,,,
,egg box jellyfish,,https://i.pinimg.com/736x/e4/db/e8/e4dbe89e9a2c26e329270a60d0fb606f.jpg,,,,,,,
,lego marble maze,,https://i.pinimg.com/736x/d9/fc/6f/d9fc6f10fcc0aac2781c8f8f87d69749.jpg,,,,,,,
,cardboard marble maze,,https://i.pinimg.com/736x/63/57/06/63570683db4f00f448d855fda237e554.jpg,,,,,,,
,dino balloons,,https://i.pinimg.com/736x/bf/c6/be/bfc6be59034e9d1eb9c51eadeb8f2782.jpg,,,,,,,
,paper plate seagulls,,https://i.pinimg.com/1200x/da/f6/ec/daf6ecaeb6cd96f10a33a9d4706ce797.jpg,,,,,,,
,peg sloths,,https://i.pinimg.com/736x/f8/01/0b/f8010b427690a7ec02b57ac71de25d8a.jpg,,,,,,,
,communicative art,,https://i.pinimg.com/736x/cb/d3/38/cbd338fd365cbb9cf29fff6fd131bb23.jpg,,,,,,,
,campfire,,https://i.pinimg.com/736x/86/fd/48/86fd48ec484bda37b4275524f63bad27.jpg,,,,,,,
https://uk.pinterest.com/pin/703756188540660/,ride in caterpillar tracks,,,,,,,,,
https://uk.pinterest.com/pin/1003599098190173538/,shadow frogs,,,,,,,,,
https://uk.pinterest.com/pin/844493672644887/,guess the object,,,,,,,,,
,drawing shadows,,https://i.pinimg.com/736x/31/5f/6d/315f6d168514d7b46082c4bb743f20b5.jpg,,,,,,,
,drip painting hair,,https://i.pinimg.com/1200x/05/98/79/059879618ec441b0119b0920c9e0f3e7.jpg,,,,,,,
https://i.pinimg.com/736x/8a/d7/42/8ad742d094ce89f9b9f3e7b23622b3c0.jpg,musical poses,,,,,,,,,
,roots and shoots,,https://i.pinimg.com/736x/e0/47/92/e04792098c84d09e698ccefb683da1e1.jpg,,,,,,,
https://uk.pinterest.com/pin/68749165528/,leaf printing butterflies,,,,,,,,,
,mini golf,,https://i.pinimg.com/736x/fe/f1/e6/fef1e6cf46fcbaa5c32ed4058d075150.jpg,,,,,,,
https://uk.pinterest.com/pin/563018699436795/,bridge balance,,,,,,,,,
https://uk.pinterest.com/pin/422281211314965/,bridge building,,,,,,,,,
https://uk.pinterest.com/pin/2322237296850211/,laser maze,,,,,,,,,
,nature bracelets,,https://i.pinimg.com/736x/65/3d/5f/653d5f1ee4f4e20455f35c36fc9fe5fd.jpg,,,,,,,
,featureswap,,https://i.pinimg.com/736x/90/49/b0/9049b0ba28930a5995babd5fc84e187f.jpg,,,,,,,
,cd case tracing,,https://i.pinimg.com/1200x/ce/d3/2e/ced32e151989df9ec24305c6e58bceb8.jpg,,,,,,,
https://uk.pinterest.com/pin/2955556002352118/,butterfly spinner,,,,,,,,,
,papercraft hair,,https://i.pinimg.com/736x/c8/3d/23/c83d23528cd0cd168e2a05390362ab2f.jpg,,,,,,,
,paperplate astronaut helmets,,https://i.pinimg.com/736x/39/62/9b/39629bacac5d15881cfa5c54754ea436.jpg,,,,,,,
,face trace,,https://i.pinimg.com/736x/53/a1/5b/53a15b28ebff0c492885d3c0bc7514f1.jpg,,,,,,,
,mirror trace,,https://i.pinimg.com/1200x/d3/6e/97/d36e97184bb6fd4d47d734fef64cadbf.jpg,,,,,,,
,face jumble,,https://i.pinimg.com/1200x/a9/26/56/a926562f89af104da5cda39c58ba0392.jpg,,,,,,,
,foil shadows,,https://i.pinimg.com/736x/2c/cf/ff/2ccfff1a98011f64422126bc5129e830.jpg,,,,,,,
,cardboard construction,,https://i.pinimg.com/1200x/57/ee/17/57ee173f0aaf3c6b785a77501b949a89.jpg,,,,,,,
,string art,,https://i.pinimg.com/1200x/c6/66/63/c666630b9d604cc7188cbef58cf7fb7f.jpg,,,,,,,
,team drawing,,https://i.pinimg.com/736x/77/bf/14/77bf14d7ffa6bda256e589e72440861f.jpg,,,,,,,
,drop the spider,,https://i.pinimg.com/736x/b8/2f/89/b82f89feffea532969d16d77e8d74ac7.jpg,,,,,,,
,fly catch,,https://i.pinimg.com/736x/b7/78/34/b77834cafe2d8dbca7692c188478ced1.jpg,,,,,,"one child makes the web within a certain amount of time or with a certain amount of tape, the other child gets a certain amount of something representing flies and they have to be able to throw from one point and make it past the web (does not need to be in a hoop)",
,team cup grab,,https://i.pinimg.com/736x/b7/78/b6/b778b6d7acadd35740ed726916d88b81.jpg,,,,,,,
,tin foil boats,,https://i.pinimg.com/736x/cf/00/9c/cf009c4fb3d9263f6a115802bb4139ab.jpg,,,,,,,
,boat making challange/experiment,,https://i.pinimg.com/736x/3f/7a/e5/3f7ae5411c4b0d2e7e0f249005dff7d6.jpg,,,,,,,
,combining tracing with backgrounds using slippery fish,,https://i.pinimg.com/736x/4a/40/6e/4a406e0c6ec760dfa97efe455a26382c.jpg,,,,,,,
,my shadow art,,https://i.pinimg.com/736x/a9/61/20/a961202b579c20de8f9a5875a04f5a1c.jpg,,,,,,,
https://uk.pinterest.com/pin/53761789299005812/,mini well,,,,,,,,,
,chopstick/tweezer fishing,,https://i.pinimg.com/736x/21/cc/61/21cc61cf52efffe2eae7caf196386f32.jpg,,,,,,,
,wave picture,,https://i.pinimg.com/1200x/94/a8/62/94a862288f074527107715283bd98e38.jpg,,make waves more pointy so it can be folded like a card,,,,,
,fruit printing,,https://i.pinimg.com/736x/d7/d0/ef/d7d0ef66cd9b5c618eca5a9f746b774c.jpg,,,,,,,
,face prints,,https://i.pinimg.com/736x/ee/b8/eb/eeb8eb7df5a384c992d093fd1098aeeb.jpg,,,,,,,
https://uk.pinterest.com/pin/844493676247509/,hologram box,,,,,,,,,
,cardboard weaving frame,,https://i.pinimg.com/736x/d4/c1/f6/d4c1f6e715b70bf9b1237242799ef143.jpg,,,,,,,
,paper weaving,,https://i.pinimg.com/1200x/7c/4b/4b/7c4b4b57522eb28931e12f21920f4d81.jpg,,,,,,,
,flying butterfly for cards,,,,,,,,,
https://uk.pinterest.com/pin/16466354874632479/,paper cup mood indicator,,,,,,,,,
,lion mane paper craft,,https://i.pinimg.com/1200x/f7/d3/ba/f7d3ba7e03079513d50d1cadb451cf9d.jpg,,,,,,,
, construction lolly sticks,,https://i.pinimg.com/736x/d1/a6/a2/d1a6a2cede73c8c2ec1bae2ee3a91f58.jpg,,"try different types of fasteners e.g. poppers, magnets",,,,,
https://uk.pinterest.com/pin/2181499817106693/,balloon squahers,,,,,,,,,
https://uk.pinterest.com/pin/68747479328/,drawing dice,,,,,,,,,
,monster maker,,https://i.pinimg.com/736x/8b/aa/6b/8baa6b4db61caece8ac5aa67e86bd7ec.jpg,,"lots of variation on pinterest e.g. robots, cats",,,,,
,lolly stick colour match dominos ,,https://i.pinimg.com/736x/e1/e4/7e/e1e47e2e0d840743ecc66e646e426584.jpg,,,,,,,
,cd rainbows,,https://i.pinimg.com/736x/66/1a/f9/661af94e2ee9881c00f96c6ac6ea0e94.jpg,,,,,,,
,paper dolls for shelves or swings,,https://i.pinimg.com/736x/f5/e9/02/f5e90289c092834b6b1f34a8256bbb1b.jpg,,,,,,,
,draw your own articulated figurines,,https://i.pinimg.com/1200x/0a/bf/0c/0abf0cc1f2c02c6fa3e15bc6fcb01f3f.jpg,,,,,,,
,hairdressers,,https://i.pinimg.com/736x/24/99/ac/2499ac608fe1008485f0ee5cda0510e1.jpg,,,,,,,
,sponge sailboats,,https://i.pinimg.com/736x/2f/34/35/2f34354f42b02b0628661374a4667df2.jpg,,,,,,,
,colour smashing under clingfilm,,https://i.pinimg.com/736x/11/16/80/1116805dd08dcfb95b08f48d72a8dd2b.jpg,,,,,,,
,lollystick angelfish,,https://i.pinimg.com/736x/70/cd/2f/70cd2ffc35fb072a310dba4dc737585a.jpg,,,,,,,
,transportation fingerprint art,,https://i.pinimg.com/736x/a5/b7/19/a5b719e78bff80b3f0de57c7dc1d8aab.jpg,,,,,,,
,under the sea fingerprint art,,https://i.pinimg.com/736x/53/c6/61/53c66180d96df0b6c8d98749bd8c7ff5.jpg,,,,,,,
,animals fingerprint art,,https://i.pinimg.com/736x/42/7e/67/427e6786a0bdd4dcca9ae4391ced5b2e.jpg,,,,,,,
,fingerprint birds on a line,,https://i.pinimg.com/1200x/a0/c9/14/a0c914e4bb813222e99813e504d24e44.jpg,,,,,,,
,reverse colouring book,,,,,,,,,
,lollystick ladders,,https://i.pinimg.com/736x/25/b5/64/25b564d33dc135d141f4197b77523f81.jpg,,,,,,,
,peg animals,,https://i.pinimg.com/736x/05/16/8c/05168ca5da72b31b990c21934ae2bc3d.jpg,,,,,,,
,peg grasshopper,,https://i.pinimg.com/736x/ba/31/b9/ba31b9ca6889d45091a2bb05cf3beb2d.jpg,,,,,,,
,binoculars ,,https://i.pinimg.com/736x/c3/45/51/c345511a2470ae6d1261791bb55ea56b.jpg,,just roll paper if you don't have tubes  or make a telescope,,,,,
https://uk.pinterest.com/pin/703756188671036/,guess the footprint,,,,,,,,,
,animal pattern match,,https://i.pinimg.com/1200x/a8/12/f5/a812f5d5f5f534ca7322058925d427b9.jpg,,,,,,,
,salt dough,,https://i.pinimg.com/1200x/12/70/7d/12707d25b6e6e22b97086e544de265ef.jpg,,,,,,,
https://uk.pinterest.com/pin/9781324187174965/,split pin horse puppets,,,,,,,,,
,tantrix,a game where you use these hexagonial tiles to try to make the longest loop or line of your chosen colour,https://www.tantrix.com/images/TileIndex2021.png,,,,,,,
https://www.wildlifetrusts.org/wildlife/how-identify,ID guides,wildlife trust species identification guides,,,,,,,,
https://sussexwildlifetrust.org.uk/whats-on,sussex wildlife trust events,,,,,,,,,
https://www.wildlifetrusts.org/actions,ways to help wildlife at home,,,,,,,,,
,sussex nature reserve checklist,,https://images.sussexwildlifetrust.org.uk/swtreservesmapticklist1920x1080.png,,,,,,,
,spring flower scavenger hunt,,https://www.wildlifewatch.org.uk/sites/default/files/2022-02/Spring%20flowers.jpg,,,,,,,
,spring nature scavenger hunt,,https://www.wildlifewatch.org.uk/sites/default/files/2022-03/Nature%20treasure%20hunt.jpg,,,,,,,
,spring woodland wildlife scavenger hunt,,https://www.wildlifewatch.org.uk/sites/default/files/2022-03/Woodland%20wildlife%20%28spring%29.jpg,,,,,,,
,making compost,,https://www.wildlifewatch.org.uk/sites/default/files/styles/scaled_8_col_desk/public/2021-01/compost%20large.jpg.webp?itok=C7MHcuRz,,,,,,,
https://www.wildlifewatch.org.uk/things-do,wildlife watch things to do,,,,,,,,,
,elastic helicopter,,,,,,,,,
,shadow box,,,,,,,,,
,bouncing bubbles,"bubbles that will bounce off fabric etc. but pop on bare skin, put your sleeve over your hand or wear gloves",,,,,"water, sugar, dish soap, something to blow bubbles with ",,,
,jumping spider,,,,,,,,,
https://uk.pinterest.com/pin/110690103333024309/,wobblepeeps,,,,,,,,,
https://uk.pinterest.com/pin/3166662230241286/,cartwheelers,,,,,,,,,
https://uk.pinterest.com/pin/985231165285760/,floppy fish,,,,,,,,,
https://www.youtube.com/shorts/KsOPmmM6NUI?feature=share,paper fidgit toy,,https://encrypted-tbn2.gstatic.com/images?q=tbn:ANd9GcT5xywPySE34opy1hfxvfE5RnH6lWhrzrh5TwqQI_a--Zelf0oe,,,,,,,
https://uk.pinterest.com/pin/2814818511892063/,inching caterpillar,,,,,,,,,
https://in.pinterest.com/pin/649292471318864594/,wiggling caterpillar,,,,,,,,,
https://pt.pinterest.com/pin/351912467077911/,racing worms,,,,,,,,,
https://uk.pinterest.com/pin/557250153912831603/,magic torch picture,If you want this to look good you'll want to use dark pens,,,,,,,,
https://uk.pinterest.com/pin/522347256802646241/,2 ingredient fake snow,,,,,,,,,
https://uk.pinterest.com/pin/140806234386619/,ice tower,"WARNING: DO NOT TOUCH THE ICE AS IT IS REACTING WITH THE SALT, IT WILL BURN YOU. DO NOT LEAVE CHILD ALONE WITH SALT AND ICE.",,,,,,,,
,fishing for ice cubes,"WARNING: DO NOT TOUCH THE ICE AS IT IS REACTING WITH THE SALT, IT WILL BURN YOU. DO NOT LEAVE CHILD ALONE WITH SALT AND ICE.",https://i.pinimg.com/736x/fd/2f/3c/fd2f3cea9981bbdb5891439541b1df4d.jpg,,,,,,,
https://uk.pinterest.com/pin/1548181186512342/,2 ingredient cloud dough,,,,,,,,,
https://uk.pinterest.com/pin/1196337403460155/,easy diy puffy/squishy paint,,,,,,,,,
https://uk.pinterest.com/pin/530298924897181389/,frog handwriting helper,,,,,,,,,
https://uk.pinterest.com/pin/281543726578408/,tennis ball monster ,,,,,,,,,
,what can i control?,,https://m.media-amazon.com/images/I/81Y0IN3z+qL._AC_SL1500_.jpg,,,,,,,
https://uk.pinterest.com/pin/4433299629916238/,help holding scissors,,,,,,,,,
https://uk.pinterest.com/pin/281543725737418/,pre-scissor activities,,,,,,,,,
https://uk.pinterest.com/pin/1618549864858547/,haircutting game,,,,,,,,,
https://uk.pinterest.com/pin/703756188339842/,nature busy book,,,,,,,,,
https://uk.pinterest.com/pin/2181499815572687/,dino excavation,,,,,,,,,
https://uk.pinterest.com/pin/68748531587/,mini dino dig,,,,,,,,,
https://uk.pinterest.com/pin/21462535722293930/,salt dough dino fossils,,,,,,,,,
https://uk.pinterest.com/pin/2674081025716502/,buckwheat animal search,,,,,,,,,
https://uk.pinterest.com/pin/324470348187825397/,leaf shadows,,,,,,,,,
,string paths,,https://i.pinimg.com/1200x/cb/8e/9b/cb8e9b701cd0ba83195f3069df6ed50e.jpg,,,,,,,
https://uk.pinterest.com/pin/703756187876486/,DIY googly eyes,,,,,,,,,
,DIY chalk paint,,,,,,,,"go to beach, find chalk, smash with rocks, mix with water",
https://uk.pinterest.com/pin/2603712282454385/,junk modelling aim game,,,,,,,,,
https://uk.pinterest.com/pin/374009944080348332/,animal rescue ,,,,,,,,,
https://uk.pinterest.com/pin/3870349675188857/,texture book,,,,,,,,,
https://uk.pinterest.com/pin/2603712282208705/,beach busy book,,,,,,,,,
https://uk.pinterest.com/pin/3096293490981185/,scissor skills,,,,,,,,,
https://uk.pinterest.com/pin/68749443578/,pen push,,,,,,,,,
https://uk.pinterest.com/pin/2885187257640194/,connect the dots rocket,,,,,,,,,
https://uk.pinterest.com/pin/2111131073167436/,rocket trails,,,,,,,,,
,salt volcano,,https://savorysplash.com/wp-content/uploads/2025/06/WhatsApp-Image-2025-06-09-a-09.26.16_103ea61d.jpg,,,,,,,
,car pens,,https://i.pinimg.com/1200x/e1/02/23/e10223ad5a1a582160ac3f4a4d370958.jpg,,,,,,,
https://uk.pinterest.com/pin/844493675944181/,pencil grip bracelet,,,,,,,,,
https://uk.pinterest.com/pin/4151824652878247/,handwriting warmup,,,,,,,,,
https://uk.pinterest.com/pin/563018699218475/,ball pass,,,,,,,,,
https://uk.pinterest.com/pin/68749385905/,quiet game,,,,,,,,,
,pie recipes,,https://uk.pinterest.com/pin/75857574971044864/,,,,,,,
https://uk.pinterest.com/pin/140806234386624/,cup launcher,,,,,,,,,
https://uk.pinterest.com/pin/563018698983307/,light sabres,I would like to say that I am not encouraging anyone to hit anything with these. They are purely about the sensory input from the lights.,,,,,,,,
https://uk.pinterest.com/pin/563018699229582/,dancing game,,,,,,,,,
,dino headdress ,,https://i.pinimg.com/736x/41/9f/61/419f61ec8d4bb022689f16837904ed2e.jpg,,,,,,,
,lolly stick circle game,,https://i.pinimg.com/1200x/58/51/f7/5851f72c54ca82bd8c238ca163301f34.jpg,,,,,,,
https://uk.pinterest.com/pin/844493675486483/,construction foam,,,,,,,,,
,sand mousse,,https://i.pinimg.com/736x/0a/7e/b9/0a7eb9e94ec335e0db59e9081d5ece16.jpg,,,,,,,
,kinetic sand,,https://i.pinimg.com/1200x/79/d7/07/79d707a682d8b7175dcaf05ce03d5d13.jpg,,,,,,,
,moon sand,,https://i.pinimg.com/1200x/e9/ea/cd/e9eacd0481301a6fbdb854d2616e1abd.jpg,,,,,,,
,bug search,,https://i.pinimg.com/736x/e8/c0/fb/e8c0fb342584a96678f8a9b7652b746d.jpg,,,,,,,
https://uk.pinterest.com/pin/AYYN6F7T0NiALJLGr7i-0-5cHafzPhTc4z_xIoc_0qvOgwTx1RZHLEBefzS9tkRqhPvyUxpH_pZdQXdEVVJULB0/,2 ingredient putty,,,,,,,,,
,cookie counting,,https://i.pinimg.com/1200x/9e/2f/65/9e2f653ce96207adbda9a0030dc9f7c0.jpg,,,,,,,
,stereoscopy,download the 3d steriod app to take 3d images to explore with your child,,,,,,,,
,bioplastic suncatchers,,https://i.pinimg.com/1200x/97/f7/be/97f7be4666367f92e1bcf87eaf6c5532.jpg,,,,,,,
,flubber,,https://i.pinimg.com/1200x/8c/3a/66/8c3a663043ea4dca0c1171e2607d35cc.jpg,,,,,,,
,dino eggs,,https://i.pinimg.com/736x/d1/47/e9/d147e9787735b5e0f99d93f86dea8a54.jpg,,,,,,,
,invisible ink,REMEMBER: TUMERIC STAINS VERY EASILY,https://i.pinimg.com/736x/d1/47/e9/d147e9787735b5e0f99d93f86dea8a54.jpg,,,,,,,
,disappearing picture,,https://i.pinimg.com/1200x/56/a3/19/56a319f418115754471fd80413c899ca.jpg,,,,,,,
https://uk.pinterest.com/pin/258675572343078272/,coloured water bubbles,,,,,,,,,
,walk the plank,,https://i.pinimg.com/736x/c0/cf/c8/c0cfc8ad1dbd0e1cc4566adbaccb1fc6.jpg,,,,,,,
https://uk.pinterest.com/pin/140806233838434/,reel in the fish,,https://i.pinimg.com/736x/55/c0/3e/55c03e318dbb83a756c50dae98ec72e5.jpg,,,,,,,
https://uk.pinterest.com/pin/4996249583411629/,indoor woggle obstacle course,,,,,,,,,
,dino race spelling,,https://i.pinimg.com/1200x/80/e9/92/80e992d92d21ffafc174a519799e1ec7.jpg,,,,,,,
,roll to join the dots,,https://i.pinimg.com/1200x/cd/a3/b3/cda3b35de4aa7c5217f1e59532c3a45a.jpg,,,,,,,
https://uk.pinterest.com/pin/1266706139561351/,letter search,,,,,,,,,
https://uk.pinterest.com/pin/82683343156020662/,finger strenghtening with play dough,,,,,,,,,
https://uk.pinterest.com/pin/281543725882300/,paper crumple for hand strength ,,,,,,,,,
https://uk.pinterest.com/pin/140806232592239/,picking beads out of playdough,,,,,,,,,
,dino footprints,,https://media.australian.museum/media/dd/images/Some_image.width-1600.0ca22c6.jpg,,,,,,,
https://birthto5matters.org.uk/wp-content/uploads/2021/03/schemas.pdf,learn about schemas (for parents),observe your children and see what you can do to encourage whatever schemas they are displaying,,,,,,,,
https://theimaginationtree.com/preschool-math-activity-shape-blocks-picture-matching-cards/,constructing 3d models based on pictures,,,,,,,,,
https://activeforlife.com/create-diy-indoor-play-space/?utm_source=Newsletter+English&utm_campaign=a3c4ba32c5-EMAIL_CAMPAIGN_2020_11_13&utm_medium=email&utm_term=0_f5bcbf5d48-a3c4ba32c5-353118205,ideas for active physical play indoors, ,,,,,,,,
https://www.youthsporttrust.org/media/qstbtv2i/000270_hm_activity_cards_final.pdf,ideas for active physical play ,,,,,,,,,
https://www.youtube.com/shorts/BBOHOApWVa4,simple breathing exercise with cat animation,,,,,,,,,
https://www.bbc.co.uk/bitesize/subjects/zxnygk7,learn about different religions,,,,,,,,,
,phonetic i spy,,,,,,,,,
,bubble snakes,,,,,,,,,
,tape colour match,,https://raw.githubusercontent.com/boobalootoo/things/refs/heads/main/EYed/picsforacs/tapecolourmatch.png,,,,,,,
,teariffic art,,https://raw.githubusercontent.com/boobalootoo/things/refs/heads/main/EYed/picsforacs/tearifficart.png,,,,,,,
,toolbox shapes,,https://raw.githubusercontent.com/boobalootoo/things/refs/heads/main/EYed/picsforacs/toolboxshapes.png,,,,,,,
,unbolted,,https://raw.githubusercontent.com/boobalootoo/things/refs/heads/main/EYed/picsforacs/unbolted.png,,,,,,,
,unnamed (82),,https://raw.githubusercontent.com/boobalootoo/things/refs/heads/main/EYed/picsforacs/unnamed%20(82).png,,,,,,,
,untangle,,https://raw.githubusercontent.com/boobalootoo/things/refs/heads/main/EYed/picsforacs/untangle.png,,,,,,,
,vehicle place,,https://raw.githubusercontent.com/boobalootoo/things/refs/heads/main/EYed/picsforacs/vehicleplace.png,,,,,,,
,very hungry caterpillar count and thread,,https://raw.githubusercontent.com/boobalootoo/things/refs/heads/main/EYed/picsforacs/veryhungrycaterpillarcountandthread.png,,,,,,,
,washingline,,https://raw.githubusercontent.com/boobalootoo/things/refs/heads/main/EYed/picsforacs/washingline.png,,,,,,,
,waterfilter,,https://raw.githubusercontent.com/boobalootoo/things/refs/heads/main/EYed/picsforacs/waterfilter.png,,,,,,,
,watermelon counting,,https://raw.githubusercontent.com/boobalootoo/things/refs/heads/main/EYed/picsforacs/watermeloncounting.png,,,,,,,
,windowsticks,,https://raw.githubusercontent.com/boobalootoo/things/refs/heads/main/EYed/picsforacs/windowsticks.png,,,,,,,
,legoandpaper,,https://raw.githubusercontent.com/boobalootoo/things/refs/heads/main/EYed/picsforacs/legoandpaper.jpg,,,,,,,
,makingpicturesbycuttingouttextures,,https://raw.githubusercontent.com/boobalootoo/things/refs/heads/main/EYed/picsforacs/makingpicturesbycuttingouttextures.png,,,,,,,
,balancetree,,https://raw.githubusercontent.com/boobalootoo/things/refs/heads/main/EYed/picsforacs/balancetree.png,,,,,,,
,balloonkicking,,https://raw.githubusercontent.com/boobalootoo/things/refs/heads/main/EYed/picsforacs/balloonkicking.png,,,,,,,
,bearrescue,,https://raw.githubusercontent.com/boobalootoo/things/refs/heads/main/EYed/picsforacs/bearrescue.png,,,,,,,
,bouncingsnake,,https://raw.githubusercontent.com/boobalootoo/things/refs/heads/main/EYed/picsforacs/bouncingsnake.png,,,,,,,
,braidingboard,,https://raw.githubusercontent.com/boobalootoo/things/refs/heads/main/EYed/picsforacs/braidingboard.png,,,,,,,
,brushyourteeth,,https://raw.githubusercontent.com/boobalootoo/things/refs/heads/main/EYed/picsforacs/brushyourteeth.png,,,,,,,
,buttoncaterpillar,,https://raw.githubusercontent.com/boobalootoo/things/refs/heads/main/EYed/picsforacs/buttoncaterpillar.png,,,,,,,
,buttoncolours,,https://raw.githubusercontent.com/boobalootoo/things/refs/heads/main/EYed/picsforacs/buttoncolours.png,,,,,,,
,buttondraw,,https://raw.githubusercontent.com/boobalootoo/things/refs/heads/main/EYed/picsforacs/buttondraw.png,,,,,,,
,buttonpaperchain,,https://raw.githubusercontent.com/boobalootoo/things/refs/heads/main/EYed/picsforacs/buttonpaperchain.png,,,,,,,
,buttonthreading,,https://raw.githubusercontent.com/boobalootoo/things/refs/heads/main/EYed/picsforacs/buttonthreading.png,,,,,,,
,carcolourtrace,,https://raw.githubusercontent.com/boobalootoo/things/refs/heads/main/EYed/picsforacs/carcolourtrace.png,,,,,,,
,carparknumbermatch,,https://raw.githubusercontent.com/boobalootoo/things/refs/heads/main/EYed/picsforacs/carparknumbermatch.png,,,,,,,
,caterpillarcounting,,https://raw.githubusercontent.com/boobalootoo/things/refs/heads/main/EYed/picsforacs/caterpillarcounting.png,,,,,,,
,catogorising,,https://raw.githubusercontent.com/boobalootoo/things/refs/heads/main/EYed/picsforacs/catogorising.png,,,,,,,
,catogorising2,,https://raw.githubusercontent.com/boobalootoo/things/refs/heads/main/EYed/picsforacs/catogorising2.png,,,,,,,
,catogorising3,,https://raw.githubusercontent.com/boobalootoo/things/refs/heads/main/EYed/picsforacs/catogorising3.png,,,,,,,
,catogorising4,,https://raw.githubusercontent.com/boobalootoo/things/refs/heads/main/EYed/picsforacs/catogorising4.png,,,,,,,
,catogorising5,,https://raw.githubusercontent.com/boobalootoo/things/refs/heads/main/EYed/picsforacs/catogorising5.png,,,,,,,
,catogorising6,,https://raw.githubusercontent.com/boobalootoo/things/refs/heads/main/EYed/picsforacs/catogorising6.png,,,,,,,
,chainpattern,,https://raw.githubusercontent.com/boobalootoo/things/refs/heads/main/EYed/picsforacs/chainpattern.png,,,,,,,
,citystack,,https://raw.githubusercontent.com/boobalootoo/things/refs/heads/main/EYed/picsforacs/citystack.png,,,,,,,
,clipboarddisplay,,https://raw.githubusercontent.com/boobalootoo/things/refs/heads/main/EYed/picsforacs/clipboarddisplay.png,,,,,,,
,colourfeeders,,https://raw.githubusercontent.com/boobalootoo/things/refs/heads/main/EYed/picsforacs/colourfeeders.png,,,,,,,
,coloursampleart,,https://raw.githubusercontent.com/boobalootoo/things/refs/heads/main/EYed/picsforacs/coloursampleart.png,,,,,,,
,colourwalk,,https://raw.githubusercontent.com/boobalootoo/things/refs/heads/main/EYed/picsforacs/colourwalk.png,,,,,,,
,countingpegs,,https://raw.githubusercontent.com/boobalootoo/things/refs/heads/main/EYed/picsforacs/countingpegs.png,,,,,,,
,customdice,,https://raw.githubusercontent.com/boobalootoo/things/refs/heads/main/EYed/picsforacs/customdice.png,,,,,,,
,daisybloom,,https://raw.githubusercontent.com/boobalootoo/things/refs/heads/main/EYed/picsforacs/daisybloom.png,,,,,,,
,dinobones,,https://raw.githubusercontent.com/boobalootoo/things/refs/heads/main/EYed/picsforacs/dinobones.png,,,,,,,
,dinomaze,,https://raw.githubusercontent.com/boobalootoo/things/refs/heads/main/EYed/picsforacs/dinomaze.png,,,,,,,
,dinopatternblocks,,https://raw.githubusercontent.com/boobalootoo/things/refs/heads/main/EYed/picsforacs/dinopatternblocks.png,,,,,,,
,dinostretching,,https://raw.githubusercontent.com/boobalootoo/things/refs/heads/main/EYed/picsforacs/dinostretching.png,,,,,,,
,doctortweezer,,https://raw.githubusercontent.com/boobalootoo/things/refs/heads/main/EYed/picsforacs/doctortweezer.png,,,,,,,
,dropletsorting,,https://raw.githubusercontent.com/boobalootoo/things/refs/heads/main/EYed/picsforacs/dropletsorting.png,,,,,,,
,egghatch,,https://raw.githubusercontent.com/boobalootoo/things/refs/heads/main/EYed/picsforacs/egghatch.png,,,,,,,
,elephantpour,,https://raw.githubusercontent.com/boobalootoo/things/refs/heads/main/EYed/picsforacs/elephantpour.png,,,,,,,
,exercisetoss,,https://raw.githubusercontent.com/boobalootoo/things/refs/heads/main/EYed/picsforacs/exercisetoss.png,,,,,,,
,feedseagull,,https://raw.githubusercontent.com/boobalootoo/things/refs/heads/main/EYed/picsforacs/feedseagull.png,,,,,,,
,feedthefrog,,https://raw.githubusercontent.com/boobalootoo/things/refs/heads/main/EYed/picsforacs/feedthefrog.png,,,,,,,
,find me,,https://raw.githubusercontent.com/boobalootoo/things/refs/heads/main/EYed/picsforacs/find%20me.png,,,,,,,
,findcars,,https://raw.githubusercontent.com/boobalootoo/things/refs/heads/main/EYed/picsforacs/findcars.png,,,,,,,
,finishpic,,https://raw.githubusercontent.com/boobalootoo/things/refs/heads/main/EYed/picsforacs/finishpic.png,,,,,,,
,floating ghost,,https://raw.githubusercontent.com/boobalootoo/things/refs/heads/main/EYed/picsforacs/floating%20ghost.png,,,,,,,
,foamwindowdots,,https://raw.githubusercontent.com/boobalootoo/things/refs/heads/main/EYed/picsforacs/foamwindowdots.png,,,,,,,
,fruitpuzzle,,https://raw.githubusercontent.com/boobalootoo/things/refs/heads/main/EYed/picsforacs/fruitpuzzle.png,,,,,,,
,geishagame,,https://raw.githubusercontent.com/boobalootoo/things/refs/heads/main/EYed/picsforacs/geishagame.jpg,,,,,,,
,germvisaulisation,,https://raw.githubusercontent.com/boobalootoo/things/refs/heads/main/EYed/picsforacs/germvisaulisation.png,,,,,,,
,habitatmatch,,https://raw.githubusercontent.com/boobalootoo/things/refs/heads/main/EYed/picsforacs/habitatmatch.png,,,,,,,
,habitats,,https://raw.githubusercontent.com/boobalootoo/things/refs/heads/main/EYed/picsforacs/habitats.png,,,,,,,
,handcopy,,https://raw.githubusercontent.com/boobalootoo/things/refs/heads/main/EYed/picsforacs/handcopy.png,,,,,,,
,jarcolourmatch,,https://raw.githubusercontent.com/boobalootoo/things/refs/heads/main/EYed/picsforacs/jarcolourmatch.png,,,,,,,
,jobmatch,,https://raw.githubusercontent.com/boobalootoo/things/refs/heads/main/EYed/picsforacs/jobmatch.png,,,,,,,
,leafart,,https://raw.githubusercontent.com/boobalootoo/things/refs/heads/main/EYed/picsforacs/leafart.png,,,,,,,
,leafcounting,,https://raw.githubusercontent.com/boobalootoo/things/refs/heads/main/EYed/picsforacs/leafcounting.png,,,,,,,
,leafpatterns,,https://raw.githubusercontent.com/boobalootoo/things/refs/heads/main/EYed/picsforacs/leafpatterns.png,,,,,,,
,letterdice,,https://raw.githubusercontent.com/boobalootoo/things/refs/heads/main/EYed/picsforacs/letterdice.png,,,,,,,
,letterdraw,,https://raw.githubusercontent.com/boobalootoo/things/refs/heads/main/EYed/picsforacs/letterdraw.png,,,,,,,
,letterpegs,,https://raw.githubusercontent.com/boobalootoo/things/refs/heads/main/EYed/picsforacs/letterpegs.png,,,,,,,
,lollystickpics,,https://raw.githubusercontent.com/boobalootoo/things/refs/heads/main/EYed/picsforacs/lollystickpics.png,,,,,,,
,lombardomethod,,https://raw.githubusercontent.com/boobalootoo/things/refs/heads/main/EYed/picsforacs/lombardomethod.jpg,,,,,,,
,magnatilesnumberformation,,https://raw.githubusercontent.com/boobalootoo/things/refs/heads/main/EYed/picsforacs/magnatilesnumberformation.png,,,,,,,
,memoriseandcopy,,https://raw.githubusercontent.com/boobalootoo/things/refs/heads/main/EYed/picsforacs/memoriseandcopy.png,,,,,,,
,movingtv,,https://raw.githubusercontent.com/boobalootoo/things/refs/heads/main/EYed/picsforacs/movingtv.png,,,,,,,
,netfishing,,https://raw.githubusercontent.com/boobalootoo/things/refs/heads/main/EYed/picsforacs/netfishing.png,,,,,,,
,nocturnalanimals,,https://raw.githubusercontent.com/boobalootoo/things/refs/heads/main/EYed/picsforacs/nocturnalanimals.png,,,,,,,
,organmap,,https://raw.githubusercontent.com/boobalootoo/things/refs/heads/main/EYed/picsforacs/organmap.png,,,,,,,
,paintsmear,,https://raw.githubusercontent.com/boobalootoo/things/refs/heads/main/EYed/picsforacs/paintsmear.png,,,,,,,
,paperchainskeleton,,https://raw.githubusercontent.com/boobalootoo/things/refs/heads/main/EYed/picsforacs/paperchainskeleton.png,,,,,,,
,paperdrop,,https://raw.githubusercontent.com/boobalootoo/things/refs/heads/main/EYed/picsforacs/paperdrop.png,,,,,,,
,pentracing,,https://raw.githubusercontent.com/boobalootoo/things/refs/heads/main/EYed/picsforacs/pentracing.png,,,,,,,
,picasso,,https://raw.githubusercontent.com/boobalootoo/things/refs/heads/main/EYed/picsforacs/picasso.png,,,,,,,
,picture match,,https://raw.githubusercontent.com/boobalootoo/things/refs/heads/main/EYed/picsforacs/picture%20match.png,,,,,,,
,playdoughanimals,,https://raw.githubusercontent.com/boobalootoo/things/refs/heads/main/EYed/picsforacs/playdoughanimals.png,,,,,,,
,playdoughconstellations,,https://raw.githubusercontent.com/boobalootoo/things/refs/heads/main/EYed/picsforacs/playdoughconstellations.png,,,,,,,
,playdoughdinos,,https://raw.githubusercontent.com/boobalootoo/things/refs/heads/main/EYed/picsforacs/playdoughdinos.png,,,,,,,
,playdoughdinos2,,https://raw.githubusercontent.com/boobalootoo/things/refs/heads/main/EYed/picsforacs/playdoughdinos2.png,,,,,,,
,playdoughdinos3,,https://raw.githubusercontent.com/boobalootoo/things/refs/heads/main/EYed/picsforacs/playdoughdinos3.png,,,,,,,
,playdoughdinos4,,https://raw.githubusercontent.com/boobalootoo/things/refs/heads/main/EYed/picsforacs/playdoughdinos4.png,,,,,,,
,playdoughfruit,,https://raw.githubusercontent.com/boobalootoo/things/refs/heads/main/EYed/picsforacs/playdoughfruit.png,,,,,,,
,playdoughorgans,,https://raw.githubusercontent.com/boobalootoo/things/refs/heads/main/EYed/picsforacs/playdoughorgans.png,,,,,,,
,playdoughshapes,,https://raw.githubusercontent.com/boobalootoo/things/refs/heads/main/EYed/picsforacs/playdoughshapes.png,,,,,,,
,playdoughxmas,,https://raw.githubusercontent.com/boobalootoo/things/refs/heads/main/EYed/picsforacs/playdoughxmas.png,,,,,,,
,pompomgoal,,https://raw.githubusercontent.com/boobalootoo/things/refs/heads/main/EYed/picsforacs/pompomgoal.png,,,,,,,
,pompompatterns,,https://raw.githubusercontent.com/boobalootoo/things/refs/heads/main/EYed/picsforacs/pompompatterns.png,,,,,,,
,potrecipe,,https://raw.githubusercontent.com/boobalootoo/things/refs/heads/main/EYed/picsforacs/potrecipe.png,,,,,,,
,ramp,,https://raw.githubusercontent.com/boobalootoo/things/refs/heads/main/EYed/picsforacs/ramp.png,,,,,,,
,recycling,,https://raw.githubusercontent.com/boobalootoo/things/refs/heads/main/EYed/picsforacs/recycling.png,,,,,,,
,rhymingpairs,,https://raw.githubusercontent.com/boobalootoo/things/refs/heads/main/EYed/picsforacs/rhymingpairs.png,,,,,,,
,robothand,,https://raw.githubusercontent.com/boobalootoo/things/refs/heads/main/EYed/picsforacs/robothand.png,,,,,,,
,sandshapes,,https://raw.githubusercontent.com/boobalootoo/things/refs/heads/main/EYed/picsforacs/sandshapes.png,,,,,,,
,sandwhichbuild,,https://raw.githubusercontent.com/boobalootoo/things/refs/heads/main/EYed/picsforacs/sandwhichbuild.png,,,,,,,
,santatrails,,https://raw.githubusercontent.com/boobalootoo/things/refs/heads/main/EYed/picsforacs/santatrails.png,,,,,,,
,sensematch,,https://raw.githubusercontent.com/boobalootoo/things/refs/heads/main/EYed/picsforacs/sensematch.png,,,,,,,
,sensory toolkit.pdf,,https://raw.githubusercontent.com/boobalootoo/things/refs/heads/main/EYed/picsforacs/sensory%20toolkit.pdf,,,,,,,
,shapedeconstruction,,https://raw.githubusercontent.com/boobalootoo/things/refs/heads/main/EYed/picsforacs/shapedeconstruction.png,,,,,,,
,shapematch,,https://raw.githubusercontent.com/boobalootoo/things/refs/heads/main/EYed/picsforacs/shapematch.png,,,,,,,
,shapesort,,https://raw.githubusercontent.com/boobalootoo/things/refs/heads/main/EYed/picsforacs/shapesort.png,,,,,,,
,shopcount,,https://raw.githubusercontent.com/boobalootoo/things/refs/heads/main/EYed/picsforacs/shopcount.png,,,,,,,
,shopmatch,,https://raw.githubusercontent.com/boobalootoo/things/refs/heads/main/EYed/picsforacs/shopmatch.png,,,,,,,
,shoppinglist,,https://raw.githubusercontent.com/boobalootoo/things/refs/heads/main/EYed/picsforacs/shoppinglist.png,,,,,,,
,sickteddycount,,https://raw.githubusercontent.com/boobalootoo/things/refs/heads/main/EYed/picsforacs/sickteddycount.png,,,,,,,
,sightwordswat,,https://raw.githubusercontent.com/boobalootoo/things/refs/heads/main/EYed/picsforacs/sightwordswat.png,,,,,,,
,smoothierecipes,,https://raw.githubusercontent.com/boobalootoo/things/refs/heads/main/EYed/picsforacs/smoothierecipes.png,,,,,,,
,snailtracing,,https://raw.githubusercontent.com/boobalootoo/things/refs/heads/main/EYed/picsforacs/snailtracing.png,,,,,,,
,splitpinsolarsystem,,https://raw.githubusercontent.com/boobalootoo/things/refs/heads/main/EYed/picsforacs/splitpinsolarsystem.png,,,,,,,
,staticdancers,,https://raw.githubusercontent.com/boobalootoo/things/refs/heads/main/EYed/picsforacs/staticdancers.png,,,,,,,
,stonespelling,,https://raw.githubusercontent.com/boobalootoo/things/refs/heads/main/EYed/picsforacs/stonespelling.png,,,,,,,
,suitcase,,https://raw.githubusercontent.com/boobalootoo/things/refs/heads/main/EYed/picsforacs/suitcase.png,,,,,,,
,lateral thinking questions for kids,,,,,,,,,"1. The Red Knife
Question: Why are many special pocket knives (like Swiss Army knives) colored bright red?
Clue: Imagine you dropped one in the white snow.
Answer: So they are easy to find if you drop them! Red shows up very well against white snow.

2. The Quiet Lollipops
Question: Police officers once started giving free lollipops to noisy people leaving a party late at night. Why did they do that?
Clue: Try to shout while you are eating a sweet!
Answer: It is very hard to be noisy and shout when you are busy sucking on a lollipop. It kept them quiet!

3. Arrow Park
Question: A little girl asked her dad to take her to ""Arrow Park."" He took her to the swings, but she said ""No."" He took her to the slide, but she said ""No."" Finally, he realized she wanted to watch big machines landing from the sky. Where did she want to go?
Answer: The Airport! She thought the airplanes looked like big flying arrows.

4. The Clever Sheep
Question: Farmers put metal bars on the ground (called a cattle grid) to keep sheep inside a field. The sheep are usually too scared to walk on the bars because their feet might slip. But some clever sheep figured out a way to cross them without walking. How did they do it?
Answer: They rolled over them!

5. The Pizza Dots
Question: A pizza place (Domino’s) decided to put a dot on their logo for every new shop they opened. They had one dot, then two dots, then three... but soon they had to stop adding dots. Why?
Answer: They opened too many shops! They couldn't fit thousands of dots on the pizza box.

6. The Snowy Drive
Question: A man drives his small car to work in the morning. But when it is time to go home, he leaves his car at work and drives a giant truck home instead. Why?
Clue: He listened to the weather report and heard it was going to be a white night.
Answer: He drives a snowplow! He knew it was going to snow, so he took the plow home to clear the roads in the morning.

7. How Tall is a Smurf?
Question: You might know how tall you are in feet or centimetres. But in the cartoons, do you know how they measure a Smurf?
Clue: It involves a green fruit you might have in your lunchbox.
Answer: Apples! A Smurf is exactly ""three apples high."""